"union","performance","framing","id","group_id","round","overextraction","observer","overext_observed","report","punished","round_profit"
1,1,1,"32111","121",1,25,NA,NA,NA,NA,930
1,1,1,"64211","111",1,15,NA,NA,NA,NA,1050
1,1,1,"96311","121",1,50,NA,NA,NA,NA,1300
1,1,1,"128411","111",1,0,NA,NA,NA,NA,820
1,1,1,"160511","111",1,0,NA,NA,NA,NA,820
1,1,1,"192611","121",1,0,NA,NA,NA,NA,550
1,1,1,"224711","121",1,2,NA,NA,NA,NA,580
1,1,1,"256811","121",1,12,NA,NA,NA,NA,730
1,1,1,"288911","111",1,0,NA,NA,NA,NA,820
1,1,1,"321011","111",1,20,NA,NA,NA,NA,1120
1,1,1,"32111","121",2,40,NA,NA,NA,NA,1070
1,1,1,"64211","111",2,15,NA,NA,NA,NA,970
1,1,1,"96311","121",2,50,NA,NA,NA,NA,1220
1,1,1,"128411","111",2,5,NA,NA,NA,NA,820
1,1,1,"160511","111",2,0,NA,NA,NA,NA,750
1,1,1,"192611","121",2,0,NA,NA,NA,NA,470
1,1,1,"224711","121",2,3,NA,NA,NA,NA,520
1,1,1,"256811","121",2,12,NA,NA,NA,NA,650
1,1,1,"288911","111",2,10,NA,NA,NA,NA,900
1,1,1,"321011","111",2,20,NA,NA,NA,NA,1050
1,1,1,"32111","121",3,30,NA,NA,NA,NA,980
1,1,1,"64211","111",3,25,NA,NA,NA,NA,1000
1,1,1,"96311","121",3,50,NA,NA,NA,NA,1280
1,1,1,"128411","111",3,5,NA,NA,NA,NA,700
1,1,1,"160511","111",3,0,NA,NA,NA,NA,620
1,1,1,"192611","121",3,0,NA,NA,NA,NA,530
1,1,1,"224711","121",3,2,NA,NA,NA,NA,560
1,1,1,"256811","121",3,12,NA,NA,NA,NA,710
1,1,1,"288911","111",3,25,NA,NA,NA,NA,1000
1,1,1,"321011","111",3,20,NA,NA,NA,NA,920
1,1,1,"32111","121",4,45,NA,NA,NA,NA,1130
1,1,1,"64211","111",4,20,NA,NA,NA,NA,900
1,1,1,"96311","121",4,50,NA,NA,NA,NA,1210
1,1,1,"128411","111",4,5,NA,NA,NA,NA,680
1,1,1,"160511","111",4,0,NA,NA,NA,NA,600
1,1,1,"192611","121",4,0,NA,NA,NA,NA,460
1,1,1,"224711","121",4,1,NA,NA,NA,NA,470
1,1,1,"256811","121",4,12,NA,NA,NA,NA,640
1,1,1,"288911","111",4,4,NA,NA,NA,NA,660
1,1,1,"321011","111",4,50,NA,NA,NA,NA,1350
1,1,1,"32111","121",5,35,NA,NA,NA,NA,1010
1,1,1,"64211","111",5,45,NA,NA,NA,NA,930
1,1,1,"96311","121",5,50,NA,NA,NA,NA,1230
1,1,1,"128411","111",5,5,NA,NA,NA,NA,330
1,1,1,"160511","111",5,0,NA,NA,NA,NA,260
1,1,1,"192611","121",5,0,NA,NA,NA,NA,480
1,1,1,"224711","121",5,3,NA,NA,NA,NA,530
1,1,1,"256811","121",5,15,NA,NA,NA,NA,710
1,1,1,"288911","111",5,48,NA,NA,NA,NA,980
1,1,1,"321011","111",5,50,NA,NA,NA,NA,1010
1,1,1,"32111","121",6,40,NA,NA,NA,NA,1060
1,1,1,"64211","111",6,50,NA,NA,NA,NA,1030
1,1,1,"96311","121",6,50,NA,NA,NA,NA,1210
1,1,1,"128411","111",6,5,NA,NA,NA,NA,350
1,1,1,"160511","111",6,0,NA,NA,NA,NA,280
1,1,1,"192611","121",6,0,NA,NA,NA,NA,460
1,1,1,"224711","121",6,3,NA,NA,NA,NA,500
1,1,1,"256811","121",6,15,NA,NA,NA,NA,680
1,1,1,"288911","111",6,49,NA,NA,NA,NA,1010
1,1,1,"321011","111",6,40,NA,NA,NA,NA,880
1,1,1,"32111","121",7,50,NA,NA,NA,NA,1160
1,1,1,"64211","111",7,50,NA,NA,NA,NA,1040
1,1,1,"96311","121",7,50,NA,NA,NA,NA,1160
1,1,1,"128411","111",7,5,NA,NA,NA,NA,360
1,1,1,"160511","111",7,0,NA,NA,NA,NA,290
1,1,1,"192611","121",7,0,NA,NA,NA,NA,410
1,1,1,"224711","121",7,2,NA,NA,NA,NA,440
1,1,1,"256811","121",7,15,NA,NA,NA,NA,640
1,1,1,"288911","111",7,47,NA,NA,NA,NA,990
1,1,1,"321011","111",7,40,NA,NA,NA,NA,890
1,1,1,"32111","121",8,30,NA,NA,NA,NA,910
1,1,1,"64211","111",8,50,NA,NA,NA,NA,970
1,1,1,"96311","121",8,50,NA,NA,NA,NA,1210
1,1,1,"128411","111",8,20,NA,NA,NA,NA,520
1,1,1,"160511","111",8,0,NA,NA,NA,NA,220
1,1,1,"192611","121",8,0,NA,NA,NA,NA,460
1,1,1,"224711","121",8,3,NA,NA,NA,NA,500
1,1,1,"256811","121",8,25,NA,NA,NA,NA,830
1,1,1,"288911","111",8,46,NA,NA,NA,NA,910
1,1,1,"321011","111",8,40,NA,NA,NA,NA,820
1,1,1,"32111","121",9,50,NA,NA,NA,NA,1110
1,1,1,"64211","111",9,40,NA,NA,NA,NA,850
1,1,1,"96311","121",9,50,NA,NA,NA,NA,1110
1,1,1,"128411","111",9,20,NA,NA,NA,NA,550
1,1,1,"160511","111",9,0,NA,NA,NA,NA,250
1,1,1,"192611","121",9,0,NA,NA,NA,NA,360
1,1,1,"224711","121",9,2,NA,NA,NA,NA,390
1,1,1,"256811","121",9,25,NA,NA,NA,NA,740
1,1,1,"288911","111",9,45,NA,NA,NA,NA,920
1,1,1,"321011","111",9,45,NA,NA,NA,NA,920
1,1,1,"32111","121",10,50,NA,NA,NA,NA,1110
1,1,1,"64211","111",10,40,NA,NA,NA,NA,930
1,1,1,"96311","121",10,50,NA,NA,NA,NA,1110
1,1,1,"128411","111",10,5,NA,NA,NA,NA,410
1,1,1,"160511","111",10,0,NA,NA,NA,NA,330
1,1,1,"192611","121",10,0,NA,NA,NA,NA,360
1,1,1,"224711","121",10,3,NA,NA,NA,NA,400
1,1,1,"256811","121",10,25,NA,NA,NA,NA,730
1,1,1,"288911","111",10,48,NA,NA,NA,NA,1050
1,1,1,"321011","111",10,40,NA,NA,NA,NA,930
1,1,1,"32111","121",11,25,0,NA,NA,1,0
1,1,1,"64211","111",11,30,-1,NA,NA,NA,950
1,1,1,"96311","121",11,50,1,3,0,NA,1610
1,1,1,"128411","111",11,5,1,0,0,NA,570
1,1,1,"160511","111",11,0,0,NA,NA,0,500
1,1,1,"192611","121",11,0,-1,NA,NA,NA,610
1,1,1,"224711","121",11,3,0,NA,NA,0,650
1,1,1,"256811","121",11,0,1,25,1,NA,610
1,1,1,"288911","111",11,25,1,40,1,NA,870
1,1,1,"321011","111",11,40,0,NA,NA,1,0
1,1,1,"32111","121",12,0,1,0,0,NA,740
1,1,1,"64211","111",12,35,1,0,0,NA,1100
1,1,1,"96311","121",12,50,1,0,0,NA,1490
1,1,1,"128411","111",12,5,-1,NA,NA,NA,650
1,1,1,"160511","111",12,0,0,NA,NA,0,570
1,1,1,"192611","121",12,0,0,NA,NA,0,740
1,1,1,"224711","121",12,2,-1,NA,NA,NA,770
1,1,1,"256811","121",12,0,0,NA,NA,0,740
1,1,1,"288911","111",12,45,0,NA,NA,1,0
1,1,1,"321011","111",12,0,1,45,1,NA,570
1,1,1,"32111","121",13,30,-1,NA,NA,NA,1030
1,1,1,"64211","111",13,35,1,0,0,NA,1080
1,1,1,"96311","121",13,50,0,NA,NA,1,0
1,1,1,"128411","111",13,5,0,NA,NA,1,0
1,1,1,"160511","111",13,0,0,NA,NA,0,560
1,1,1,"192611","121",13,0,0,NA,NA,0,580
1,1,1,"224711","121",13,3,1,50,1,NA,630
1,1,1,"256811","121",13,0,1,0,0,NA,580
1,1,1,"288911","111",13,48,1,5,1,NA,1280
1,1,1,"321011","111",13,0,-1,NA,NA,NA,560
1,1,1,"32111","121",14,40,-1,NA,NA,NA,1140
1,1,1,"64211","111",14,35,0,NA,NA,0,1090
1,1,1,"96311","121",14,50,1,0,0,NA,1290
1,1,1,"128411","111",14,5,-1,NA,NA,NA,640
1,1,1,"160511","111",14,0,1,35,0,NA,820
1,1,1,"192611","121",14,0,0,NA,NA,0,540
1,1,1,"224711","121",14,2,1,0,0,NA,570
1,1,1,"256811","121",14,0,0,NA,NA,0,540
1,1,1,"288911","111",14,46,0,NA,NA,0,1260
1,1,1,"321011","111",14,0,1,46,0,NA,820
1,1,1,"32111","121",15,40,0,NA,NA,1,0
1,1,1,"64211","111",15,35,0,NA,NA,1,0
1,1,1,"96311","121",15,50,1,0,0,NA,1280
1,1,1,"128411","111",15,0,1,0,0,NA,590
1,1,1,"160511","111",15,0,-1,NA,NA,NA,590
1,1,1,"192611","121",15,0,0,NA,NA,0,530
1,1,1,"224711","121",15,3,1,40,1,NA,580
1,1,1,"256811","121",15,0,-1,NA,NA,NA,530
1,1,1,"288911","111",15,46,1,35,1,NA,1280
1,1,1,"321011","111",15,0,0,NA,NA,0,590
1,1,1,"32111","121",16,30,1,3,1,NA,1030
1,1,1,"64211","111",16,35,0,NA,NA,0,1130
1,1,1,"96311","121",16,50,1,0,0,NA,1330
1,1,1,"128411","111",16,0,-1,NA,NA,NA,610
1,1,1,"160511","111",16,0,1,35,0,NA,860
1,1,1,"192611","121",16,0,-1,NA,NA,NA,580
1,1,1,"224711","121",16,3,0,NA,NA,1,0
1,1,1,"256811","121",16,0,0,NA,NA,0,580
1,1,1,"288911","111",16,43,0,NA,NA,1,0
1,1,1,"321011","111",16,0,1,43,1,NA,610
1,1,1,"32111","121",17,30,-1,NA,NA,NA,1040
1,1,1,"64211","111",17,35,-1,NA,NA,NA,1120
1,1,1,"96311","121",17,50,1,2,0,NA,1590
1,1,1,"128411","111",17,5,0,NA,NA,1,0
1,1,1,"160511","111",17,0,1,41,0,NA,840
1,1,1,"192611","121",17,0,0,NA,NA,0,590
1,1,1,"224711","121",17,2,0,NA,NA,0,620
1,1,1,"256811","121",17,0,1,0,0,NA,590
1,1,1,"288911","111",17,41,0,NA,NA,0,1210
1,1,1,"321011","111",17,0,1,5,1,NA,590
1,1,1,"32111","121",18,25,1,0,0,NA,980
1,1,1,"64211","111",18,50,1,35,1,NA,1070
1,1,1,"96311","121",18,50,1,0,0,NA,1360
1,1,1,"128411","111",18,50,-1,NA,NA,NA,1070
1,1,1,"160511","111",18,0,1,0,0,NA,320
1,1,1,"192611","121",18,0,0,NA,NA,0,610
1,1,1,"224711","121",18,3,-1,NA,NA,NA,650
1,1,1,"256811","121",18,0,0,NA,NA,0,610
1,1,1,"288911","111",18,35,0,NA,NA,1,0
1,1,1,"321011","111",18,0,0,NA,NA,0,320
1,1,1,"32111","121",19,40,0,NA,NA,1,0
1,1,1,"64211","111",19,50,0,NA,NA,1,0
1,1,1,"96311","121",19,50,1,0,0,NA,1280
1,1,1,"128411","111",19,5,0,NA,NA,1,0
1,1,1,"160511","111",19,0,-1,NA,NA,NA,520
1,1,1,"192611","121",19,0,0,NA,NA,0,530
1,1,1,"224711","121",19,3,1,40,1,NA,580
1,1,1,"256811","121",19,0,-1,NA,NA,NA,530
1,1,1,"288911","111",19,41,1,50,1,NA,1130
1,1,1,"321011","111",19,0,1,5,1,NA,520
1,1,1,"32111","121",20,30,1,0,0,NA,1030
1,1,1,"64211","111",20,50,1,0,0,NA,1410
1,1,1,"96311","121",20,50,1,3,0,NA,1580
1,1,1,"128411","111",20,5,0,NA,NA,0,740
1,1,1,"160511","111",20,0,1,5,0,NA,910
1,1,1,"192611","121",20,0,-1,NA,NA,NA,580
1,1,1,"224711","121",20,3,0,NA,NA,0,630
1,1,1,"256811","121",20,0,0,NA,NA,0,580
1,1,1,"288911","111",20,12,-1,NA,NA,NA,840
1,1,1,"321011","111",20,0,0,NA,NA,0,660
1,1,2,"32112","112",1,50,NA,NA,NA,NA,620
1,1,2,"64212","122",1,0,NA,NA,NA,NA,590
1,1,2,"96312","122",1,5,NA,NA,NA,NA,670
1,1,2,"128412","122",1,50,NA,NA,NA,NA,1340
1,1,2,"160512","112",1,45,NA,NA,NA,NA,550
1,1,2,"192612","122",1,25,NA,NA,NA,NA,970
1,1,2,"224712","122",1,1,NA,NA,NA,NA,610
1,1,2,"256812","112",1,50,NA,NA,NA,NA,620
1,1,2,"288912","112",1,40,NA,NA,NA,NA,470
1,1,2,"321012","112",1,40,NA,NA,NA,NA,470
1,1,2,"32112","112",2,50,NA,NA,NA,NA,900
1,1,2,"64212","122",2,0,NA,NA,NA,NA,710
1,1,2,"96312","122",2,5,NA,NA,NA,NA,780
1,1,2,"128412","122",2,50,NA,NA,NA,NA,1460
1,1,2,"160512","112",2,40,NA,NA,NA,NA,750
1,1,2,"192612","122",2,1,NA,NA,NA,NA,720
1,1,2,"224712","122",2,2,NA,NA,NA,NA,740
1,1,2,"256812","112",2,40,NA,NA,NA,NA,750
1,1,2,"288912","112",2,10,NA,NA,NA,NA,300
1,1,2,"321012","112",2,30,NA,NA,NA,NA,600
1,1,2,"32112","112",3,50,NA,NA,NA,NA,800
1,1,2,"64212","122",3,0,NA,NA,NA,NA,520
1,1,2,"96312","122",3,5,NA,NA,NA,NA,590
1,1,2,"128412","122",3,50,NA,NA,NA,NA,1270
1,1,2,"160512","112",3,40,NA,NA,NA,NA,650
1,1,2,"192612","122",3,25,NA,NA,NA,NA,890
1,1,2,"224712","122",3,16,NA,NA,NA,NA,760
1,1,2,"256812","112",3,30,NA,NA,NA,NA,500
1,1,2,"288912","112",3,50,NA,NA,NA,NA,800
1,1,2,"321012","112",3,20,NA,NA,NA,NA,350
1,1,2,"32112","112",4,50,NA,NA,NA,NA,720
1,1,2,"64212","122",4,0,NA,NA,NA,NA,540
1,1,2,"96312","122",4,5,NA,NA,NA,NA,610
1,1,2,"128412","122",4,50,NA,NA,NA,NA,1290
1,1,2,"160512","112",4,35,NA,NA,NA,NA,500
1,1,2,"192612","122",4,25,NA,NA,NA,NA,910
1,1,2,"224712","122",4,12,NA,NA,NA,NA,720
1,1,2,"256812","112",4,30,NA,NA,NA,NA,420
1,1,2,"288912","112",4,50,NA,NA,NA,NA,720
1,1,2,"321012","112",4,40,NA,NA,NA,NA,570
1,1,2,"32112","112",5,50,NA,NA,NA,NA,870
1,1,2,"64212","122",5,0,NA,NA,NA,NA,660
1,1,2,"96312","122",5,5,NA,NA,NA,NA,730
1,1,2,"128412","122",5,50,NA,NA,NA,NA,1410
1,1,2,"160512","112",5,25,NA,NA,NA,NA,500
1,1,2,"192612","122",5,1,NA,NA,NA,NA,670
1,1,2,"224712","122",5,12,NA,NA,NA,NA,840
1,1,2,"256812","112",5,10,NA,NA,NA,NA,270
1,1,2,"288912","112",5,50,NA,NA,NA,NA,870
1,1,2,"321012","112",5,40,NA,NA,NA,NA,720
1,1,2,"32112","112",6,50,NA,NA,NA,NA,760
1,1,2,"64212","122",6,20,NA,NA,NA,NA,780
1,1,2,"96312","122",6,5,NA,NA,NA,NA,550
1,1,2,"128412","122",6,50,NA,NA,NA,NA,1230
1,1,2,"160512","112",6,48,NA,NA,NA,NA,730
1,1,2,"192612","122",6,15,NA,NA,NA,NA,700
1,1,2,"224712","122",6,14,NA,NA,NA,NA,690
1,1,2,"256812","112",6,10,NA,NA,NA,NA,160
1,1,2,"288912","112",6,50,NA,NA,NA,NA,760
1,1,2,"321012","112",6,40,NA,NA,NA,NA,610
1,1,2,"32112","112",7,50,NA,NA,NA,NA,880
1,1,2,"64212","122",7,20,NA,NA,NA,NA,560
1,1,2,"96312","122",7,10,NA,NA,NA,NA,410
1,1,2,"128412","122",7,50,NA,NA,NA,NA,1010
1,1,2,"160512","112",7,38,NA,NA,NA,NA,700
1,1,2,"192612","122",7,25,NA,NA,NA,NA,640
1,1,2,"224712","122",7,42,NA,NA,NA,NA,890
1,1,2,"256812","112",7,5,NA,NA,NA,NA,210
1,1,2,"288912","112",7,40,NA,NA,NA,NA,730
1,1,2,"321012","112",7,40,NA,NA,NA,NA,730
1,1,2,"32112","112",8,50,NA,NA,NA,NA,780
1,1,2,"64212","122",8,20,NA,NA,NA,NA,820
1,1,2,"96312","122",8,0,NA,NA,NA,NA,520
1,1,2,"128412","122",8,50,NA,NA,NA,NA,1270
1,1,2,"160512","112",8,50,NA,NA,NA,NA,780
1,1,2,"192612","122",8,15,NA,NA,NA,NA,740
1,1,2,"224712","122",8,11,NA,NA,NA,NA,680
1,1,2,"256812","112",8,4,NA,NA,NA,NA,90
1,1,2,"288912","112",8,50,NA,NA,NA,NA,780
1,1,2,"321012","112",8,40,NA,NA,NA,NA,630
1,1,2,"32112","112",9,50,NA,NA,NA,NA,830
1,1,2,"64212","122",9,20,NA,NA,NA,NA,780
1,1,2,"96312","122",9,2,NA,NA,NA,NA,510
1,1,2,"128412","122",9,45,NA,NA,NA,NA,1150
1,1,2,"160512","112",9,40,NA,NA,NA,NA,680
1,1,2,"192612","122",9,25,NA,NA,NA,NA,850
1,1,2,"224712","122",9,12,NA,NA,NA,NA,660
1,1,2,"256812","112",9,3,NA,NA,NA,NA,130
1,1,2,"288912","112",9,50,NA,NA,NA,NA,830
1,1,2,"321012","112",9,40,NA,NA,NA,NA,680
1,1,2,"32112","112",10,50,NA,NA,NA,NA,770
1,1,2,"64212","122",10,20,NA,NA,NA,NA,770
1,1,2,"96312","122",10,0,NA,NA,NA,NA,470
1,1,2,"128412","122",10,50,NA,NA,NA,NA,1220
1,1,2,"160512","112",10,30,NA,NA,NA,NA,470
1,1,2,"192612","122",10,15,NA,NA,NA,NA,700
1,1,2,"224712","122",10,20,NA,NA,NA,NA,770
1,1,2,"256812","112",10,25,NA,NA,NA,NA,400
1,1,2,"288912","112",10,50,NA,NA,NA,NA,770
1,1,2,"321012","112",10,40,NA,NA,NA,NA,620
1,1,2,"32112","112",11,50,0,NA,NA,1,0
1,1,2,"64212","122",11,0,-1,NA,NA,NA,690
1,1,2,"96312","122",11,5,0,NA,NA,0,770
1,1,2,"128412","122",11,40,1,15,1,NA,1290
1,1,2,"160512","112",11,35,1,40,0,NA,850
1,1,2,"192612","122",11,15,0,NA,NA,1,0
1,1,2,"224712","122",11,1,1,5,0,NA,960
1,1,2,"256812","112",11,10,-1,NA,NA,NA,220
1,1,2,"288912","112",11,50,1,50,1,NA,820
1,1,2,"321012","112",11,40,0,NA,NA,0,670
1,1,2,"32112","112",12,50,0,NA,NA,0,950
1,1,2,"64212","122",12,0,0,NA,NA,0,660
1,1,2,"96312","122",12,5,0,NA,NA,1,0
1,1,2,"128412","122",12,35,-1,NA,NA,NA,1190
1,1,2,"160512","112",12,25,1,40,1,NA,570
1,1,2,"192612","122",12,15,1,5,1,NA,890
1,1,2,"224712","122",12,12,1,0,0,NA,840
1,1,2,"256812","112",12,5,-1,NA,NA,NA,270
1,1,2,"288912","112",12,40,0,NA,NA,1,0
1,1,2,"321012","112",12,40,1,50,0,NA,1050
1,1,2,"32112","112",13,50,1,50,0,NA,1150
1,1,2,"64212","122",13,0,-1,NA,NA,NA,590
1,1,2,"96312","122",13,0,0,NA,NA,0,590
1,1,2,"128412","122",13,45,1,0,0,NA,1260
1,1,2,"160512","112",13,25,0,NA,NA,0,530
1,1,2,"192612","122",13,25,0,NA,NA,1,0
1,1,2,"224712","122",13,12,1,25,1,NA,770
1,1,2,"256812","112",13,4,-1,NA,NA,NA,210
1,1,2,"288912","112",13,50,0,NA,NA,0,900
1,1,2,"321012","112",13,40,1,25,0,NA,1000
1,1,2,"32112","112",14,50,-1,NA,NA,NA,830
1,1,2,"64212","122",14,0,1,50,0,NA,860
1,1,2,"96312","122",14,0,1,12,1,NA,610
1,1,2,"128412","122",14,50,0,NA,NA,0,1360
1,1,2,"160512","112",14,40,1,40,0,NA,930
1,1,2,"192612","122",14,15,-1,NA,NA,NA,840
1,1,2,"224712","122",14,12,0,NA,NA,1,0
1,1,2,"256812","112",14,3,0,NA,NA,0,130
1,1,2,"288912","112",14,50,1,3,0,NA,1080
1,1,2,"321012","112",14,40,0,NA,NA,0,680
1,1,2,"32112","112",15,50,1,0,0,NA,970
1,1,2,"64212","122",15,0,-1,NA,NA,NA,640
1,1,2,"96312","122",15,0,0,NA,NA,0,640
1,1,2,"128412","122",15,45,1,25,0,NA,1560
1,1,2,"160512","112",15,15,0,NA,NA,0,450
1,1,2,"192612","122",15,25,0,NA,NA,0,1010
1,1,2,"224712","122",15,2,1,0,0,NA,670
1,1,2,"256812","112",15,0,0,NA,NA,0,220
1,1,2,"288912","112",15,50,-1,NA,NA,NA,970
1,1,2,"321012","112",15,40,1,15,0,NA,1070
1,1,2,"32112","112",16,50,0,NA,NA,0,860
1,1,2,"64212","122",16,0,1,25,0,NA,870
1,1,2,"96312","122",16,0,-1,NA,NA,NA,620
1,1,2,"128412","122",16,50,0,NA,NA,0,1370
1,1,2,"160512","112",16,38,0,NA,NA,0,680
1,1,2,"192612","122",16,25,0,NA,NA,0,990
1,1,2,"224712","122",16,1,1,50,0,NA,880
1,1,2,"256812","112",16,0,1,50,0,NA,360
1,1,2,"288912","112",16,50,-1,NA,NA,NA,860
1,1,2,"321012","112",16,40,1,38,0,NA,960
1,1,2,"32112","112",17,50,-1,NA,NA,NA,850
1,1,2,"64212","122",17,0,1,45,0,NA,920
1,1,2,"96312","122",17,0,0,NA,NA,0,670
1,1,2,"128412","122",17,45,0,NA,NA,0,1350
1,1,2,"160512","112",17,40,1,40,0,NA,950
1,1,2,"192612","122",17,0,1,0,0,NA,670
1,1,2,"224712","122",17,20,-1,NA,NA,NA,970
1,1,2,"256812","112",17,0,0,NA,NA,0,100
1,1,2,"288912","112",17,50,1,0,0,NA,850
1,1,2,"321012","112",17,40,0,NA,NA,0,700
1,1,2,"32112","112",18,50,-1,NA,NA,NA,550
1,1,2,"64212","122",18,0,1,0,0,NA,610
1,1,2,"96312","122",18,0,0,NA,NA,0,610
1,1,2,"128412","122",18,50,0,NA,NA,1,0
1,1,2,"160512","112",18,50,0,NA,NA,0,550
1,1,2,"192612","122",18,25,1,50,1,NA,980
1,1,2,"224712","122",18,3,-1,NA,NA,NA,650
1,1,2,"256812","112",18,50,1,50,0,NA,800
1,1,2,"288912","112",18,50,0,NA,NA,0,550
1,1,2,"321012","112",18,40,1,50,0,NA,650
1,1,2,"32112","112",19,50,0,NA,NA,0,570
1,1,2,"64212","122",19,0,1,25,0,NA,850
1,1,2,"96312","122",19,0,-1,NA,NA,NA,600
1,1,2,"128412","122",19,40,0,NA,NA,1,0
1,1,2,"160512","112",19,45,1,50,0,NA,750
1,1,2,"192612","122",19,25,0,NA,NA,0,970
1,1,2,"224712","122",19,15,1,40,1,NA,820
1,1,2,"256812","112",19,50,1,40,0,NA,820
1,1,2,"288912","112",19,50,-1,NA,NA,NA,570
1,1,2,"321012","112",19,40,0,NA,NA,0,420
1,1,2,"32112","112",20,50,1,40,0,NA,970
1,1,2,"64212","122",20,0,0,NA,NA,0,730
1,1,2,"96312","122",20,0,1,0,0,NA,730
1,1,2,"128412","122",20,10,0,NA,NA,1,0
1,1,2,"160512","112",20,15,-1,NA,NA,NA,200
1,1,2,"192612","122",20,25,-1,NA,NA,NA,1110
1,1,2,"224712","122",20,18,1,10,1,NA,1000
1,1,2,"256812","112",20,50,1,50,0,NA,970
1,1,2,"288912","112",20,50,0,NA,NA,0,720
1,1,2,"321012","112",20,40,0,NA,NA,0,570
2,1,1,"32121","221",1,0,NA,NA,NA,NA,990
2,1,1,"64221","211",1,0,NA,NA,NA,NA,1000
2,1,1,"96321","221",1,0,NA,NA,NA,NA,990
2,1,1,"128421","221",1,2,NA,NA,NA,NA,1020
2,1,1,"160521","211",1,0,NA,NA,NA,NA,1000
2,1,1,"192621","211",1,0,NA,NA,NA,NA,1000
2,1,1,"224721","211",1,0,NA,NA,NA,NA,1000
2,1,1,"256821","221",1,0,NA,NA,NA,NA,990
2,1,1,"288921","211",1,0,NA,NA,NA,NA,1000
2,1,1,"321021","221",1,0,NA,NA,NA,NA,990
2,1,1,"32121","221",2,0,NA,NA,NA,NA,990
2,1,1,"64221","211",2,0,NA,NA,NA,NA,1000
2,1,1,"96321","221",2,0,NA,NA,NA,NA,990
2,1,1,"128421","221",2,1,NA,NA,NA,NA,1000
2,1,1,"160521","211",2,0,NA,NA,NA,NA,1000
2,1,1,"192621","211",2,0,NA,NA,NA,NA,1000
2,1,1,"224721","211",2,0,NA,NA,NA,NA,1000
2,1,1,"256821","221",2,1,NA,NA,NA,NA,1000
2,1,1,"288921","211",2,0,NA,NA,NA,NA,1000
2,1,1,"321021","221",2,0,NA,NA,NA,NA,990
2,1,1,"32121","221",3,0,NA,NA,NA,NA,980
2,1,1,"64221","211",3,0,NA,NA,NA,NA,1000
2,1,1,"96321","221",3,0,NA,NA,NA,NA,980
2,1,1,"128421","221",3,2,NA,NA,NA,NA,1010
2,1,1,"160521","211",3,0,NA,NA,NA,NA,1000
2,1,1,"192621","211",3,0,NA,NA,NA,NA,1000
2,1,1,"224721","211",3,0,NA,NA,NA,NA,1000
2,1,1,"256821","221",3,1,NA,NA,NA,NA,1000
2,1,1,"288921","211",3,0,NA,NA,NA,NA,1000
2,1,1,"321021","221",3,0,NA,NA,NA,NA,980
2,1,1,"32121","221",4,0,NA,NA,NA,NA,990
2,1,1,"64221","211",4,0,NA,NA,NA,NA,1000
2,1,1,"96321","221",4,0,NA,NA,NA,NA,990
2,1,1,"128421","221",4,0,NA,NA,NA,NA,990
2,1,1,"160521","211",4,0,NA,NA,NA,NA,1000
2,1,1,"192621","211",4,0,NA,NA,NA,NA,1000
2,1,1,"224721","211",4,0,NA,NA,NA,NA,1000
2,1,1,"256821","221",4,1,NA,NA,NA,NA,1010
2,1,1,"288921","211",4,0,NA,NA,NA,NA,1000
2,1,1,"321021","221",4,0,NA,NA,NA,NA,990
2,1,1,"32121","221",5,0,NA,NA,NA,NA,980
2,1,1,"64221","211",5,0,NA,NA,NA,NA,1000
2,1,1,"96321","221",5,0,NA,NA,NA,NA,980
2,1,1,"128421","221",5,2,NA,NA,NA,NA,1010
2,1,1,"160521","211",5,0,NA,NA,NA,NA,1000
2,1,1,"192621","211",5,0,NA,NA,NA,NA,1000
2,1,1,"224721","211",5,0,NA,NA,NA,NA,1000
2,1,1,"256821","221",5,1,NA,NA,NA,NA,1000
2,1,1,"288921","211",5,0,NA,NA,NA,NA,1000
2,1,1,"321021","221",5,0,NA,NA,NA,NA,980
2,1,1,"32121","221",6,0,NA,NA,NA,NA,970
2,1,1,"64221","211",6,0,NA,NA,NA,NA,1000
2,1,1,"96321","221",6,0,NA,NA,NA,NA,970
2,1,1,"128421","221",6,5,NA,NA,NA,NA,1040
2,1,1,"160521","211",6,0,NA,NA,NA,NA,1000
2,1,1,"192621","211",6,0,NA,NA,NA,NA,1000
2,1,1,"224721","211",6,0,NA,NA,NA,NA,1000
2,1,1,"256821","221",6,1,NA,NA,NA,NA,980
2,1,1,"288921","211",6,0,NA,NA,NA,NA,1000
2,1,1,"321021","221",6,0,NA,NA,NA,NA,970
2,1,1,"32121","221",7,0,NA,NA,NA,NA,980
2,1,1,"64221","211",7,0,NA,NA,NA,NA,1000
2,1,1,"96321","221",7,0,NA,NA,NA,NA,980
2,1,1,"128421","221",7,2,NA,NA,NA,NA,1010
2,1,1,"160521","211",7,0,NA,NA,NA,NA,1000
2,1,1,"192621","211",7,0,NA,NA,NA,NA,1000
2,1,1,"224721","211",7,0,NA,NA,NA,NA,1000
2,1,1,"256821","221",7,1,NA,NA,NA,NA,1000
2,1,1,"288921","211",7,0,NA,NA,NA,NA,1000
2,1,1,"321021","221",7,0,NA,NA,NA,NA,980
2,1,1,"32121","221",8,0,NA,NA,NA,NA,970
2,1,1,"64221","211",8,0,NA,NA,NA,NA,1000
2,1,1,"96321","221",8,0,NA,NA,NA,NA,970
2,1,1,"128421","221",8,4,NA,NA,NA,NA,1030
2,1,1,"160521","211",8,0,NA,NA,NA,NA,1000
2,1,1,"192621","211",8,0,NA,NA,NA,NA,1000
2,1,1,"224721","211",8,0,NA,NA,NA,NA,1000
2,1,1,"256821","221",8,1,NA,NA,NA,NA,990
2,1,1,"288921","211",8,0,NA,NA,NA,NA,1000
2,1,1,"321021","221",8,0,NA,NA,NA,NA,970
2,1,1,"32121","221",9,0,NA,NA,NA,NA,980
2,1,1,"64221","211",9,0,NA,NA,NA,NA,1000
2,1,1,"96321","221",9,0,NA,NA,NA,NA,980
2,1,1,"128421","221",9,3,NA,NA,NA,NA,1020
2,1,1,"160521","211",9,0,NA,NA,NA,NA,1000
2,1,1,"192621","211",9,0,NA,NA,NA,NA,1000
2,1,1,"224721","211",9,0,NA,NA,NA,NA,1000
2,1,1,"256821","221",9,1,NA,NA,NA,NA,990
2,1,1,"288921","211",9,0,NA,NA,NA,NA,1000
2,1,1,"321021","221",9,0,NA,NA,NA,NA,980
2,1,1,"32121","221",10,0,NA,NA,NA,NA,970
2,1,1,"64221","211",10,0,NA,NA,NA,NA,1000
2,1,1,"96321","221",10,0,NA,NA,NA,NA,970
2,1,1,"128421","221",10,4,NA,NA,NA,NA,1030
2,1,1,"160521","211",10,0,NA,NA,NA,NA,1000
2,1,1,"192621","211",10,0,NA,NA,NA,NA,1000
2,1,1,"224721","211",10,0,NA,NA,NA,NA,1000
2,1,1,"256821","221",10,1,NA,NA,NA,NA,990
2,1,1,"288921","211",10,0,NA,NA,NA,NA,1000
2,1,1,"321021","221",10,0,NA,NA,NA,NA,970
2,1,1,"32121","221",11,0,1,0,0,NA,1000
2,1,1,"64221","211",11,0,0,NA,NA,0,1000
2,1,1,"96321","221",11,0,0,NA,NA,0,1000
2,1,1,"128421","221",11,0,0,NA,NA,0,1000
2,1,1,"160521","211",11,0,-1,NA,NA,NA,1000
2,1,1,"192621","211",11,0,1,0,0,NA,1000
2,1,1,"224721","211",11,0,1,0,0,NA,1000
2,1,1,"256821","221",11,0,-1,NA,NA,NA,1000
2,1,1,"288921","211",11,0,0,NA,NA,0,1000
2,1,1,"321021","221",11,0,1,0,0,NA,1000
2,1,1,"32121","221",12,0,1,40,1,NA,790
2,1,1,"64221","211",12,0,1,0,0,NA,1000
2,1,1,"96321","221",12,0,1,1,1,NA,790
2,1,1,"128421","221",12,40,0,NA,NA,1,0
2,1,1,"160521","211",12,0,-1,NA,NA,NA,1000
2,1,1,"192621","211",12,0,0,NA,NA,0,1000
2,1,1,"224721","211",12,0,0,NA,NA,0,1000
2,1,1,"256821","221",12,1,0,NA,NA,1,0
2,1,1,"288921","211",12,0,1,0,0,NA,1000
2,1,1,"321021","221",12,0,-1,NA,NA,NA,790
2,1,1,"32121","221",13,0,-1,NA,NA,NA,740
2,1,1,"64221","211",13,0,-1,NA,NA,NA,1000
2,1,1,"96321","221",13,0,0,NA,NA,0,740
2,1,1,"128421","221",13,50,1,0,0,NA,1490
2,1,1,"160521","211",13,0,1,0,0,NA,1000
2,1,1,"192621","211",13,0,0,NA,NA,0,1000
2,1,1,"224721","211",13,0,0,NA,NA,0,1000
2,1,1,"256821","221",13,1,0,NA,NA,1,0
2,1,1,"288921","211",13,0,1,0,0,NA,1000
2,1,1,"321021","221",13,0,1,1,1,NA,740
2,1,1,"32121","221",14,0,-1,NA,NA,NA,990
2,1,1,"64221","211",14,0,0,NA,NA,0,1000
2,1,1,"96321","221",14,0,1,1,1,NA,990
2,1,1,"128421","221",14,0,1,0,0,NA,990
2,1,1,"160521","211",14,0,1,0,0,NA,1000
2,1,1,"192621","211",14,0,-1,NA,NA,NA,1000
2,1,1,"224721","211",14,0,1,0,0,NA,1000
2,1,1,"256821","221",14,1,0,NA,NA,1,0
2,1,1,"288921","211",14,0,0,NA,NA,0,1000
2,1,1,"321021","221",14,0,0,NA,NA,0,990
2,1,1,"32121","221",15,0,1,1,1,NA,740
2,1,1,"64221","211",15,0,0,NA,NA,0,1000
2,1,1,"96321","221",15,0,1,50,1,NA,740
2,1,1,"128421","221",15,50,0,NA,NA,1,0
2,1,1,"160521","211",15,0,-1,NA,NA,NA,1000
2,1,1,"192621","211",15,0,0,NA,NA,0,1000
2,1,1,"224721","211",15,0,1,0,0,NA,1000
2,1,1,"256821","221",15,1,0,NA,NA,1,0
2,1,1,"288921","211",15,0,1,0,0,NA,1000
2,1,1,"321021","221",15,0,-1,NA,NA,NA,740
2,1,1,"32121","221",16,0,1,0,0,NA,990
2,1,1,"64221","211",16,0,1,0,0,NA,1000
2,1,1,"96321","221",16,0,0,NA,NA,0,990
2,1,1,"128421","221",16,0,1,0,0,NA,990
2,1,1,"160521","211",16,0,-1,NA,NA,NA,1000
2,1,1,"192621","211",16,0,0,NA,NA,0,1000
2,1,1,"224721","211",16,0,0,NA,NA,0,1000
2,1,1,"256821","221",16,1,-1,NA,NA,NA,1010
2,1,1,"288921","211",16,0,1,0,0,NA,1000
2,1,1,"321021","221",16,0,0,NA,NA,0,990
2,1,1,"32121","221",17,0,-1,NA,NA,NA,990
2,1,1,"64221","211",17,0,0,NA,NA,0,1000
2,1,1,"96321","221",17,0,0,NA,NA,0,990
2,1,1,"128421","221",17,0,1,0,0,NA,990
2,1,1,"160521","211",17,0,0,NA,NA,0,1000
2,1,1,"192621","211",17,0,1,0,0,NA,1000
2,1,1,"224721","211",17,0,1,0,0,NA,1000
2,1,1,"256821","221",17,1,1,0,0,NA,1010
2,1,1,"288921","211",17,0,-1,NA,NA,NA,1000
2,1,1,"321021","221",17,0,0,NA,NA,0,990
2,1,1,"32121","221",18,0,1,0,0,NA,940
2,1,1,"64221","211",18,0,1,0,0,NA,1000
2,1,1,"96321","221",18,0,1,12,1,NA,940
2,1,1,"128421","221",18,0,0,NA,NA,0,940
2,1,1,"160521","211",18,0,-1,NA,NA,NA,1000
2,1,1,"192621","211",18,0,0,NA,NA,0,1000
2,1,1,"224721","211",18,0,1,0,0,NA,1000
2,1,1,"256821","221",18,12,0,NA,NA,1,0
2,1,1,"288921","211",18,0,0,NA,NA,0,1000
2,1,1,"321021","221",18,0,-1,NA,NA,NA,940
2,1,1,"32121","221",19,0,0,NA,NA,0,750
2,1,1,"64221","211",19,0,1,0,0,NA,1000
2,1,1,"96321","221",19,0,-1,NA,NA,NA,750
2,1,1,"128421","221",19,50,0,NA,NA,0,1500
2,1,1,"160521","211",19,0,1,0,0,NA,1000
2,1,1,"192621","211",19,0,0,NA,NA,0,1000
2,1,1,"224721","211",19,0,0,NA,NA,0,1000
2,1,1,"256821","221",19,0,1,0,0,NA,750
2,1,1,"288921","211",19,0,-1,NA,NA,NA,1000
2,1,1,"321021","221",19,0,1,50,0,NA,1000
2,1,1,"32121","221",20,0,-1,NA,NA,NA,990
2,1,1,"64221","211",20,0,-1,NA,NA,NA,1000
2,1,1,"96321","221",20,0,1,0,0,NA,990
2,1,1,"128421","221",20,0,1,1,0,NA,1240
2,1,1,"160521","211",20,0,0,NA,NA,0,1000
2,1,1,"192621","211",20,0,0,NA,NA,0,1000
2,1,1,"224721","211",20,0,1,0,0,NA,1000
2,1,1,"256821","221",20,1,0,NA,NA,0,1010
2,1,1,"288921","211",20,0,1,0,0,NA,1000
2,1,1,"321021","221",20,0,0,NA,NA,0,990
2,1,2,"32122","212",1,20,NA,NA,NA,NA,620
2,1,2,"64222","212",1,20,NA,NA,NA,NA,620
2,1,2,"96322","222",1,50,NA,NA,NA,NA,1220
2,1,2,"128422","212",1,50,NA,NA,NA,NA,1070
2,1,2,"160522","222",1,0,NA,NA,NA,NA,470
2,1,2,"192622","222",1,5,NA,NA,NA,NA,550
2,1,2,"224722","212",1,45,NA,NA,NA,NA,1000
2,1,2,"256822","222",1,50,NA,NA,NA,NA,1220
2,1,2,"288922","222",1,0,NA,NA,NA,NA,470
2,1,2,"321022","212",1,0,NA,NA,NA,NA,320
2,1,2,"32122","212",2,0,NA,NA,NA,NA,260
2,1,2,"64222","212",2,15,NA,NA,NA,NA,490
2,1,2,"96322","222",2,50,NA,NA,NA,NA,1250
2,1,2,"128422","212",2,50,NA,NA,NA,NA,1010
2,1,2,"160522","222",2,0,NA,NA,NA,NA,500
2,1,2,"192622","222",2,10,NA,NA,NA,NA,650
2,1,2,"224722","212",2,42,NA,NA,NA,NA,890
2,1,2,"256822","222",2,40,NA,NA,NA,NA,1100
2,1,2,"288922","222",2,0,NA,NA,NA,NA,500
2,1,2,"321022","212",2,40,NA,NA,NA,NA,860
2,1,2,"32122","212",3,20,NA,NA,NA,NA,610
2,1,2,"64222","212",3,20,NA,NA,NA,NA,610
2,1,2,"96322","222",3,50,NA,NA,NA,NA,1350
2,1,2,"128422","212",3,50,NA,NA,NA,NA,1060
2,1,2,"160522","222",3,0,NA,NA,NA,NA,600
2,1,2,"192622","222",3,0,NA,NA,NA,NA,600
2,1,2,"224722","212",3,48,NA,NA,NA,NA,1030
2,1,2,"256822","222",3,30,NA,NA,NA,NA,1050
2,1,2,"288922","222",3,0,NA,NA,NA,NA,600
2,1,2,"321022","212",3,0,NA,NA,NA,NA,310
2,1,2,"32122","212",4,5,NA,NA,NA,NA,400
2,1,2,"64222","212",4,25,NA,NA,NA,NA,700
2,1,2,"96322","222",4,50,NA,NA,NA,NA,1400
2,1,2,"128422","212",4,50,NA,NA,NA,NA,1070
2,1,2,"160522","222",4,0,NA,NA,NA,NA,650
2,1,2,"192622","222",4,0,NA,NA,NA,NA,650
2,1,2,"224722","212",4,45,NA,NA,NA,NA,1000
2,1,2,"256822","222",4,20,NA,NA,NA,NA,950
2,1,2,"288922","222",4,0,NA,NA,NA,NA,650
2,1,2,"321022","212",4,10,NA,NA,NA,NA,470
2,1,2,"32122","212",5,50,NA,NA,NA,NA,880
2,1,2,"64222","212",5,40,NA,NA,NA,NA,730
2,1,2,"96322","222",5,50,NA,NA,NA,NA,1170
2,1,2,"128422","212",5,50,NA,NA,NA,NA,880
2,1,2,"160522","222",5,0,NA,NA,NA,NA,420
2,1,2,"192622","222",5,15,NA,NA,NA,NA,650
2,1,2,"224722","212",5,23,NA,NA,NA,NA,480
2,1,2,"256822","222",5,50,NA,NA,NA,NA,1170
2,1,2,"288922","222",5,0,NA,NA,NA,NA,420
2,1,2,"321022","212",5,10,NA,NA,NA,NA,280
2,1,2,"32122","212",6,0,NA,NA,NA,NA,620
2,1,2,"64222","212",6,10,NA,NA,NA,NA,770
2,1,2,"96322","222",6,40,NA,NA,NA,NA,920
2,1,2,"128422","212",6,30,NA,NA,NA,NA,1070
2,1,2,"160522","222",6,0,NA,NA,NA,NA,320
2,1,2,"192622","222",6,50,NA,NA,NA,NA,1070
2,1,2,"224722","212",6,15,NA,NA,NA,NA,850
2,1,2,"256822","222",6,45,NA,NA,NA,NA,1000
2,1,2,"288922","222",6,0,NA,NA,NA,NA,320
2,1,2,"321022","212",6,20,NA,NA,NA,NA,920
2,1,2,"32122","212",7,15,NA,NA,NA,NA,930
2,1,2,"64222","212",7,15,NA,NA,NA,NA,930
2,1,2,"96322","222",7,40,NA,NA,NA,NA,1150
2,1,2,"128422","212",7,20,NA,NA,NA,NA,1000
2,1,2,"160522","222",7,0,NA,NA,NA,NA,550
2,1,2,"192622","222",7,0,NA,NA,NA,NA,550
2,1,2,"224722","212",7,9,NA,NA,NA,NA,840
2,1,2,"256822","222",7,50,NA,NA,NA,NA,1300
2,1,2,"288922","222",7,0,NA,NA,NA,NA,550
2,1,2,"321022","212",7,0,NA,NA,NA,NA,700
2,1,2,"32122","212",8,50,NA,NA,NA,NA,1370
2,1,2,"64222","212",8,10,NA,NA,NA,NA,770
2,1,2,"96322","222",8,40,NA,NA,NA,NA,1120
2,1,2,"128422","212",8,10,NA,NA,NA,NA,770
2,1,2,"160522","222",8,0,NA,NA,NA,NA,520
2,1,2,"192622","222",8,15,NA,NA,NA,NA,750
2,1,2,"224722","212",8,6,NA,NA,NA,NA,710
2,1,2,"256822","222",8,40,NA,NA,NA,NA,1120
2,1,2,"288922","222",8,0,NA,NA,NA,NA,520
2,1,2,"321022","212",8,0,NA,NA,NA,NA,620
2,1,2,"32122","212",9,0,NA,NA,NA,NA,850
2,1,2,"64222","212",9,15,NA,NA,NA,NA,1080
2,1,2,"96322","222",9,40,NA,NA,NA,NA,1200
2,1,2,"128422","212",9,10,NA,NA,NA,NA,1000
2,1,2,"160522","222",9,0,NA,NA,NA,NA,600
2,1,2,"192622","222",9,0,NA,NA,NA,NA,600
2,1,2,"224722","212",9,4,NA,NA,NA,NA,910
2,1,2,"256822","222",9,40,NA,NA,NA,NA,1200
2,1,2,"288922","222",9,0,NA,NA,NA,NA,600
2,1,2,"321022","212",9,0,NA,NA,NA,NA,850
2,1,2,"32122","212",10,0,NA,NA,NA,NA,790
2,1,2,"64222","212",10,10,NA,NA,NA,NA,940
2,1,2,"96322","222",10,50,NA,NA,NA,NA,1220
2,1,2,"128422","212",10,30,NA,NA,NA,NA,1240
2,1,2,"160522","222",10,0,NA,NA,NA,NA,470
2,1,2,"192622","222",10,10,NA,NA,NA,NA,620
2,1,2,"224722","212",10,2,NA,NA,NA,NA,820
2,1,2,"256822","222",10,45,NA,NA,NA,NA,1150
2,1,2,"288922","222",10,0,NA,NA,NA,NA,470
2,1,2,"321022","212",10,0,NA,NA,NA,NA,790
2,1,2,"32122","212",11,15,0,NA,NA,0,1040
2,1,2,"64222","212",11,10,1,1,0,NA,1220
2,1,2,"96322","222",11,30,0,NA,NA,1,0
2,1,2,"128422","212",11,10,-1,NA,NA,NA,970
2,1,2,"160522","222",11,0,1,0,0,NA,750
2,1,2,"192622","222",11,0,0,NA,NA,0,750
2,1,2,"224722","212",11,1,0,NA,NA,0,830
2,1,2,"256822","222",11,20,1,30,1,NA,1050
2,1,2,"288922","222",11,0,-1,NA,NA,NA,750
2,1,2,"321022","212",11,0,1,15,0,NA,1070
2,1,2,"32122","212",12,10,-1,NA,NA,NA,950
2,1,2,"64222","212",12,10,0,NA,NA,0,950
2,1,2,"96322","222",12,30,1,0,0,NA,1100
2,1,2,"128422","212",12,15,0,NA,NA,0,1020
2,1,2,"160522","222",12,0,-1,NA,NA,NA,650
2,1,2,"192622","222",12,0,0,NA,NA,0,650
2,1,2,"224722","212",12,5,1,10,0,NA,1120
2,1,2,"256822","222",12,40,1,0,0,NA,1250
2,1,2,"288922","222",12,0,0,NA,NA,0,650
2,1,2,"321022","212",12,0,1,15,0,NA,1050
2,1,2,"32122","212",13,10,-1,NA,NA,NA,970
2,1,2,"64222","212",13,15,0,NA,NA,1,0
2,1,2,"96322","222",13,25,0,NA,NA,0,1100
2,1,2,"128422","212",13,10,0,NA,NA,0,970
2,1,2,"160522","222",13,0,1,25,0,NA,970
2,1,2,"192622","222",13,0,-1,NA,NA,NA,720
2,1,2,"224722","212",13,1,1,15,1,NA,830
2,1,2,"256822","222",13,30,0,NA,NA,0,1170
2,1,2,"288922","222",13,0,1,30,0,NA,970
2,1,2,"321022","212",13,0,1,10,0,NA,1070
2,1,2,"32122","212",14,0,1,20,1,NA,870
2,1,2,"64222","212",14,5,0,NA,NA,0,940
2,1,2,"96322","222",14,30,-1,NA,NA,NA,1050
2,1,2,"128422","212",14,20,0,NA,NA,1,0
2,1,2,"160522","222",14,0,0,NA,NA,0,600
2,1,2,"192622","222",14,0,1,50,1,NA,600
2,1,2,"224722","212",14,1,-1,NA,NA,NA,880
2,1,2,"256822","222",14,50,0,NA,NA,1,0
2,1,2,"288922","222",14,0,1,0,0,NA,600
2,1,2,"321022","212",14,0,1,5,0,NA,1120
2,1,2,"32122","212",15,15,0,NA,NA,1,0
2,1,2,"64222","212",15,5,1,0,0,NA,720
2,1,2,"96322","222",15,25,1,0,0,NA,1050
2,1,2,"128422","212",15,50,-1,NA,NA,NA,1390
2,1,2,"160522","222",15,0,0,NA,NA,0,670
2,1,2,"192622","222",15,0,-1,NA,NA,NA,670
2,1,2,"224722","212",15,1,1,15,1,NA,660
2,1,2,"256822","222",15,40,0,NA,NA,0,1270
2,1,2,"288922","222",15,0,1,40,0,NA,920
2,1,2,"321022","212",15,0,0,NA,NA,0,640
2,1,2,"32122","212",16,5,0,NA,NA,0,1000
2,1,2,"64222","212",16,8,1,5,0,NA,1300
2,1,2,"96322","222",16,30,0,NA,NA,0,1100
2,1,2,"128422","212",16,0,1,1,0,NA,1180
2,1,2,"160522","222",16,0,1,30,0,NA,900
2,1,2,"192622","222",16,0,-1,NA,NA,NA,650
2,1,2,"224722","212",16,1,0,NA,NA,0,940
2,1,2,"256822","222",16,40,1,0,0,NA,1250
2,1,2,"288922","222",16,0,0,NA,NA,0,650
2,1,2,"321022","212",16,0,-1,NA,NA,NA,930
2,1,2,"32122","212",17,5,1,5,0,NA,1220
2,1,2,"64222","212",17,5,0,NA,NA,0,970
2,1,2,"96322","222",17,25,1,40,1,NA,800
2,1,2,"128422","212",17,10,0,NA,NA,1,0
2,1,2,"160522","222",17,0,-1,NA,NA,NA,420
2,1,2,"192622","222",17,50,0,NA,NA,1,0
2,1,2,"224722","212",17,1,1,10,1,NA,910
2,1,2,"256822","222",17,40,0,NA,NA,1,0
2,1,2,"288922","222",17,0,1,50,1,NA,420
2,1,2,"321022","212",17,0,-1,NA,NA,NA,890
2,1,2,"32122","212",18,5,0,NA,NA,1,0
2,1,2,"64222","212",18,4,0,NA,NA,0,760
2,1,2,"96322","222",18,25,0,NA,NA,0,1000
2,1,2,"128422","212",18,50,1,5,1,NA,1450
2,1,2,"160522","222",18,0,-1,NA,NA,NA,620
2,1,2,"192622","222",18,0,0,NA,NA,0,620
2,1,2,"224722","212",18,1,1,4,0,NA,960
2,1,2,"256822","222",18,50,1,0,0,NA,1370
2,1,2,"288922","222",18,0,1,25,0,NA,870
2,1,2,"321022","212",18,0,-1,NA,NA,NA,700
2,1,2,"32122","212",19,5,-1,NA,NA,NA,970
2,1,2,"64222","212",19,5,1,0,0,NA,970
2,1,2,"96322","222",19,25,-1,NA,NA,NA,1050
2,1,2,"128422","212",19,10,0,NA,NA,1,0
2,1,2,"160522","222",19,0,0,NA,NA,0,670
2,1,2,"192622","222",19,0,1,0,0,NA,670
2,1,2,"224722","212",19,1,1,10,1,NA,910
2,1,2,"256822","222",19,40,1,0,0,NA,1270
2,1,2,"288922","222",19,0,0,NA,NA,0,670
2,1,2,"321022","212",19,0,0,NA,NA,0,890
2,1,2,"32122","212",20,10,1,50,1,NA,820
2,1,2,"64222","212",20,4,0,NA,NA,0,730
2,1,2,"96322","222",20,30,0,NA,NA,0,1100
2,1,2,"128422","212",20,50,0,NA,NA,1,0
2,1,2,"160522","222",20,0,1,40,0,NA,900
2,1,2,"192622","222",20,0,-1,NA,NA,NA,650
2,1,2,"224722","212",20,1,-1,NA,NA,NA,690
2,1,2,"256822","222",20,40,0,NA,NA,0,1250
2,1,2,"288922","222",20,0,1,30,0,NA,900
2,1,2,"321022","212",20,0,1,4,0,NA,920
3,2,1,"32131","311",1,30,NA,NA,NA,NA,540
3,2,1,"64231","321",1,50,NA,NA,NA,NA,800
3,2,1,"96331","321",1,40,NA,NA,NA,NA,650
3,2,1,"128431","311",1,15,NA,NA,NA,NA,320
3,2,1,"160531","321",1,50,NA,NA,NA,NA,800
3,2,1,"192631","321",1,0,NA,NA,NA,NA,50
3,2,1,"224731","311",1,50,NA,NA,NA,NA,840
3,2,1,"256831","311",1,36,NA,NA,NA,NA,630
3,2,1,"288931","321",1,50,NA,NA,NA,NA,800
3,2,1,"321031","311",1,50,NA,NA,NA,NA,840
3,2,1,"32131","321",2,25,NA,NA,NA,NA,250
3,2,1,"64231","321",2,50,NA,NA,NA,NA,620
3,2,1,"96331","311",2,30,NA,NA,NA,NA,560
3,2,1,"128431","321",2,50,NA,NA,NA,NA,620
3,2,1,"160531","321",2,50,NA,NA,NA,NA,620
3,2,1,"192631","311",2,2,NA,NA,NA,NA,140
3,2,1,"224731","311",2,50,NA,NA,NA,NA,860
3,2,1,"256831","321",2,50,NA,NA,NA,NA,620
3,2,1,"288931","311",2,50,NA,NA,NA,NA,860
3,2,1,"321031","311",2,45,NA,NA,NA,NA,790
3,2,1,"32131","321",3,45,NA,NA,NA,NA,540
3,2,1,"64231","321",3,40,NA,NA,NA,NA,460
3,2,1,"96331","311",3,30,NA,NA,NA,NA,550
3,2,1,"128431","321",3,50,NA,NA,NA,NA,610
3,2,1,"160531","321",3,50,NA,NA,NA,NA,610
3,2,1,"192631","311",3,0,NA,NA,NA,NA,100
3,2,1,"224731","311",3,50,NA,NA,NA,NA,850
3,2,1,"256831","321",3,42,NA,NA,NA,NA,490
3,2,1,"288931","311",3,50,NA,NA,NA,NA,850
3,2,1,"321031","311",3,50,NA,NA,NA,NA,850
3,2,1,"32131","311",4,20,NA,NA,NA,NA,530
3,2,1,"64231","321",4,40,NA,NA,NA,NA,500
3,2,1,"96331","321",4,30,NA,NA,NA,NA,350
3,2,1,"128431","321",4,50,NA,NA,NA,NA,650
3,2,1,"160531","311",4,50,NA,NA,NA,NA,980
3,2,1,"192631","311",4,0,NA,NA,NA,NA,230
3,2,1,"224731","321",4,50,NA,NA,NA,NA,650
3,2,1,"256831","311",4,33,NA,NA,NA,NA,730
3,2,1,"288931","321",4,50,NA,NA,NA,NA,650
3,2,1,"321031","311",4,50,NA,NA,NA,NA,980
3,2,1,"32131","311",5,50,NA,NA,NA,NA,870
3,2,1,"64231","311",5,50,NA,NA,NA,NA,870
3,2,1,"96331","311",5,20,NA,NA,NA,NA,420
3,2,1,"128431","321",5,45,NA,NA,NA,NA,470
3,2,1,"160531","321",5,50,NA,NA,NA,NA,550
3,2,1,"192631","311",5,10,NA,NA,NA,NA,270
3,2,1,"224731","311",5,45,NA,NA,NA,NA,800
3,2,1,"256831","321",5,45,NA,NA,NA,NA,470
3,2,1,"288931","321",5,50,NA,NA,NA,NA,550
3,2,1,"321031","321",5,50,NA,NA,NA,NA,550
3,2,1,"32131","321",6,50,NA,NA,NA,NA,750
3,2,1,"64231","321",6,50,NA,NA,NA,NA,750
3,2,1,"96331","311",6,50,NA,NA,NA,NA,550
3,2,1,"128431","311",6,50,NA,NA,NA,NA,550
3,2,1,"160531","321",6,50,NA,NA,NA,NA,750
3,2,1,"192631","321",6,0,NA,NA,NA,NA,0
3,2,1,"224731","311",6,48,NA,NA,NA,NA,520
3,2,1,"256831","311",6,41,NA,NA,NA,NA,420
3,2,1,"288931","311",6,50,NA,NA,NA,NA,550
3,2,1,"321031","321",6,50,NA,NA,NA,NA,750
3,2,1,"32131","311",7,45,NA,NA,NA,NA,450
3,2,1,"64231","321",7,50,NA,NA,NA,NA,900
3,2,1,"96331","321",7,20,NA,NA,NA,NA,450
3,2,1,"128431","311",7,50,NA,NA,NA,NA,520
3,2,1,"160531","311",7,50,NA,NA,NA,NA,520
3,2,1,"192631","321",7,0,NA,NA,NA,NA,150
3,2,1,"224731","311",7,50,NA,NA,NA,NA,520
3,2,1,"256831","321",7,50,NA,NA,NA,NA,900
3,2,1,"288931","311",7,50,NA,NA,NA,NA,520
3,2,1,"321031","321",7,50,NA,NA,NA,NA,900
3,2,1,"32131","321",8,50,NA,NA,NA,NA,650
3,2,1,"64231","311",8,50,NA,NA,NA,NA,750
3,2,1,"96331","311",8,50,NA,NA,NA,NA,750
3,2,1,"128431","321",8,20,NA,NA,NA,NA,200
3,2,1,"160531","311",8,50,NA,NA,NA,NA,750
3,2,1,"192631","311",8,0,NA,NA,NA,NA,0
3,2,1,"224731","321",8,50,NA,NA,NA,NA,650
3,2,1,"256831","311",8,50,NA,NA,NA,NA,750
3,2,1,"288931","321",8,50,NA,NA,NA,NA,650
3,2,1,"321031","321",8,50,NA,NA,NA,NA,650
3,2,1,"32131","311",9,45,NA,NA,NA,NA,550
3,2,1,"64231","311",9,50,NA,NA,NA,NA,620
3,2,1,"96331","311",9,30,NA,NA,NA,NA,320
3,2,1,"128431","311",9,50,NA,NA,NA,NA,620
3,2,1,"160531","321",9,50,NA,NA,NA,NA,700
3,2,1,"192631","321",9,10,NA,NA,NA,NA,100
3,2,1,"224731","321",9,50,NA,NA,NA,NA,700
3,2,1,"256831","321",9,50,NA,NA,NA,NA,700
3,2,1,"288931","311",9,50,NA,NA,NA,NA,620
3,2,1,"321031","321",9,50,NA,NA,NA,NA,700
3,2,1,"32131","311",10,50,NA,NA,NA,NA,700
3,2,1,"64231","321",10,50,NA,NA,NA,NA,660
3,2,1,"96331","321",10,20,NA,NA,NA,NA,210
3,2,1,"128431","321",10,50,NA,NA,NA,NA,660
3,2,1,"160531","321",10,50,NA,NA,NA,NA,660
3,2,1,"192631","311",10,10,NA,NA,NA,NA,100
3,2,1,"224731","311",10,50,NA,NA,NA,NA,700
3,2,1,"256831","311",10,50,NA,NA,NA,NA,700
3,2,1,"288931","311",10,50,NA,NA,NA,NA,700
3,2,1,"321031","321",10,48,NA,NA,NA,NA,630
3,2,1,"32131","311",11,25,1,50,1,NA,950
3,2,1,"64231","321",11,50,1,50,0,NA,1120
3,2,1,"96331","311",11,10,0,NA,NA,0,720
3,2,1,"128431","311",11,50,0,NA,NA,1,0
3,2,1,"160531","321",11,50,0,NA,NA,0,870
3,2,1,"192631","311",11,0,1,10,0,NA,820
3,2,1,"224731","321",11,50,0,NA,NA,0,870
3,2,1,"256831","321",11,25,1,50,0,NA,750
3,2,1,"288931","311",11,0,-1,NA,NA,NA,570
3,2,1,"321031","321",11,0,-1,NA,NA,NA,120
3,2,1,"32131","321",12,20,1,0,0,NA,700
3,2,1,"64231","311",12,50,1,0,0,NA,820
3,2,1,"96331","311",12,0,0,NA,NA,0,70
3,2,1,"128431","321",12,50,-1,NA,NA,NA,1150
3,2,1,"160531","311",12,50,1,35,1,NA,820
3,2,1,"192631","321",12,0,1,50,0,NA,650
3,2,1,"224731","321",12,50,0,NA,NA,0,1150
3,2,1,"256831","311",12,35,0,NA,NA,1,0
3,2,1,"288931","321",12,0,0,NA,NA,0,400
3,2,1,"321031","311",12,50,-1,NA,NA,NA,820
3,2,1,"32131","311",13,0,1,45,0,NA,760
3,2,1,"64231","311",13,50,0,NA,NA,0,1260
3,2,1,"96331","321",13,10,1,50,1,NA,350
3,2,1,"128431","321",13,50,0,NA,NA,1,0
3,2,1,"160531","321",13,0,0,NA,NA,0,200
3,2,1,"192631","311",13,2,1,50,0,NA,790
3,2,1,"224731","321",13,50,-1,NA,NA,NA,950
3,2,1,"256831","311",13,45,0,NA,NA,0,1190
3,2,1,"288931","311",13,0,-1,NA,NA,NA,510
3,2,1,"321031","321",13,50,1,0,0,NA,950
3,2,1,"32131","311",14,25,0,NA,NA,0,750
3,2,1,"64231","321",14,50,0,NA,NA,1,0
3,2,1,"96331","321",14,12,1,50,1,NA,120
3,2,1,"128431","311",14,0,1,50,0,NA,620
3,2,1,"160531","321",14,50,0,NA,NA,0,690
3,2,1,"192631","311",14,8,-1,NA,NA,NA,490
3,2,1,"224731","321",14,50,-1,NA,NA,NA,690
3,2,1,"256831","311",14,42,1,25,0,NA,1250
3,2,1,"288931","311",14,50,0,NA,NA,0,1120
3,2,1,"321031","321",14,50,1,50,0,NA,940
3,2,1,"32131","321",15,25,1,50,1,NA,500
3,2,1,"64231","321",15,50,-1,NA,NA,NA,870
3,2,1,"96331","311",15,11,1,50,1,NA,130
3,2,1,"128431","311",15,50,1,45,0,NA,970
3,2,1,"160531","311",15,50,-1,NA,NA,NA,720
3,2,1,"192631","321",15,0,1,50,0,NA,370
3,2,1,"224731","321",15,50,0,NA,NA,1,0
3,2,1,"256831","311",15,45,0,NA,NA,0,640
3,2,1,"288931","321",15,50,0,NA,NA,0,870
3,2,1,"321031","311",15,50,0,NA,NA,1,0
3,2,1,"32131","321",16,25,0,NA,NA,1,0
3,2,1,"64231","311",16,50,1,2,0,NA,1390
3,2,1,"96331","311",16,20,1,50,1,NA,690
3,2,1,"128431","321",16,50,1,50,0,NA,870
3,2,1,"160531","321",16,50,1,25,1,NA,620
3,2,1,"192631","311",16,2,0,NA,NA,0,420
3,2,1,"224731","321",16,50,-1,NA,NA,NA,620
3,2,1,"256831","321",16,50,0,NA,NA,0,620
3,2,1,"288931","311",16,50,0,NA,NA,1,0
3,2,1,"321031","311",16,0,-1,NA,NA,NA,390
3,2,1,"32131","311",17,40,1,50,1,NA,890
3,2,1,"64231","321",17,50,1,50,0,NA,950
3,2,1,"96331","321",17,10,-1,NA,NA,NA,100
3,2,1,"128431","311",17,50,0,NA,NA,1,0
3,2,1,"160531","321",17,50,1,50,1,NA,700
3,2,1,"192631","311",17,2,1,50,1,NA,320
3,2,1,"224731","321",17,50,0,NA,NA,1,0
3,2,1,"256831","311",17,50,0,NA,NA,1,0
3,2,1,"288931","321",17,50,0,NA,NA,0,700
3,2,1,"321031","311",17,0,-1,NA,NA,NA,290
3,2,1,"32131","321",18,20,0,NA,NA,0,700
3,2,1,"64231","311",18,50,0,NA,NA,0,950
3,2,1,"96331","311",18,10,0,NA,NA,0,350
3,2,1,"128431","321",18,0,1,50,0,NA,650
3,2,1,"160531","321",18,50,0,NA,NA,0,1150
3,2,1,"192631","311",18,0,1,10,0,NA,450
3,2,1,"224731","311",18,50,1,50,0,NA,1200
3,2,1,"256831","311",18,50,-1,NA,NA,NA,950
3,2,1,"288931","321",18,50,1,20,0,NA,1400
3,2,1,"321031","321",18,0,-1,NA,NA,NA,400
3,2,1,"32131","311",19,15,0,NA,NA,0,600
3,2,1,"64231","311",19,50,0,NA,NA,0,1120
3,2,1,"96331","311",19,10,-1,NA,NA,NA,520
3,2,1,"128431","311",19,0,1,50,0,NA,620
3,2,1,"160531","321",19,50,0,NA,NA,0,740
3,2,1,"192631","321",19,2,0,NA,NA,0,20
3,2,1,"224731","321",19,50,1,2,0,NA,990
3,2,1,"256831","321",19,50,1,50,0,NA,990
3,2,1,"288931","311",19,50,1,15,0,NA,1370
3,2,1,"321031","321",19,50,-1,NA,NA,NA,740
3,2,1,"32131","311",20,25,1,10,1,NA,700
3,2,1,"64231","321",20,50,1,50,0,NA,750
3,2,1,"96331","311",20,10,0,NA,NA,1,0
3,2,1,"128431","311",20,50,0,NA,NA,0,1070
3,2,1,"160531","311",20,50,1,50,0,NA,1320
3,2,1,"192631","311",20,0,-1,NA,NA,NA,320
3,2,1,"224731","321",20,50,0,NA,NA,0,500
3,2,1,"256831","321",20,50,1,50,0,NA,750
3,2,1,"288931","321",20,50,-1,NA,NA,NA,500
3,2,1,"321031","321",20,50,0,NA,NA,0,500
3,2,2,"32132","322",1,30,NA,NA,NA,NA,730
3,2,2,"64232","312",1,20,NA,NA,NA,NA,370
3,2,2,"96332","322",1,2,NA,NA,NA,NA,310
3,2,2,"128432","312",1,50,NA,NA,NA,NA,820
3,2,2,"160532","312",1,25,NA,NA,NA,NA,450
3,2,2,"192632","312",1,40,NA,NA,NA,NA,670
3,2,2,"224732","322",1,50,NA,NA,NA,NA,1030
3,2,2,"256832","312",1,50,NA,NA,NA,NA,820
3,2,2,"288932","322",1,48,NA,NA,NA,NA,1000
3,2,2,"321032","322",1,14,NA,NA,NA,NA,490
3,2,2,"32132","312",2,15,NA,NA,NA,NA,170
3,2,2,"64232","322",2,50,NA,NA,NA,NA,850
3,2,2,"96332","322",2,6,NA,NA,NA,NA,190
3,2,2,"128432","312",2,50,NA,NA,NA,NA,700
3,2,2,"160532","322",2,25,NA,NA,NA,NA,480
3,2,2,"192632","312",2,50,NA,NA,NA,NA,700
3,2,2,"224732","312",2,45,NA,NA,NA,NA,620
3,2,2,"256832","312",2,50,NA,NA,NA,NA,700
3,2,2,"288932","322",2,48,NA,NA,NA,NA,820
3,2,2,"321032","322",2,50,NA,NA,NA,NA,850
3,2,2,"32132","312",3,20,NA,NA,NA,NA,320
3,2,2,"64232","322",3,50,NA,NA,NA,NA,810
3,2,2,"96332","322",3,8,NA,NA,NA,NA,180
3,2,2,"128432","322",3,50,NA,NA,NA,NA,810
3,2,2,"160532","312",3,25,NA,NA,NA,NA,400
3,2,2,"192632","322",3,30,NA,NA,NA,NA,510
3,2,2,"224732","312",3,50,NA,NA,NA,NA,770
3,2,2,"256832","322",3,50,NA,NA,NA,NA,810
3,2,2,"288932","312",3,50,NA,NA,NA,NA,770
3,2,2,"321032","312",3,50,NA,NA,NA,NA,770
3,2,2,"32132","312",4,0,NA,NA,NA,NA,90
3,2,2,"64232","312",4,50,NA,NA,NA,NA,840
3,2,2,"96332","322",4,0,NA,NA,NA,NA,50
3,2,2,"128432","312",4,40,NA,NA,NA,NA,690
3,2,2,"160532","322",4,50,NA,NA,NA,NA,800
3,2,2,"192632","312",4,50,NA,NA,NA,NA,840
3,2,2,"224732","322",4,45,NA,NA,NA,NA,720
3,2,2,"256832","322",4,50,NA,NA,NA,NA,800
3,2,2,"288932","312",4,41,NA,NA,NA,NA,710
3,2,2,"321032","322",4,45,NA,NA,NA,NA,720
3,2,2,"32132","322",5,20,NA,NA,NA,NA,510
3,2,2,"64232","322",5,50,NA,NA,NA,NA,960
3,2,2,"96332","322",5,8,NA,NA,NA,NA,330
3,2,2,"128432","322",5,30,NA,NA,NA,NA,660
3,2,2,"160532","312",5,25,NA,NA,NA,NA,290
3,2,2,"192632","312",5,50,NA,NA,NA,NA,670
3,2,2,"224732","312",5,50,NA,NA,NA,NA,670
3,2,2,"256832","322",5,50,NA,NA,NA,NA,960
3,2,2,"288932","312",5,46,NA,NA,NA,NA,610
3,2,2,"321032","312",5,45,NA,NA,NA,NA,590
3,2,2,"32132","312",6,20,NA,NA,NA,NA,570
3,2,2,"64232","322",6,40,NA,NA,NA,NA,470
3,2,2,"96332","312",6,0,NA,NA,NA,NA,270
3,2,2,"128432","322",6,40,NA,NA,NA,NA,470
3,2,2,"160532","312",6,25,NA,NA,NA,NA,650
3,2,2,"192632","312",6,50,NA,NA,NA,NA,1020
3,2,2,"224732","322",6,50,NA,NA,NA,NA,620
3,2,2,"256832","322",6,50,NA,NA,NA,NA,620
3,2,2,"288932","312",6,50,NA,NA,NA,NA,1020
3,2,2,"321032","322",6,45,NA,NA,NA,NA,550
3,2,2,"32132","312",7,30,NA,NA,NA,NA,730
3,2,2,"64232","322",7,50,NA,NA,NA,NA,570
3,2,2,"96332","312",7,9,NA,NA,NA,NA,410
3,2,2,"128432","312",7,10,NA,NA,NA,NA,430
3,2,2,"160532","322",7,35,NA,NA,NA,NA,350
3,2,2,"192632","322",7,50,NA,NA,NA,NA,570
3,2,2,"224732","322",7,50,NA,NA,NA,NA,570
3,2,2,"256832","312",7,50,NA,NA,NA,NA,1030
3,2,2,"288932","322",7,50,NA,NA,NA,NA,570
3,2,2,"321032","312",7,45,NA,NA,NA,NA,950
3,2,2,"32132","322",8,40,NA,NA,NA,NA,620
3,2,2,"64232","312",8,50,NA,NA,NA,NA,770
3,2,2,"96332","312",8,0,NA,NA,NA,NA,20
3,2,2,"128432","322",8,30,NA,NA,NA,NA,470
3,2,2,"160532","322",8,35,NA,NA,NA,NA,550
3,2,2,"192632","322",8,40,NA,NA,NA,NA,620
3,2,2,"224732","312",8,50,NA,NA,NA,NA,770
3,2,2,"256832","322",8,50,NA,NA,NA,NA,770
3,2,2,"288932","312",8,50,NA,NA,NA,NA,770
3,2,2,"321032","312",8,45,NA,NA,NA,NA,700
3,2,2,"32132","322",9,30,NA,NA,NA,NA,420
3,2,2,"64232","322",9,50,NA,NA,NA,NA,720
3,2,2,"96332","312",9,0,NA,NA,NA,NA,180
3,2,2,"128432","312",9,20,NA,NA,NA,NA,480
3,2,2,"160532","322",9,25,NA,NA,NA,NA,350
3,2,2,"192632","322",9,50,NA,NA,NA,NA,720
3,2,2,"224732","312",9,50,NA,NA,NA,NA,930
3,2,2,"256832","322",9,50,NA,NA,NA,NA,720
3,2,2,"288932","312",9,48,NA,NA,NA,NA,900
3,2,2,"321032","312",9,45,NA,NA,NA,NA,860
3,2,2,"32132","322",10,35,NA,NA,NA,NA,400
3,2,2,"64232","322",10,50,NA,NA,NA,NA,620
3,2,2,"96332","312",10,5,NA,NA,NA,NA,150
3,2,2,"128432","322",10,40,NA,NA,NA,NA,470
3,2,2,"160532","312",10,35,NA,NA,NA,NA,600
3,2,2,"192632","312",10,50,NA,NA,NA,NA,820
3,2,2,"224732","322",10,50,NA,NA,NA,NA,620
3,2,2,"256832","322",10,50,NA,NA,NA,NA,620
3,2,2,"288932","312",10,50,NA,NA,NA,NA,820
3,2,2,"321032","312",10,45,NA,NA,NA,NA,750
3,2,2,"32132","322",11,30,-1,NA,NA,NA,370
3,2,2,"64232","312",11,30,1,16,1,NA,840
3,2,2,"96332","312",11,0,-1,NA,NA,NA,390
3,2,2,"128432","322",11,40,0,NA,NA,0,520
3,2,2,"160532","312",11,25,1,50,1,NA,770
3,2,2,"192632","312",11,50,0,NA,NA,1,0
3,2,2,"224732","322",11,50,1,40,0,NA,920
3,2,2,"256832","322",11,50,0,NA,NA,0,670
3,2,2,"288932","312",11,16,0,NA,NA,1,0
3,2,2,"321032","322",11,45,1,50,0,NA,850
3,2,2,"32132","322",12,15,-1,NA,NA,NA,460
3,2,2,"64232","312",12,50,1,50,1,NA,860
3,2,2,"96332","312",12,2,0,NA,NA,0,140
3,2,2,"128432","322",12,40,1,50,1,NA,830
3,2,2,"160532","312",12,25,1,2,0,NA,740
3,2,2,"192632","312",12,50,0,NA,NA,1,0
3,2,2,"224732","312",12,50,-1,NA,NA,NA,860
3,2,2,"256832","322",12,50,0,NA,NA,1,0
3,2,2,"288932","322",12,3,1,45,1,NA,280
3,2,2,"321032","322",12,45,0,NA,NA,1,0
3,2,2,"32132","322",13,10,1,50,0,NA,530
3,2,2,"64232","312",13,50,0,NA,NA,1,0
3,2,2,"96332","312",13,0,-1,NA,NA,NA,120
3,2,2,"128432","322",13,50,-1,NA,NA,NA,880
3,2,2,"160532","312",13,35,1,50,1,NA,650
3,2,2,"192632","322",13,50,1,14,0,NA,1130
3,2,2,"224732","322",13,50,0,NA,NA,0,880
3,2,2,"256832","312",13,50,0,NA,NA,1,0
3,2,2,"288932","312",13,40,1,50,1,NA,720
3,2,2,"321032","322",13,14,0,NA,NA,0,340
3,2,2,"32132","322",14,15,1,50,0,NA,930
3,2,2,"64232","322",14,0,-1,NA,NA,NA,450
3,2,2,"96332","312",14,0,-1,NA,NA,NA,300
3,2,2,"128432","322",14,30,1,14,1,NA,900
3,2,2,"160532","312",14,25,0,NA,NA,1,0
3,2,2,"192632","312",14,50,1,25,1,NA,1050
3,2,2,"224732","312",14,50,1,14,0,NA,1300
3,2,2,"256832","322",14,50,0,NA,NA,0,1200
3,2,2,"288932","322",14,14,0,NA,NA,1,0
3,2,2,"321032","312",14,14,0,NA,NA,0,510
3,2,2,"32132","312",15,15,1,50,0,NA,810
3,2,2,"64232","312",15,50,0,NA,NA,0,1080
3,2,2,"96332","322",15,3,1,50,0,NA,320
3,2,2,"128432","312",15,40,1,14,1,NA,930
3,2,2,"160532","322",15,42,0,NA,NA,1,0
3,2,2,"192632","322",15,50,1,42,1,NA,770
3,2,2,"224732","322",15,50,0,NA,NA,0,770
3,2,2,"256832","322",15,50,-1,NA,NA,NA,770
3,2,2,"288932","312",15,14,0,NA,NA,1,0
3,2,2,"321032","312",15,14,-1,NA,NA,NA,540
3,2,2,"32132","322",16,15,1,50,0,NA,650
3,2,2,"64232","322",16,50,0,NA,NA,0,920
3,2,2,"96332","322",16,0,1,50,0,NA,420
3,2,2,"128432","312",16,20,0,NA,NA,1,0
3,2,2,"160532","312",16,25,1,50,1,NA,800
3,2,2,"192632","322",16,50,0,NA,NA,0,920
3,2,2,"224732","322",16,50,-1,NA,NA,NA,920
3,2,2,"256832","312",16,50,0,NA,NA,1,0
3,2,2,"288932","312",16,6,1,20,1,NA,510
3,2,2,"321032","312",16,14,-1,NA,NA,NA,630
3,2,2,"32132","312",17,35,1,50,0,NA,890
3,2,2,"64232","312",17,50,0,NA,NA,0,870
3,2,2,"96332","322",17,8,0,NA,NA,0,310
3,2,2,"128432","322",17,40,1,8,0,NA,1040
3,2,2,"160532","312",17,35,0,NA,NA,0,640
3,2,2,"192632","322",17,50,0,NA,NA,0,940
3,2,2,"224732","322",17,50,1,50,0,NA,1190
3,2,2,"256832","312",17,50,1,35,0,NA,1120
3,2,2,"288932","312",17,6,-1,NA,NA,NA,210
3,2,2,"321032","322",17,14,-1,NA,NA,NA,400
3,2,2,"32132","312",18,35,0,NA,NA,0,450
3,2,2,"64232","322",18,50,1,9,1,NA,950
3,2,2,"96332","322",18,0,-1,NA,NA,NA,200
3,2,2,"128432","312",18,50,-1,NA,NA,NA,670
3,2,2,"160532","312",18,35,1,35,0,NA,700
3,2,2,"192632","322",18,50,1,50,1,NA,950
3,2,2,"224732","312",18,50,0,NA,NA,0,670
3,2,2,"256832","322",18,50,0,NA,NA,1,0
3,2,2,"288932","322",18,9,0,NA,NA,1,0
3,2,2,"321032","312",18,45,1,50,0,NA,850
3,2,2,"32132","312",19,35,1,50,0,NA,770
3,2,2,"64232","312",19,50,0,NA,NA,0,750
3,2,2,"96332","322",19,0,1,45,0,NA,500
3,2,2,"128432","312",19,30,-1,NA,NA,NA,450
3,2,2,"160532","312",19,35,1,50,0,NA,770
3,2,2,"192632","322",19,50,0,NA,NA,0,1000
3,2,2,"224732","312",19,50,0,NA,NA,0,750
3,2,2,"256832","322",19,50,1,50,0,NA,1250
3,2,2,"288932","322",19,5,-1,NA,NA,NA,320
3,2,2,"321032","322",19,45,0,NA,NA,0,920
3,2,2,"32132","322",20,35,1,50,0,NA,770
3,2,2,"64232","312",20,50,-1,NA,NA,NA,980
3,2,2,"96332","312",20,2,1,6,0,NA,510
3,2,2,"128432","322",20,30,0,NA,NA,0,450
3,2,2,"160532","322",20,35,1,30,0,NA,770
3,2,2,"192632","322",20,50,-1,NA,NA,NA,750
3,2,2,"224732","322",20,50,0,NA,NA,0,750
3,2,2,"256832","312",20,50,1,45,0,NA,1230
3,2,2,"288932","312",20,6,0,NA,NA,0,320
3,2,2,"321032","312",20,45,0,NA,NA,0,910
4,2,1,"32141","421",1,0,NA,NA,NA,NA,650
4,2,1,"64241","411",1,0,NA,NA,NA,NA,690
4,2,1,"96341","411",1,2,NA,NA,NA,NA,720
4,2,1,"128441","411",1,0,NA,NA,NA,NA,690
4,2,1,"160541","411",1,30,NA,NA,NA,NA,1140
4,2,1,"192641","411",1,30,NA,NA,NA,NA,1140
4,2,1,"224741","421",1,25,NA,NA,NA,NA,1020
4,2,1,"256841","421",1,10,NA,NA,NA,NA,800
4,2,1,"288941","421",1,35,NA,NA,NA,NA,1170
4,2,1,"321041","421",1,0,NA,NA,NA,NA,650
4,2,1,"32141","421",2,0,NA,NA,NA,NA,880
4,2,1,"64241","411",2,15,NA,NA,NA,NA,850
4,2,1,"96341","411",2,0,NA,NA,NA,NA,620
4,2,1,"128441","411",2,0,NA,NA,NA,NA,620
4,2,1,"160541","411",2,50,NA,NA,NA,NA,1370
4,2,1,"192641","411",2,10,NA,NA,NA,NA,770
4,2,1,"224741","421",2,15,NA,NA,NA,NA,1100
4,2,1,"256841","421",2,9,NA,NA,NA,NA,1010
4,2,1,"288941","421",2,0,NA,NA,NA,NA,880
4,2,1,"321041","421",2,0,NA,NA,NA,NA,880
4,2,1,"32141","421",3,0,NA,NA,NA,NA,690
4,2,1,"64241","411",3,5,NA,NA,NA,NA,500
4,2,1,"96341","411",3,40,NA,NA,NA,NA,1020
4,2,1,"128441","411",3,0,NA,NA,NA,NA,420
4,2,1,"160541","411",3,30,NA,NA,NA,NA,870
4,2,1,"192641","411",3,40,NA,NA,NA,NA,1020
4,2,1,"224741","421",3,9,NA,NA,NA,NA,820
4,2,1,"256841","421",3,8,NA,NA,NA,NA,810
4,2,1,"288941","421",3,25,NA,NA,NA,NA,1060
4,2,1,"321041","421",3,20,NA,NA,NA,NA,990
4,2,1,"32141","421",4,0,NA,NA,NA,NA,600
4,2,1,"64241","411",4,15,NA,NA,NA,NA,660
4,2,1,"96341","411",4,8,NA,NA,NA,NA,550
4,2,1,"128441","411",4,20,NA,NA,NA,NA,730
4,2,1,"160541","411",4,40,NA,NA,NA,NA,1030
4,2,1,"192641","411",4,30,NA,NA,NA,NA,880
4,2,1,"224741","421",4,5,NA,NA,NA,NA,680
4,2,1,"256841","421",4,9,NA,NA,NA,NA,740
4,2,1,"288941","421",4,45,NA,NA,NA,NA,1280
4,2,1,"321041","421",4,20,NA,NA,NA,NA,900
4,2,1,"32141","421",5,0,NA,NA,NA,NA,730
4,2,1,"64241","411",5,0,NA,NA,NA,NA,350
4,2,1,"96341","411",5,30,NA,NA,NA,NA,800
4,2,1,"128441","411",5,10,NA,NA,NA,NA,500
4,2,1,"160541","411",5,50,NA,NA,NA,NA,1100
4,2,1,"192641","411",5,40,NA,NA,NA,NA,950
4,2,1,"224741","421",5,10,NA,NA,NA,NA,880
4,2,1,"256841","421",5,9,NA,NA,NA,NA,860
4,2,1,"288941","421",5,20,NA,NA,NA,NA,1030
4,2,1,"321041","421",5,15,NA,NA,NA,NA,950
4,2,1,"32141","421",6,0,NA,NA,NA,NA,800
4,2,1,"64241","411",6,0,NA,NA,NA,NA,450
4,2,1,"96341","411",6,30,NA,NA,NA,NA,900
4,2,1,"128441","411",6,0,NA,NA,NA,NA,450
4,2,1,"160541","411",6,30,NA,NA,NA,NA,900
4,2,1,"192641","411",6,50,NA,NA,NA,NA,1200
4,2,1,"224741","421",6,6,NA,NA,NA,NA,890
4,2,1,"256841","421",6,9,NA,NA,NA,NA,930
4,2,1,"288941","421",6,15,NA,NA,NA,NA,1020
4,2,1,"321041","421",6,10,NA,NA,NA,NA,950
4,2,1,"32141","421",7,0,NA,NA,NA,NA,700
4,2,1,"64241","411",7,0,NA,NA,NA,NA,450
4,2,1,"96341","411",7,30,NA,NA,NA,NA,900
4,2,1,"128441","411",7,0,NA,NA,NA,NA,450
4,2,1,"160541","411",7,40,NA,NA,NA,NA,1050
4,2,1,"192641","411",7,40,NA,NA,NA,NA,1050
4,2,1,"224741","421",7,9,NA,NA,NA,NA,830
4,2,1,"256841","421",7,10,NA,NA,NA,NA,850
4,2,1,"288941","421",7,31,NA,NA,NA,NA,1160
4,2,1,"321041","421",7,10,NA,NA,NA,NA,850
4,2,1,"32141","421",8,0,NA,NA,NA,NA,630
4,2,1,"64241","411",8,0,NA,NA,NA,NA,500
4,2,1,"96341","411",8,0,NA,NA,NA,NA,500
4,2,1,"128441","411",8,50,NA,NA,NA,NA,1250
4,2,1,"160541","411",8,50,NA,NA,NA,NA,1250
4,2,1,"192641","411",8,0,NA,NA,NA,NA,500
4,2,1,"224741","421",8,19,NA,NA,NA,NA,910
4,2,1,"256841","421",8,9,NA,NA,NA,NA,760
4,2,1,"288941","421",8,46,NA,NA,NA,NA,1320
4,2,1,"321041","421",8,0,NA,NA,NA,NA,630
4,2,1,"32141","421",9,0,NA,NA,NA,NA,610
4,2,1,"64241","411",9,0,NA,NA,NA,NA,120
4,2,1,"96341","411",9,50,NA,NA,NA,NA,870
4,2,1,"128441","411",9,50,NA,NA,NA,NA,870
4,2,1,"160541","411",9,35,NA,NA,NA,NA,650
4,2,1,"192641","411",9,40,NA,NA,NA,NA,720
4,2,1,"224741","421",9,23,NA,NA,NA,NA,950
4,2,1,"256841","421",9,7,NA,NA,NA,NA,710
4,2,1,"288941","421",9,38,NA,NA,NA,NA,1180
4,2,1,"321041","421",9,10,NA,NA,NA,NA,760
4,2,1,"32141","421",10,0,NA,NA,NA,NA,450
4,2,1,"64241","411",10,0,NA,NA,NA,NA,250
4,2,1,"96341","411",10,20,NA,NA,NA,NA,550
4,2,1,"128441","411",10,50,NA,NA,NA,NA,1000
4,2,1,"160541","411",10,50,NA,NA,NA,NA,1000
4,2,1,"192641","411",10,30,NA,NA,NA,NA,700
4,2,1,"224741","421",10,49,NA,NA,NA,NA,1190
4,2,1,"256841","421",10,9,NA,NA,NA,NA,590
4,2,1,"288941","421",10,36,NA,NA,NA,NA,990
4,2,1,"321041","421",10,15,NA,NA,NA,NA,680
4,2,1,"32141","421",11,0,-1,NA,NA,NA,720
4,2,1,"64241","411",11,0,0,NA,NA,0,370
4,2,1,"96341","411",11,50,1,0,0,NA,1120
4,2,1,"128441","411",11,5,0,NA,NA,0,450
4,2,1,"160541","411",11,50,-1,NA,NA,NA,1120
4,2,1,"192641","411",11,20,1,5,0,NA,920
4,2,1,"224741","421",11,15,1,5,0,NA,1200
4,2,1,"256841","421",11,5,0,NA,NA,0,800
4,2,1,"288941","421",11,35,1,0,0,NA,1250
4,2,1,"321041","421",11,0,0,NA,NA,0,720
4,2,1,"32141","421",12,0,0,NA,NA,0,750
4,2,1,"64241","411",12,0,0,NA,NA,0,350
4,2,1,"96341","411",12,50,1,0,0,NA,1100
4,2,1,"128441","411",12,0,0,NA,NA,0,350
4,2,1,"160541","411",12,50,-1,NA,NA,NA,1100
4,2,1,"192641","411",12,30,1,0,0,NA,800
4,2,1,"224741","421",12,29,1,0,0,NA,1190
4,2,1,"256841","421",12,0,1,0,0,NA,750
4,2,1,"288941","421",12,20,-1,NA,NA,NA,1050
4,2,1,"321041","421",12,0,0,NA,NA,0,750
4,2,1,"32141","421",13,0,0,NA,NA,0,700
4,2,1,"64241","411",13,0,-1,NA,NA,NA,470
4,2,1,"96341","411",13,20,0,NA,NA,0,770
4,2,1,"128441","411",13,5,0,NA,NA,0,550
4,2,1,"160541","411",13,50,1,5,0,NA,1470
4,2,1,"192641","411",13,30,1,20,0,NA,1170
4,2,1,"224741","421",13,24,0,NA,NA,0,1060
4,2,1,"256841","421",13,0,1,0,0,NA,700
4,2,1,"288941","421",13,36,1,24,0,NA,1490
4,2,1,"321041","421",13,0,-1,NA,NA,NA,700
4,2,1,"32141","421",14,0,-1,NA,NA,NA,780
4,2,1,"64241","411",14,0,1,40,1,NA,470
4,2,1,"96341","411",14,20,1,5,0,NA,1020
4,2,1,"128441","411",14,5,0,NA,NA,0,550
4,2,1,"160541","411",14,40,0,NA,NA,1,0
4,2,1,"192641","411",14,40,-1,NA,NA,NA,1070
4,2,1,"224741","421",14,19,0,NA,NA,0,1060
4,2,1,"256841","421",14,0,1,19,0,NA,1030
4,2,1,"288941","421",14,25,1,0,0,NA,1150
4,2,1,"321041","421",14,0,0,NA,NA,0,780
4,2,1,"32141","421",15,0,-1,NA,NA,NA,730
4,2,1,"64241","411",15,0,-1,NA,NA,NA,400
4,2,1,"96341","411",15,50,0,NA,NA,1,0
4,2,1,"128441","411",15,0,1,50,1,NA,400
4,2,1,"160541","411",15,50,0,NA,NA,0,1150
4,2,1,"192641","411",15,20,1,50,0,NA,950
4,2,1,"224741","421",15,12,0,NA,NA,0,910
4,2,1,"256841","421",15,0,0,NA,NA,0,730
4,2,1,"288941","421",15,42,1,12,0,NA,1610
4,2,1,"321041","421",15,0,1,0,0,NA,730
4,2,1,"32141","421",16,0,-1,NA,NA,NA,680
4,2,1,"64241","411",16,0,0,NA,NA,0,600
4,2,1,"96341","411",16,0,1,0,0,NA,600
4,2,1,"128441","411",16,0,0,NA,NA,0,600
4,2,1,"160541","411",16,50,1,0,0,NA,1350
4,2,1,"192641","411",16,30,-1,NA,NA,NA,1050
4,2,1,"224741","421",16,27,1,0,0,NA,1080
4,2,1,"256841","421",16,0,0,NA,NA,0,680
4,2,1,"288941","421",16,37,1,0,0,NA,1230
4,2,1,"321041","421",16,0,0,NA,NA,0,680
4,2,1,"32141","421",17,0,1,39,1,NA,610
4,2,1,"64241","411",17,0,-1,NA,NA,NA,650
4,2,1,"96341","411",17,30,0,NA,NA,1,0
4,2,1,"128441","411",17,0,0,NA,NA,0,650
4,2,1,"160541","411",17,30,1,30,1,NA,1100
4,2,1,"192641","411",17,10,1,0,0,NA,800
4,2,1,"224741","421",17,39,0,NA,NA,1,0
4,2,1,"256841","421",17,0,1,38,0,NA,860
4,2,1,"288941","421",17,38,0,NA,NA,0,1180
4,2,1,"321041","421",17,0,-1,NA,NA,NA,610
4,2,1,"32141","421",18,0,0,NA,NA,0,700
4,2,1,"64241","411",18,0,0,NA,NA,0,550
4,2,1,"96341","411",18,20,0,NA,NA,1,0
4,2,1,"128441","411",18,0,1,20,1,NA,550
4,2,1,"160541","411",18,50,1,0,0,NA,1300
4,2,1,"192641","411",18,20,-1,NA,NA,NA,850
4,2,1,"224741","421",18,0,0,NA,NA,0,700
4,2,1,"256841","421",18,0,1,0,0,NA,700
4,2,1,"288941","421",18,29,1,0,0,NA,1140
4,2,1,"321041","421",18,30,-1,NA,NA,NA,1150
4,2,1,"32141","421",19,0,1,28,1,NA,630
4,2,1,"64241","411",19,0,0,NA,NA,0,500
4,2,1,"96341","411",19,30,1,0,0,NA,950
4,2,1,"128441","411",19,0,1,30,1,NA,500
4,2,1,"160541","411",19,40,-1,NA,NA,NA,1100
4,2,1,"192641","411",19,30,0,NA,NA,1,0
4,2,1,"224741","421",19,28,0,NA,NA,1,0
4,2,1,"256841","421",19,0,-1,NA,NA,NA,630
4,2,1,"288941","421",19,45,0,NA,NA,1,0
4,2,1,"321041","421",19,0,1,45,1,NA,630
4,2,1,"32141","421",20,0,0,NA,NA,0,770
4,2,1,"64241","411",20,0,0,NA,NA,0,450
4,2,1,"96341","411",20,30,-1,NA,NA,NA,900
4,2,1,"128441","411",20,0,1,0,0,NA,450
4,2,1,"160541","411",20,50,1,30,0,NA,1450
4,2,1,"192641","411",20,30,0,NA,NA,0,900
4,2,1,"224741","421",20,0,1,0,0,NA,770
4,2,1,"256841","421",20,0,-1,NA,NA,NA,770
4,2,1,"288941","421",20,46,1,0,0,NA,1460
4,2,1,"321041","421",20,0,0,NA,NA,0,770
4,2,2,"32142","422",1,0,NA,NA,NA,NA,450
4,2,2,"64242","412",1,25,NA,NA,NA,NA,1130
4,2,2,"96342","412",1,0,NA,NA,NA,NA,760
4,2,2,"128442","422",1,45,NA,NA,NA,NA,1120
4,2,2,"160542","422",1,40,NA,NA,NA,NA,1050
4,2,2,"192642","412",1,23,NA,NA,NA,NA,1100
4,2,2,"224742","422",1,0,NA,NA,NA,NA,450
4,2,2,"256842","412",1,0,NA,NA,NA,NA,760
4,2,2,"288942","422",1,25,NA,NA,NA,NA,820
4,2,2,"321042","412",1,0,NA,NA,NA,NA,760
4,2,2,"32142","422",2,0,NA,NA,NA,NA,950
4,2,2,"64242","412",2,0,NA,NA,NA,NA,610
4,2,2,"96342","412",2,0,NA,NA,NA,NA,610
4,2,2,"128442","422",2,0,NA,NA,NA,NA,950
4,2,2,"160542","422",2,0,NA,NA,NA,NA,950
4,2,2,"192642","412",2,28,NA,NA,NA,NA,1030
4,2,2,"224742","422",2,10,NA,NA,NA,NA,1100
4,2,2,"256842","412",2,50,NA,NA,NA,NA,1360
4,2,2,"288942","422",2,0,NA,NA,NA,NA,950
4,2,2,"321042","412",2,0,NA,NA,NA,NA,610
4,2,2,"32142","422",3,1,NA,NA,NA,NA,710
4,2,2,"64242","412",3,10,NA,NA,NA,NA,720
4,2,2,"96342","412",3,0,NA,NA,NA,NA,570
4,2,2,"128442","422",3,50,NA,NA,NA,NA,1440
4,2,2,"160542","422",3,10,NA,NA,NA,NA,840
4,2,2,"192642","412",3,25,NA,NA,NA,NA,950
4,2,2,"224742","422",3,0,NA,NA,NA,NA,690
4,2,2,"256842","412",3,50,NA,NA,NA,NA,1320
4,2,2,"288942","422",3,0,NA,NA,NA,NA,690
4,2,2,"321042","412",3,0,NA,NA,NA,NA,570
4,2,2,"32142","422",4,0,NA,NA,NA,NA,890
4,2,2,"64242","412",4,0,NA,NA,NA,NA,650
4,2,2,"96342","412",4,5,NA,NA,NA,NA,720
4,2,2,"128442","422",4,10,NA,NA,NA,NA,1040
4,2,2,"160542","422",4,10,NA,NA,NA,NA,1040
4,2,2,"192642","412",4,15,NA,NA,NA,NA,870
4,2,2,"224742","422",4,2,NA,NA,NA,NA,920
4,2,2,"256842","412",4,50,NA,NA,NA,NA,1400
4,2,2,"288942","422",4,0,NA,NA,NA,NA,890
4,2,2,"321042","412",4,0,NA,NA,NA,NA,650
4,2,2,"32142","422",5,0,NA,NA,NA,NA,740
4,2,2,"64242","412",5,0,NA,NA,NA,NA,720
4,2,2,"96342","412",5,0,NA,NA,NA,NA,720
4,2,2,"128442","422",5,50,NA,NA,NA,NA,1490
4,2,2,"160542","422",5,0,NA,NA,NA,NA,740
4,2,2,"192642","412",5,5,NA,NA,NA,NA,800
4,2,2,"224742","422",5,2,NA,NA,NA,NA,770
4,2,2,"256842","412",5,50,NA,NA,NA,NA,1470
4,2,2,"288942","422",5,0,NA,NA,NA,NA,740
4,2,2,"321042","412",5,0,NA,NA,NA,NA,720
4,2,2,"32142","422",6,1,NA,NA,NA,NA,780
4,2,2,"64242","412",6,0,NA,NA,NA,NA,460
4,2,2,"96342","412",6,5,NA,NA,NA,NA,530
4,2,2,"128442","422",6,45,NA,NA,NA,NA,1440
4,2,2,"160542","422",6,0,NA,NA,NA,NA,770
4,2,2,"192642","412",6,48,NA,NA,NA,NA,1180
4,2,2,"224742","422",6,0,NA,NA,NA,NA,770
4,2,2,"256842","412",6,50,NA,NA,NA,NA,1210
4,2,2,"288942","422",6,0,NA,NA,NA,NA,770
4,2,2,"321042","412",6,5,NA,NA,NA,NA,530
4,2,2,"32142","422",7,0,NA,NA,NA,NA,600
4,2,2,"64242","412",7,40,NA,NA,NA,NA,650
4,2,2,"96342","412",7,0,NA,NA,NA,NA,50
4,2,2,"128442","422",7,10,NA,NA,NA,NA,750
4,2,2,"160542","422",7,30,NA,NA,NA,NA,1050
4,2,2,"192642","412",7,49,NA,NA,NA,NA,790
4,2,2,"224742","422",7,0,NA,NA,NA,NA,600
4,2,2,"256842","412",7,50,NA,NA,NA,NA,800
4,2,2,"288942","422",7,40,NA,NA,NA,NA,1200
4,2,2,"321042","412",7,50,NA,NA,NA,NA,800
4,2,2,"32142","422",8,1,NA,NA,NA,NA,760
4,2,2,"64242","412",8,50,NA,NA,NA,NA,1250
4,2,2,"96342","412",8,0,NA,NA,NA,NA,500
4,2,2,"128442","422",8,50,NA,NA,NA,NA,1490
4,2,2,"160542","422",8,0,NA,NA,NA,NA,740
4,2,2,"192642","412",8,0,NA,NA,NA,NA,500
4,2,2,"224742","422",8,0,NA,NA,NA,NA,740
4,2,2,"256842","412",8,0,NA,NA,NA,NA,500
4,2,2,"288942","422",8,0,NA,NA,NA,NA,740
4,2,2,"321042","412",8,50,NA,NA,NA,NA,1250
4,2,2,"32142","422",9,0,NA,NA,NA,NA,770
4,2,2,"64242","412",9,0,NA,NA,NA,NA,500
4,2,2,"96342","412",9,0,NA,NA,NA,NA,500
4,2,2,"128442","422",9,0,NA,NA,NA,NA,770
4,2,2,"160542","422",9,45,NA,NA,NA,NA,1450
4,2,2,"192642","412",9,0,NA,NA,NA,NA,500
4,2,2,"224742","422",9,0,NA,NA,NA,NA,770
4,2,2,"256842","412",9,50,NA,NA,NA,NA,1250
4,2,2,"288942","422",9,0,NA,NA,NA,NA,770
4,2,2,"321042","412",9,50,NA,NA,NA,NA,1250
4,2,2,"32142","422",10,0,NA,NA,NA,NA,470
4,2,2,"64242","412",10,25,NA,NA,NA,NA,630
4,2,2,"96342","412",10,0,NA,NA,NA,NA,250
4,2,2,"128442","422",10,45,NA,NA,NA,NA,1150
4,2,2,"160542","422",10,10,NA,NA,NA,NA,620
4,2,2,"192642","412",10,24,NA,NA,NA,NA,610
4,2,2,"224742","422",10,50,NA,NA,NA,NA,1220
4,2,2,"256842","412",10,50,NA,NA,NA,NA,1000
4,2,2,"288942","422",10,0,NA,NA,NA,NA,470
4,2,2,"321042","412",10,50,NA,NA,NA,NA,1000
4,2,2,"32142","422",11,0,0,NA,NA,0,450
4,2,2,"64242","412",11,0,-1,NA,NA,NA,500
4,2,2,"96342","412",11,0,1,0,0,NA,500
4,2,2,"128442","422",11,50,-1,NA,NA,NA,1200
4,2,2,"160542","422",11,50,0,NA,NA,0,1200
4,2,2,"192642","412",11,0,0,NA,NA,0,500
4,2,2,"224742","422",11,10,1,50,0,NA,850
4,2,2,"256842","412",11,50,0,NA,NA,0,1250
4,2,2,"288942","422",11,0,1,0,0,NA,450
4,2,2,"321042","412",11,50,1,50,0,NA,1500
4,2,2,"32142","422",12,0,1,0,0,NA,900
4,2,2,"64242","412",12,0,1,50,0,NA,670
4,2,2,"96342","412",12,0,-1,NA,NA,NA,420
4,2,2,"128442","422",12,0,0,NA,NA,0,900
4,2,2,"160542","422",12,10,-1,NA,NA,NA,1050
4,2,2,"192642","412",12,15,0,NA,NA,0,650
4,2,2,"224742","422",12,10,1,0,0,NA,1050
4,2,2,"256842","412",12,50,1,15,0,NA,1420
4,2,2,"288942","422",12,0,0,NA,NA,0,900
4,2,2,"321042","412",12,50,0,NA,NA,0,1170
4,2,2,"32142","422",13,0,0,NA,NA,0,500
4,2,2,"64242","412",13,0,1,50,1,NA,500
4,2,2,"96342","412",13,0,0,NA,NA,0,500
4,2,2,"128442","422",13,50,-1,NA,NA,NA,1250
4,2,2,"160542","422",13,50,1,0,0,NA,1250
4,2,2,"192642","412",13,0,-1,NA,NA,NA,500
4,2,2,"224742","422",13,0,1,0,0,NA,500
4,2,2,"256842","412",13,50,1,0,0,NA,1250
4,2,2,"288942","422",13,0,0,NA,NA,0,500
4,2,2,"321042","412",13,50,0,NA,NA,1,0
4,2,2,"32142","422",14,0,-1,NA,NA,NA,670
4,2,2,"64242","412",14,0,1,50,0,NA,670
4,2,2,"96342","412",14,0,1,25,0,NA,670
4,2,2,"128442","422",14,45,0,NA,NA,0,1350
4,2,2,"160542","422",14,20,1,45,0,NA,1220
4,2,2,"192642","412",14,25,0,NA,NA,0,800
4,2,2,"224742","422",14,0,1,0,0,NA,670
4,2,2,"256842","412",14,50,0,NA,NA,0,1170
4,2,2,"288942","422",14,0,0,NA,NA,0,670
4,2,2,"321042","412",14,40,-1,NA,NA,NA,1020
4,2,2,"32142","422",15,0,0,NA,NA,0,720
4,2,2,"64242","412",15,0,0,NA,NA,0,380
4,2,2,"96342","412",15,0,1,0,0,NA,380
4,2,2,"128442","422",15,0,0,NA,NA,0,720
4,2,2,"160542","422",15,45,1,0,0,NA,1400
4,2,2,"192642","412",15,23,-1,NA,NA,NA,730
4,2,2,"224742","422",15,10,1,0,0,NA,870
4,2,2,"256842","412",15,50,0,NA,NA,0,1130
4,2,2,"288942","422",15,0,-1,NA,NA,NA,720
4,2,2,"321042","412",15,50,1,50,0,NA,1380
4,2,2,"32142","422",16,0,0,NA,NA,0,600
4,2,2,"64242","412",16,0,1,0,0,NA,360
4,2,2,"96342","412",16,0,0,NA,NA,0,360
4,2,2,"128442","422",16,50,-1,NA,NA,NA,1350
4,2,2,"160542","422",16,30,1,0,0,NA,1050
4,2,2,"192642","412",16,37,-1,NA,NA,NA,920
4,2,2,"224742","422",16,0,1,0,0,NA,600
4,2,2,"256842","412",16,50,0,NA,NA,0,1110
4,2,2,"288942","422",16,0,0,NA,NA,0,600
4,2,2,"321042","412",16,40,1,50,0,NA,1210
4,2,2,"32142","422",17,0,1,50,0,NA,1000
4,2,2,"64242","412",17,0,-1,NA,NA,NA,360
4,2,2,"96342","412",17,0,0,NA,NA,0,360
4,2,2,"128442","422",17,0,1,0,0,NA,750
4,2,2,"160542","422",17,50,0,NA,NA,0,1500
4,2,2,"192642","412",17,27,1,50,0,NA,1020
4,2,2,"224742","422",17,0,0,NA,NA,0,750
4,2,2,"256842","412",17,50,1,0,0,NA,1110
4,2,2,"288942","422",17,0,-1,NA,NA,NA,750
4,2,2,"321042","412",17,50,0,NA,NA,0,1110
4,2,2,"32142","422",18,0,1,45,0,NA,770
4,2,2,"64242","412",18,50,1,0,0,NA,800
4,2,2,"96342","412",18,0,0,NA,NA,0,50
4,2,2,"128442","422",18,50,-1,NA,NA,NA,1270
4,2,2,"160542","422",18,45,0,NA,NA,0,1200
4,2,2,"192642","412",18,39,0,NA,NA,0,640
4,2,2,"224742","422",18,0,0,NA,NA,0,520
4,2,2,"256842","412",18,50,1,39,0,NA,1050
4,2,2,"288942","422",18,0,1,0,0,NA,520
4,2,2,"321042","412",18,50,-1,NA,NA,NA,800
4,2,2,"32142","422",19,0,0,NA,NA,0,770
4,2,2,"64242","412",19,50,0,NA,NA,0,830
4,2,2,"96342","412",19,0,0,NA,NA,0,80
4,2,2,"128442","422",19,0,-1,NA,NA,NA,770
4,2,2,"160542","422",19,45,1,0,0,NA,1450
4,2,2,"192642","412",19,33,-1,NA,NA,NA,580
4,2,2,"224742","422",19,0,0,NA,NA,0,770
4,2,2,"256842","412",19,50,1,0,0,NA,830
4,2,2,"288942","422",19,0,1,0,0,NA,770
4,2,2,"321042","412",19,50,1,50,0,NA,1080
4,2,2,"32142","422",20,0,0,NA,NA,0,500
4,2,2,"64242","412",20,50,0,NA,NA,0,750
4,2,2,"96342","412",20,0,1,50,0,NA,250
4,2,2,"128442","422",20,50,0,NA,NA,0,1250
4,2,2,"160542","422",20,50,1,0,0,NA,1250
4,2,2,"192642","412",20,49,0,NA,NA,0,740
4,2,2,"224742","422",20,0,-1,NA,NA,NA,500
4,2,2,"256842","412",20,50,-1,NA,NA,NA,750
4,2,2,"288942","422",20,0,1,50,0,NA,750
4,2,2,"321042","412",20,50,1,49,0,NA,1000
6,1,1,"32161","611",1,0,NA,NA,NA,NA,670
6,1,1,"64261","621",1,35,NA,NA,NA,NA,970
6,1,1,"96361","621",1,50,NA,NA,NA,NA,1200
6,1,1,"128461","611",1,15,NA,NA,NA,NA,900
6,1,1,"160561","621",1,0,NA,NA,NA,NA,450
6,1,1,"192661","621",1,5,NA,NA,NA,NA,520
6,1,1,"224761","611",1,45,NA,NA,NA,NA,1350
6,1,1,"256861","611",1,0,NA,NA,NA,NA,670
6,1,1,"288961","611",1,5,NA,NA,NA,NA,750
6,1,1,"321061","621",1,20,NA,NA,NA,NA,750
6,1,1,"32161","611",2,47,NA,NA,NA,NA,990
6,1,1,"64261","621",2,15,NA,NA,NA,NA,770
6,1,1,"96361","621",2,50,NA,NA,NA,NA,1300
6,1,1,"128461","611",2,20,NA,NA,NA,NA,590
6,1,1,"160561","621",2,0,NA,NA,NA,NA,550
6,1,1,"192661","621",2,20,NA,NA,NA,NA,850
6,1,1,"224761","611",2,25,NA,NA,NA,NA,660
6,1,1,"256861","611",2,50,NA,NA,NA,NA,1040
6,1,1,"288961","611",2,0,NA,NA,NA,NA,290
6,1,1,"321061","621",2,5,NA,NA,NA,NA,620
6,1,1,"32161","611",3,22,NA,NA,NA,NA,660
6,1,1,"64261","621",3,0,NA,NA,NA,NA,450
6,1,1,"96361","621",3,50,NA,NA,NA,NA,1200
6,1,1,"128461","611",3,16,NA,NA,NA,NA,570
6,1,1,"160561","621",3,0,NA,NA,NA,NA,450
6,1,1,"192661","621",3,20,NA,NA,NA,NA,750
6,1,1,"224761","611",3,45,NA,NA,NA,NA,1010
6,1,1,"256861","611",3,0,NA,NA,NA,NA,330
6,1,1,"288961","611",3,50,NA,NA,NA,NA,1080
6,1,1,"321061","621",3,40,NA,NA,NA,NA,1050
6,1,1,"32161","611",4,45,NA,NA,NA,NA,1190
6,1,1,"64261","621",4,10,NA,NA,NA,NA,750
6,1,1,"96361","621",4,0,NA,NA,NA,NA,600
6,1,1,"128461","611",4,17,NA,NA,NA,NA,770
6,1,1,"160561","621",4,0,NA,NA,NA,NA,600
6,1,1,"192661","621",4,30,NA,NA,NA,NA,1050
6,1,1,"224761","611",4,35,NA,NA,NA,NA,1040
6,1,1,"256861","611",4,0,NA,NA,NA,NA,510
6,1,1,"288961","611",4,0,NA,NA,NA,NA,510
6,1,1,"321061","621",4,40,NA,NA,NA,NA,1200
6,1,1,"32161","611",5,50,NA,NA,NA,NA,1270
6,1,1,"64261","621",5,23,NA,NA,NA,NA,580
6,1,1,"96361","621",5,50,NA,NA,NA,NA,980
6,1,1,"128461","611",5,16,NA,NA,NA,NA,760
6,1,1,"160561","621",5,20,NA,NA,NA,NA,530
6,1,1,"192661","621",5,20,NA,NA,NA,NA,530
6,1,1,"224761","611",5,30,NA,NA,NA,NA,970
6,1,1,"256861","611",5,0,NA,NA,NA,NA,520
6,1,1,"288961","611",5,0,NA,NA,NA,NA,520
6,1,1,"321061","621",5,40,NA,NA,NA,NA,830
6,1,1,"32161","611",6,22,NA,NA,NA,NA,880
6,1,1,"64261","621",6,50,NA,NA,NA,NA,1050
6,1,1,"96361","621",6,50,NA,NA,NA,NA,1050
6,1,1,"128461","611",6,16,NA,NA,NA,NA,790
6,1,1,"160561","621",6,20,NA,NA,NA,NA,600
6,1,1,"192661","621",6,20,NA,NA,NA,NA,600
6,1,1,"224761","611",6,40,NA,NA,NA,NA,1150
6,1,1,"256861","611",6,0,NA,NA,NA,NA,550
6,1,1,"288961","611",6,12,NA,NA,NA,NA,730
6,1,1,"321061","621",6,0,NA,NA,NA,NA,300
6,1,1,"32161","611",7,41,NA,NA,NA,NA,1090
6,1,1,"64261","621",7,50,NA,NA,NA,NA,950
6,1,1,"96361","621",7,50,NA,NA,NA,NA,950
6,1,1,"128461","611",7,18,NA,NA,NA,NA,750
6,1,1,"160561","621",7,0,NA,NA,NA,NA,200
6,1,1,"192661","621",7,20,NA,NA,NA,NA,500
6,1,1,"224761","611",7,35,NA,NA,NA,NA,1000
6,1,1,"256861","611",7,0,NA,NA,NA,NA,480
6,1,1,"288961","611",7,10,NA,NA,NA,NA,630
6,1,1,"321061","621",7,40,NA,NA,NA,NA,800
6,1,1,"32161","611",8,7,NA,NA,NA,NA,640
6,1,1,"64261","621",8,50,NA,NA,NA,NA,900
6,1,1,"96361","621",8,50,NA,NA,NA,NA,900
6,1,1,"128461","611",8,20,NA,NA,NA,NA,840
6,1,1,"160561","621",8,50,NA,NA,NA,NA,900
6,1,1,"192661","621",8,20,NA,NA,NA,NA,450
6,1,1,"224761","611",8,35,NA,NA,NA,NA,1060
6,1,1,"256861","611",8,0,NA,NA,NA,NA,540
6,1,1,"288961","611",8,30,NA,NA,NA,NA,990
6,1,1,"321061","621",8,0,NA,NA,NA,NA,150
6,1,1,"32161","611",9,36,NA,NA,NA,NA,680
6,1,1,"64261","621",9,50,NA,NA,NA,NA,570
6,1,1,"96361","621",9,50,NA,NA,NA,NA,570
6,1,1,"128461","611",9,50,NA,NA,NA,NA,890
6,1,1,"160561","621",9,50,NA,NA,NA,NA,570
6,1,1,"192661","621",9,45,NA,NA,NA,NA,500
6,1,1,"224761","611",9,35,NA,NA,NA,NA,670
6,1,1,"256861","611",9,0,NA,NA,NA,NA,140
6,1,1,"288961","611",9,50,NA,NA,NA,NA,890
6,1,1,"321061","621",9,40,NA,NA,NA,NA,420
6,1,1,"32161","611",10,17,NA,NA,NA,NA,420
6,1,1,"64261","621",10,50,NA,NA,NA,NA,850
6,1,1,"96361","621",10,40,NA,NA,NA,NA,700
6,1,1,"128461","611",10,50,NA,NA,NA,NA,910
6,1,1,"160561","621",10,0,NA,NA,NA,NA,100
6,1,1,"192661","621",10,50,NA,NA,NA,NA,850
6,1,1,"224761","611",10,50,NA,NA,NA,NA,910
6,1,1,"256861","611",10,0,NA,NA,NA,NA,160
6,1,1,"288961","611",10,50,NA,NA,NA,NA,910
6,1,1,"321061","621",10,40,NA,NA,NA,NA,700
6,1,1,"32161","611",11,35,0,NA,NA,1,0
6,1,1,"64261","621",11,35,-1,NA,NA,NA,1000
6,1,1,"96361","621",11,50,1,0,0,NA,1220
6,1,1,"128461","611",11,20,1,35,1,NA,750
6,1,1,"160561","621",11,0,1,20,0,NA,720
6,1,1,"192661","621",11,20,0,NA,NA,0,770
6,1,1,"224761","611",11,25,1,30,0,NA,1070
6,1,1,"256861","611",11,0,-1,NA,NA,NA,450
6,1,1,"288961","611",11,30,0,NA,NA,0,900
6,1,1,"321061","621",11,0,0,NA,NA,0,470
6,1,1,"32161","611",12,11,1,35,1,NA,710
6,1,1,"64261","621",12,23,1,0,0,NA,880
6,1,1,"96361","621",12,50,0,NA,NA,1,0
6,1,1,"128461","611",12,25,-1,NA,NA,NA,920
6,1,1,"160561","621",12,0,0,NA,NA,0,530
6,1,1,"192661","621",12,20,-1,NA,NA,NA,830
6,1,1,"224761","611",12,35,0,NA,NA,1,0
6,1,1,"256861","611",12,0,0,NA,NA,0,540
6,1,1,"288961","611",12,20,1,0,0,NA,840
6,1,1,"321061","621",12,0,1,50,1,NA,530
6,1,1,"32161","611",13,0,1,0,0,NA,620
6,1,1,"64261","621",13,45,1,20,1,NA,1150
6,1,1,"96361","621",13,40,-1,NA,NA,NA,1070
6,1,1,"128461","611",13,26,0,NA,NA,0,1010
6,1,1,"160561","621",13,0,0,NA,NA,0,470
6,1,1,"192661","621",13,20,0,NA,NA,1,0
6,1,1,"224761","611",13,25,-1,NA,NA,NA,990
6,1,1,"256861","611",13,0,0,NA,NA,0,620
6,1,1,"288961","611",13,25,1,26,0,NA,1240
6,1,1,"321061","621",13,0,1,0,0,NA,470
6,1,1,"32161","611",14,12,0,NA,NA,1,0
6,1,1,"64261","621",14,40,1,0,0,NA,1100
6,1,1,"96361","621",14,40,0,NA,NA,1,0
6,1,1,"128461","611",14,42,0,NA,NA,1,0
6,1,1,"160561","621",14,0,1,40,1,NA,500
6,1,1,"192661","621",14,20,-1,NA,NA,NA,800
6,1,1,"224761","611",14,25,1,42,1,NA,980
6,1,1,"256861","611",14,0,1,12,1,NA,600
6,1,1,"288961","611",14,0,-1,NA,NA,NA,600
6,1,1,"321061","621",14,0,0,NA,NA,0,500
6,1,1,"32161","611",15,48,0,NA,NA,1,0
6,1,1,"64261","621",15,35,-1,NA,NA,NA,1000
6,1,1,"96361","621",15,50,0,NA,NA,1,0
6,1,1,"128461","611",15,20,1,25,1,NA,710
6,1,1,"160561","621",15,0,0,NA,NA,0,470
6,1,1,"192661","621",15,20,1,50,1,NA,770
6,1,1,"224761","611",15,25,1,48,1,NA,780
6,1,1,"256861","611",15,0,-1,NA,NA,NA,410
6,1,1,"288961","611",15,25,0,NA,NA,1,0
6,1,1,"321061","621",15,0,1,0,0,NA,470
6,1,1,"32161","611",16,0,1,25,0,NA,1000
6,1,1,"64261","621",16,33,-1,NA,NA,NA,980
6,1,1,"96361","621",16,50,0,NA,NA,1,0
6,1,1,"128461","611",16,25,0,NA,NA,0,1120
6,1,1,"160561","621",16,0,1,20,1,NA,480
6,1,1,"192661","621",16,20,0,NA,NA,1,0
6,1,1,"224761","611",16,25,-1,NA,NA,NA,1120
6,1,1,"256861","611",16,0,0,NA,NA,0,750
6,1,1,"288961","611",16,0,1,0,0,NA,750
6,1,1,"321061","621",16,0,1,50,1,NA,480
6,1,1,"32161","611",17,5,-1,NA,NA,NA,820
6,1,1,"64261","621",17,35,0,NA,NA,1,0
6,1,1,"96361","621",17,20,-1,NA,NA,NA,920
6,1,1,"128461","611",17,20,1,25,1,NA,1050
6,1,1,"160561","621",17,0,0,NA,NA,0,620
6,1,1,"192661","621",17,20,1,35,1,NA,920
6,1,1,"224761","611",17,25,0,NA,NA,1,0
6,1,1,"256861","611",17,0,0,NA,NA,0,750
6,1,1,"288961","611",17,0,1,0,0,NA,750
6,1,1,"321061","621",17,0,1,0,0,NA,620
6,1,1,"32161","611",18,1,0,NA,NA,0,760
6,1,1,"64261","621",18,25,-1,NA,NA,NA,1100
6,1,1,"96361","621",18,10,0,NA,NA,1,0
6,1,1,"128461","611",18,25,-1,NA,NA,NA,1120
6,1,1,"160561","621",18,0,0,NA,NA,0,720
6,1,1,"192661","621",18,20,1,0,0,NA,1020
6,1,1,"224761","611",18,25,1,0,0,NA,1120
6,1,1,"256861","611",18,0,0,NA,NA,0,740
6,1,1,"288961","611",18,0,1,1,0,NA,990
6,1,1,"321061","621",18,0,1,10,1,NA,720
6,1,1,"32161","611",19,0,1,0,0,NA,770
6,1,1,"64261","621",19,30,0,NA,NA,1,0
6,1,1,"96361","621",19,50,1,20,0,NA,1500
6,1,1,"128461","611",19,20,-1,NA,NA,NA,1070
6,1,1,"160561","621",19,0,-1,NA,NA,NA,500
6,1,1,"192661","621",19,20,0,NA,NA,0,800
6,1,1,"224761","611",19,25,0,NA,NA,0,1150
6,1,1,"256861","611",19,0,0,NA,NA,0,770
6,1,1,"288961","611",19,0,1,25,0,NA,1020
6,1,1,"321061","621",19,0,1,30,1,NA,500
6,1,1,"32161","611",20,0,1,25,1,NA,770
6,1,1,"64261","621",20,35,1,20,1,NA,1000
6,1,1,"96361","621",20,50,1,0,0,NA,1220
6,1,1,"128461","611",20,20,0,NA,NA,1,0
6,1,1,"160561","621",20,0,-1,NA,NA,NA,470
6,1,1,"192661","621",20,20,0,NA,NA,1,0
6,1,1,"224761","611",20,25,0,NA,NA,1,0
6,1,1,"256861","611",20,0,1,20,1,NA,770
6,1,1,"288961","611",20,0,-1,NA,NA,NA,770
6,1,1,"321061","621",20,0,0,NA,NA,0,470
6,1,2,"32162","622",1,50,NA,NA,NA,NA,870
6,1,2,"64262","622",1,45,NA,NA,NA,NA,800
6,1,2,"96362","612",1,15,NA,NA,NA,NA,220
6,1,2,"128462","612",1,50,NA,NA,NA,NA,750
6,1,2,"160562","622",1,50,NA,NA,NA,NA,870
6,1,2,"192662","622",1,30,NA,NA,NA,NA,570
6,1,2,"224762","612",1,45,NA,NA,NA,NA,670
6,1,2,"256862","622",1,0,NA,NA,NA,NA,120
6,1,2,"288962","612",1,50,NA,NA,NA,NA,750
6,1,2,"321062","612",1,40,NA,NA,NA,NA,600
6,1,2,"32162","622",2,50,NA,NA,NA,NA,700
6,1,2,"64262","622",2,50,NA,NA,NA,NA,700
6,1,2,"96362","612",2,25,NA,NA,NA,NA,440
6,1,2,"128462","612",2,50,NA,NA,NA,NA,810
6,1,2,"160562","622",2,45,NA,NA,NA,NA,620
6,1,2,"192662","622",2,40,NA,NA,NA,NA,550
6,1,2,"224762","612",2,39,NA,NA,NA,NA,650
6,1,2,"256862","622",2,25,NA,NA,NA,NA,320
6,1,2,"288962","612",2,50,NA,NA,NA,NA,810
6,1,2,"321062","612",2,23,NA,NA,NA,NA,410
6,1,2,"32162","622",3,30,NA,NA,NA,NA,600
6,1,2,"64262","622",3,50,NA,NA,NA,NA,900
6,1,2,"96362","612",3,35,NA,NA,NA,NA,550
6,1,2,"128462","612",3,50,NA,NA,NA,NA,780
6,1,2,"160562","622",3,50,NA,NA,NA,NA,900
6,1,2,"192662","622",3,40,NA,NA,NA,NA,750
6,1,2,"224762","612",3,50,NA,NA,NA,NA,780
6,1,2,"256862","622",3,0,NA,NA,NA,NA,150
6,1,2,"288962","612",3,40,NA,NA,NA,NA,630
6,1,2,"321062","612",3,19,NA,NA,NA,NA,310
6,1,2,"32162","622",4,50,NA,NA,NA,NA,650
6,1,2,"64262","622",4,50,NA,NA,NA,NA,650
6,1,2,"96362","612",4,50,NA,NA,NA,NA,700
6,1,2,"128462","612",4,25,NA,NA,NA,NA,320
6,1,2,"160562","622",4,50,NA,NA,NA,NA,650
6,1,2,"192662","622",4,40,NA,NA,NA,NA,500
6,1,2,"224762","612",4,45,NA,NA,NA,NA,620
6,1,2,"256862","622",4,30,NA,NA,NA,NA,350
6,1,2,"288962","612",4,50,NA,NA,NA,NA,700
6,1,2,"321062","612",4,40,NA,NA,NA,NA,550
6,1,2,"32162","622",5,50,NA,NA,NA,NA,670
6,1,2,"64262","622",5,50,NA,NA,NA,NA,670
6,1,2,"96362","612",5,36,NA,NA,NA,NA,490
6,1,2,"128462","612",5,45,NA,NA,NA,NA,620
6,1,2,"160562","622",5,50,NA,NA,NA,NA,670
6,1,2,"192662","622",5,45,NA,NA,NA,NA,600
6,1,2,"224762","612",5,49,NA,NA,NA,NA,680
6,1,2,"256862","622",5,20,NA,NA,NA,NA,220
6,1,2,"288962","612",5,40,NA,NA,NA,NA,550
6,1,2,"321062","612",5,40,NA,NA,NA,NA,550
6,1,2,"32162","622",6,30,NA,NA,NA,NA,570
6,1,2,"64262","622",6,50,NA,NA,NA,NA,870
6,1,2,"96362","612",6,45,NA,NA,NA,NA,740
6,1,2,"128462","612",6,0,NA,NA,NA,NA,70
6,1,2,"160562","622",6,50,NA,NA,NA,NA,870
6,1,2,"192662","622",6,45,NA,NA,NA,NA,800
6,1,2,"224762","612",6,49,NA,NA,NA,NA,800
6,1,2,"256862","622",6,0,NA,NA,NA,NA,120
6,1,2,"288962","612",6,50,NA,NA,NA,NA,820
6,1,2,"321062","612",6,42,NA,NA,NA,NA,700
6,1,2,"32162","622",7,50,NA,NA,NA,NA,550
6,1,2,"64262","622",7,50,NA,NA,NA,NA,550
6,1,2,"96362","612",7,43,NA,NA,NA,NA,500
6,1,2,"128462","612",7,50,NA,NA,NA,NA,610
6,1,2,"160562","622",7,50,NA,NA,NA,NA,550
6,1,2,"192662","622",7,50,NA,NA,NA,NA,550
6,1,2,"224762","612",7,39,NA,NA,NA,NA,440
6,1,2,"256862","622",7,40,NA,NA,NA,NA,400
6,1,2,"288962","612",7,50,NA,NA,NA,NA,610
6,1,2,"321062","612",7,46,NA,NA,NA,NA,550
6,1,2,"32162","622",8,50,NA,NA,NA,NA,650
6,1,2,"64262","622",8,50,NA,NA,NA,NA,650
6,1,2,"96362","612",8,45,NA,NA,NA,NA,620
6,1,2,"128462","612",8,50,NA,NA,NA,NA,700
6,1,2,"160562","622",8,50,NA,NA,NA,NA,650
6,1,2,"192662","622",8,50,NA,NA,NA,NA,650
6,1,2,"224762","612",8,50,NA,NA,NA,NA,700
6,1,2,"256862","622",8,20,NA,NA,NA,NA,200
6,1,2,"288962","612",8,30,NA,NA,NA,NA,400
6,1,2,"321062","612",8,35,NA,NA,NA,NA,470
6,1,2,"32162","622",9,50,NA,NA,NA,NA,750
6,1,2,"64262","622",9,50,NA,NA,NA,NA,750
6,1,2,"96362","612",9,50,NA,NA,NA,NA,530
6,1,2,"128462","612",9,50,NA,NA,NA,NA,530
6,1,2,"160562","622",9,50,NA,NA,NA,NA,750
6,1,2,"192662","622",9,50,NA,NA,NA,NA,750
6,1,2,"224762","612",9,48,NA,NA,NA,NA,500
6,1,2,"256862","622",9,0,NA,NA,NA,NA,0
6,1,2,"288962","612",9,50,NA,NA,NA,NA,530
6,1,2,"321062","612",9,45,NA,NA,NA,NA,460
6,1,2,"32162","622",10,50,NA,NA,NA,NA,550
6,1,2,"64262","622",10,50,NA,NA,NA,NA,550
6,1,2,"96362","612",10,45,NA,NA,NA,NA,840
6,1,2,"128462","612",10,50,NA,NA,NA,NA,920
6,1,2,"160562","622",10,50,NA,NA,NA,NA,550
6,1,2,"192662","622",10,50,NA,NA,NA,NA,550
6,1,2,"224762","612",10,0,NA,NA,NA,NA,170
6,1,2,"256862","622",10,40,NA,NA,NA,NA,400
6,1,2,"288962","612",10,50,NA,NA,NA,NA,920
6,1,2,"321062","612",10,21,NA,NA,NA,NA,480
6,1,2,"32162","622",11,50,0,NA,NA,0,810
6,1,2,"64262","622",11,50,0,NA,NA,1,0
6,1,2,"96362","612",11,45,1,33,0,NA,810
6,1,2,"128462","612",11,50,-1,NA,NA,NA,630
6,1,2,"160562","622",11,50,1,50,1,NA,810
6,1,2,"192662","622",11,12,1,50,0,NA,490
6,1,2,"224762","612",11,45,1,50,0,NA,810
6,1,2,"256862","622",11,25,-1,NA,NA,NA,440
6,1,2,"288962","612",11,50,0,NA,NA,0,630
6,1,2,"321062","612",11,33,0,NA,NA,0,380
6,1,2,"32162","622",12,40,-1,NA,NA,NA,570
6,1,2,"64262","622",12,50,1,40,0,NA,970
6,1,2,"96362","612",12,45,1,45,0,NA,930
6,1,2,"128462","612",12,50,1,10,0,NA,1010
6,1,2,"160562","622",12,50,1,25,1,NA,720
6,1,2,"192662","622",12,40,0,NA,NA,0,570
6,1,2,"224762","612",12,48,-1,NA,NA,NA,730
6,1,2,"256862","622",12,25,0,NA,NA,1,0
6,1,2,"288962","612",12,45,0,NA,NA,0,680
6,1,2,"321062","612",12,10,0,NA,NA,0,160
6,1,2,"32162","622",13,30,1,50,0,NA,850
6,1,2,"64262","622",13,50,0,NA,NA,0,900
6,1,2,"96362","612",13,48,0,NA,NA,1,0
6,1,2,"128462","612",13,50,1,48,1,NA,510
6,1,2,"160562","622",13,50,1,0,0,NA,900
6,1,2,"192662","622",13,40,-1,NA,NA,NA,750
6,1,2,"224762","612",13,49,1,50,0,NA,750
6,1,2,"256862","622",13,0,0,NA,NA,0,150
6,1,2,"288962","612",13,50,0,NA,NA,0,510
6,1,2,"321062","612",13,50,-1,NA,NA,NA,510
6,1,2,"32162","622",14,40,0,NA,NA,0,650
6,1,2,"64262","622",14,50,0,NA,NA,1,0
6,1,2,"96362","612",14,45,0,NA,NA,0,670
6,1,2,"128462","612",14,50,-1,NA,NA,NA,750
6,1,2,"160562","622",14,50,-1,NA,NA,NA,800
6,1,2,"192662","622",14,50,1,40,0,NA,1050
6,1,2,"224762","612",14,50,0,NA,NA,1,0
6,1,2,"256862","622",14,0,1,50,1,NA,50
6,1,2,"288962","612",14,45,1,50,1,NA,670
6,1,2,"321062","612",14,10,1,45,0,NA,400
6,1,2,"32162","622",15,40,1,30,0,NA,750
6,1,2,"64262","622",15,50,1,50,0,NA,900
6,1,2,"96362","612",15,47,1,50,1,NA,620
6,1,2,"128462","612",15,50,0,NA,NA,1,0
6,1,2,"160562","622",15,50,0,NA,NA,0,650
6,1,2,"192662","622",15,50,-1,NA,NA,NA,650
6,1,2,"224762","612",15,50,0,NA,NA,1,0
6,1,2,"256862","622",15,30,0,NA,NA,0,350
6,1,2,"288962","612",15,50,1,50,1,NA,660
6,1,2,"321062","612",15,20,-1,NA,NA,NA,210
6,1,2,"32162","622",16,50,-1,NA,NA,NA,750
6,1,2,"64262","622",16,50,0,NA,NA,0,750
6,1,2,"96362","612",16,47,1,45,0,NA,840
6,1,2,"128462","612",16,50,-1,NA,NA,NA,640
6,1,2,"160562","622",16,50,1,0,0,NA,750
6,1,2,"192662","622",16,50,1,50,0,NA,1000
6,1,2,"224762","612",16,45,0,NA,NA,0,560
6,1,2,"256862","622",16,0,0,NA,NA,0,0
6,1,2,"288962","612",16,50,0,NA,NA,0,640
6,1,2,"321062","612",16,30,1,50,0,NA,590
6,1,2,"32162","622",17,40,0,NA,NA,1,0
6,1,2,"64262","622",17,5,1,50,0,NA,350
6,1,2,"96362","612",17,48,-1,NA,NA,NA,630
6,1,2,"128462","612",17,50,0,NA,NA,0,660
6,1,2,"160562","622",17,50,1,40,1,NA,770
6,1,2,"192662","622",17,50,-1,NA,NA,NA,770
6,1,2,"224762","612",17,48,1,50,0,NA,880
6,1,2,"256862","622",17,50,0,NA,NA,0,770
6,1,2,"288962","612",17,50,0,NA,NA,0,660
6,1,2,"321062","612",17,21,1,50,0,NA,480
6,1,2,"32162","622",18,40,1,50,0,NA,900
6,1,2,"64262","622",18,50,0,NA,NA,0,800
6,1,2,"96362","612",18,49,1,20,0,NA,890
6,1,2,"128462","612",18,50,1,49,0,NA,910
6,1,2,"160562","622",18,50,0,NA,NA,0,800
6,1,2,"192662","622",18,50,1,50,0,NA,1050
6,1,2,"224762","612",18,49,0,NA,NA,0,640
6,1,2,"256862","622",18,0,-1,NA,NA,NA,50
6,1,2,"288962","612",18,50,-1,NA,NA,NA,660
6,1,2,"321062","612",18,20,0,NA,NA,0,210
6,1,2,"32162","622",19,40,0,NA,NA,1,0
6,1,2,"64262","622",19,50,-1,NA,NA,NA,650
6,1,2,"96362","612",19,50,-1,NA,NA,NA,590
6,1,2,"128462","612",19,50,0,NA,NA,1,0
6,1,2,"160562","622",19,50,1,40,1,NA,650
6,1,2,"192662","622",19,50,1,30,0,NA,900
6,1,2,"224762","612",19,50,1,31,0,NA,840
6,1,2,"256862","622",19,30,0,NA,NA,0,350
6,1,2,"288962","612",19,50,1,50,1,NA,590
6,1,2,"321062","612",19,31,0,NA,NA,0,310
6,1,2,"32162","622",20,40,0,NA,NA,1,0
6,1,2,"64262","622",20,50,-1,NA,NA,NA,670
6,1,2,"96362","612",20,50,1,43,0,NA,780
6,1,2,"128462","612",20,50,-1,NA,NA,NA,530
6,1,2,"160562","622",20,50,1,40,1,NA,670
6,1,2,"192662","622",20,50,0,NA,NA,1,0
6,1,2,"224762","612",20,50,1,50,0,NA,780
6,1,2,"256862","622",20,25,1,50,1,NA,300
6,1,2,"288962","612",20,50,0,NA,NA,0,530
6,1,2,"321062","612",20,43,0,NA,NA,0,430
7,2,1,"32171","711",1,35,NA,NA,NA,NA,980
7,2,1,"64271","711",1,25,NA,NA,NA,NA,830
7,2,1,"96371","711",1,24,NA,NA,NA,NA,810
7,2,1,"128471","711",1,25,NA,NA,NA,NA,830
7,2,1,"160571","711",1,0,NA,NA,NA,NA,450
7,2,1,"192671","721",1,0,NA,NA,NA,NA,870
7,2,1,"224771","721",1,10,NA,NA,NA,NA,1020
7,2,1,"256871","721",1,5,NA,NA,NA,NA,950
7,2,1,"288971","721",1,5,NA,NA,NA,NA,950
7,2,1,"321071","721",1,5,NA,NA,NA,NA,950
7,2,1,"32171","711",2,40,NA,NA,NA,NA,1010
7,2,1,"64271","711",2,25,NA,NA,NA,NA,790
7,2,1,"96371","711",2,24,NA,NA,NA,NA,770
7,2,1,"128471","711",2,25,NA,NA,NA,NA,790
7,2,1,"160571","711",2,3,NA,NA,NA,NA,460
7,2,1,"192671","721",2,0,NA,NA,NA,NA,890
7,2,1,"224771","721",2,10,NA,NA,NA,NA,1040
7,2,1,"256871","721",2,8,NA,NA,NA,NA,1010
7,2,1,"288971","721",2,0,NA,NA,NA,NA,890
7,2,1,"321071","721",2,3,NA,NA,NA,NA,940
7,2,1,"32171","711",3,25,NA,NA,NA,NA,1010
7,2,1,"64271","711",3,20,NA,NA,NA,NA,940
7,2,1,"96371","711",3,0,NA,NA,NA,NA,640
7,2,1,"128471","711",3,25,NA,NA,NA,NA,1010
7,2,1,"160571","711",3,2,NA,NA,NA,NA,670
7,2,1,"192671","721",3,0,NA,NA,NA,NA,890
7,2,1,"224771","721",3,10,NA,NA,NA,NA,1040
7,2,1,"256871","721",3,8,NA,NA,NA,NA,1010
7,2,1,"288971","721",3,0,NA,NA,NA,NA,890
7,2,1,"321071","721",3,3,NA,NA,NA,NA,940
7,2,1,"32171","711",4,25,NA,NA,NA,NA,930
7,2,1,"64271","711",4,18,NA,NA,NA,NA,830
7,2,1,"96371","711",4,24,NA,NA,NA,NA,920
7,2,1,"128471","711",4,20,NA,NA,NA,NA,860
7,2,1,"160571","711",4,1,NA,NA,NA,NA,570
7,2,1,"192671","721",4,0,NA,NA,NA,NA,890
7,2,1,"224771","721",4,10,NA,NA,NA,NA,1040
7,2,1,"256871","721",4,8,NA,NA,NA,NA,1010
7,2,1,"288971","721",4,1,NA,NA,NA,NA,910
7,2,1,"321071","721",4,2,NA,NA,NA,NA,920
7,2,1,"32171","711",5,35,NA,NA,NA,NA,1040
7,2,1,"64271","711",5,15,NA,NA,NA,NA,740
7,2,1,"96371","711",5,20,NA,NA,NA,NA,820
7,2,1,"128471","711",5,20,NA,NA,NA,NA,820
7,2,1,"160571","711",5,6,NA,NA,NA,NA,610
7,2,1,"192671","721",5,0,NA,NA,NA,NA,890
7,2,1,"224771","721",5,10,NA,NA,NA,NA,1040
7,2,1,"256871","721",5,8,NA,NA,NA,NA,1010
7,2,1,"288971","721",5,2,NA,NA,NA,NA,920
7,2,1,"321071","721",5,2,NA,NA,NA,NA,920
7,2,1,"32171","711",6,25,NA,NA,NA,NA,900
7,2,1,"64271","711",6,25,NA,NA,NA,NA,900
7,2,1,"96371","711",6,20,NA,NA,NA,NA,820
7,2,1,"128471","711",6,25,NA,NA,NA,NA,900
7,2,1,"160571","711",6,0,NA,NA,NA,NA,520
7,2,1,"192671","721",6,0,NA,NA,NA,NA,890
7,2,1,"224771","721",6,10,NA,NA,NA,NA,1040
7,2,1,"256871","721",6,8,NA,NA,NA,NA,1010
7,2,1,"288971","721",6,0,NA,NA,NA,NA,890
7,2,1,"321071","721",6,3,NA,NA,NA,NA,940
7,2,1,"32171","711",7,50,NA,NA,NA,NA,1220
7,2,1,"64271","711",7,10,NA,NA,NA,NA,620
7,2,1,"96371","711",7,20,NA,NA,NA,NA,770
7,2,1,"128471","711",7,25,NA,NA,NA,NA,840
7,2,1,"160571","711",7,1,NA,NA,NA,NA,480
7,2,1,"192671","721",7,0,NA,NA,NA,NA,900
7,2,1,"224771","721",7,10,NA,NA,NA,NA,1050
7,2,1,"256871","721",7,8,NA,NA,NA,NA,1020
7,2,1,"288971","721",7,0,NA,NA,NA,NA,900
7,2,1,"321071","721",7,2,NA,NA,NA,NA,930
7,2,1,"32171","711",8,45,NA,NA,NA,NA,1070
7,2,1,"64271","711",8,25,NA,NA,NA,NA,770
7,2,1,"96371","711",8,24,NA,NA,NA,NA,750
7,2,1,"128471","711",8,25,NA,NA,NA,NA,770
7,2,1,"160571","711",8,2,NA,NA,NA,NA,420
7,2,1,"192671","721",8,0,NA,NA,NA,NA,900
7,2,1,"224771","721",8,10,NA,NA,NA,NA,1050
7,2,1,"256871","721",8,8,NA,NA,NA,NA,1020
7,2,1,"288971","721",8,0,NA,NA,NA,NA,900
7,2,1,"321071","721",8,1,NA,NA,NA,NA,920
7,2,1,"32171","711",9,25,NA,NA,NA,NA,880
7,2,1,"64271","711",9,25,NA,NA,NA,NA,880
7,2,1,"96371","711",9,20,NA,NA,NA,NA,810
7,2,1,"128471","711",9,25,NA,NA,NA,NA,880
7,2,1,"160571","711",9,3,NA,NA,NA,NA,550
7,2,1,"192671","721",9,0,NA,NA,NA,NA,890
7,2,1,"224771","721",9,10,NA,NA,NA,NA,1040
7,2,1,"256871","721",9,8,NA,NA,NA,NA,1010
7,2,1,"288971","721",9,0,NA,NA,NA,NA,890
7,2,1,"321071","721",9,3,NA,NA,NA,NA,940
7,2,1,"32171","711",10,25,NA,NA,NA,NA,890
7,2,1,"64271","711",10,25,NA,NA,NA,NA,890
7,2,1,"96371","711",10,20,NA,NA,NA,NA,810
7,2,1,"128471","711",10,25,NA,NA,NA,NA,890
7,2,1,"160571","711",10,2,NA,NA,NA,NA,540
7,2,1,"192671","721",10,0,NA,NA,NA,NA,890
7,2,1,"224771","721",10,10,NA,NA,NA,NA,1040
7,2,1,"256871","721",10,8,NA,NA,NA,NA,1010
7,2,1,"288971","721",10,0,NA,NA,NA,NA,890
7,2,1,"321071","721",10,4,NA,NA,NA,NA,950
7,2,1,"32171","711",11,25,-1,NA,NA,NA,940
7,2,1,"64271","711",11,25,1,25,0,NA,1190
7,2,1,"96371","711",11,12,0,NA,NA,0,740
7,2,1,"128471","711",11,25,0,NA,NA,0,940
7,2,1,"160571","711",11,0,1,12,0,NA,810
7,2,1,"192671","721",11,0,0,NA,NA,0,960
7,2,1,"224771","721",11,0,1,0,0,NA,960
7,2,1,"256871","721",11,8,1,0,0,NA,1080
7,2,1,"288971","721",11,0,-1,NA,NA,NA,960
7,2,1,"321071","721",11,0,0,NA,NA,0,960
7,2,1,"32171","711",12,20,1,25,0,NA,1130
7,2,1,"64271","711",12,25,1,3,0,NA,1210
7,2,1,"96371","711",12,10,-1,NA,NA,NA,730
7,2,1,"128471","711",12,25,0,NA,NA,0,960
7,2,1,"160571","711",12,3,0,NA,NA,0,630
7,2,1,"192671","721",12,0,-1,NA,NA,NA,890
7,2,1,"224771","721",12,10,0,NA,NA,0,1040
7,2,1,"256871","721",12,8,1,10,0,NA,1260
7,2,1,"288971","721",12,2,1,1,1,NA,920
7,2,1,"321071","721",12,1,0,NA,NA,1,0
7,2,1,"32171","711",13,25,-1,NA,NA,NA,970
7,2,1,"64271","711",13,25,0,NA,NA,0,970
7,2,1,"96371","711",13,6,1,25,0,NA,930
7,2,1,"128471","711",13,25,1,0,0,NA,970
7,2,1,"160571","711",13,0,0,NA,NA,0,590
7,2,1,"192671","721",13,0,1,10,1,NA,900
7,2,1,"224771","721",13,10,0,NA,NA,1,0
7,2,1,"256871","721",13,8,0,NA,NA,0,1020
7,2,1,"288971","721",13,2,-1,NA,NA,NA,930
7,2,1,"321071","721",13,0,1,8,0,NA,1150
7,2,1,"32171","711",14,30,0,NA,NA,0,990
7,2,1,"64271","711",14,25,-1,NA,NA,NA,910
7,2,1,"96371","711",14,12,1,0,0,NA,720
7,2,1,"128471","711",14,25,1,30,0,NA,1160
7,2,1,"160571","711",14,0,0,NA,NA,0,540
7,2,1,"192671","721",14,0,-1,NA,NA,NA,950
7,2,1,"224771","721",14,0,0,NA,NA,0,950
7,2,1,"256871","721",14,8,1,0,0,NA,1070
7,2,1,"288971","721",14,0,0,NA,NA,0,950
7,2,1,"321071","721",14,1,1,0,0,NA,970
7,2,1,"32171","711",15,25,1,2,0,NA,1120
7,2,1,"64271","711",15,25,0,NA,NA,0,870
7,2,1,"96371","711",15,24,-1,NA,NA,NA,850
7,2,1,"128471","711",15,25,1,25,0,NA,1120
7,2,1,"160571","711",15,2,0,NA,NA,0,520
7,2,1,"192671","721",15,0,1,8,1,NA,950
7,2,1,"224771","721",15,0,1,1,0,NA,1200
7,2,1,"256871","721",15,8,0,NA,NA,1,0
7,2,1,"288971","721",15,1,-1,NA,NA,NA,960
7,2,1,"321071","721",15,1,0,NA,NA,0,960
7,2,1,"32171","711",16,25,-1,NA,NA,NA,990
7,2,1,"64271","711",16,25,1,1,0,NA,1240
7,2,1,"96371","711",16,0,0,NA,NA,0,620
7,2,1,"128471","711",16,25,1,0,0,NA,990
7,2,1,"160571","711",16,1,0,NA,NA,0,630
7,2,1,"192671","721",16,0,0,NA,NA,0,900
7,2,1,"224771","721",16,10,-1,NA,NA,NA,1050
7,2,1,"256871","721",16,8,1,0,0,NA,1020
7,2,1,"288971","721",16,0,1,1,0,NA,1150
7,2,1,"321071","721",16,1,0,NA,NA,0,920
7,2,1,"32171","711",17,20,1,25,0,NA,1200
7,2,1,"64271","711",17,25,0,NA,NA,0,1020
7,2,1,"96371","711",17,0,1,0,0,NA,650
7,2,1,"128471","711",17,25,-1,NA,NA,NA,1020
7,2,1,"160571","711",17,0,0,NA,NA,0,650
7,2,1,"192671","721",17,0,1,0,0,NA,950
7,2,1,"224771","721",17,0,0,NA,NA,0,950
7,2,1,"256871","721",17,8,1,1,0,NA,1320
7,2,1,"288971","721",17,1,0,NA,NA,0,960
7,2,1,"321071","721",17,1,-1,NA,NA,NA,960
7,2,1,"32171","711",18,25,1,0,0,NA,890
7,2,1,"64271","711",18,25,0,NA,NA,0,890
7,2,1,"96371","711",18,0,0,NA,NA,0,510
7,2,1,"128471","711",18,25,1,25,0,NA,1140
7,2,1,"160571","711",18,22,-1,NA,NA,NA,840
7,2,1,"192671","721",18,0,0,NA,NA,0,900
7,2,1,"224771","721",18,10,1,1,1,NA,1050
7,2,1,"256871","721",18,8,1,0,0,NA,1020
7,2,1,"288971","721",18,1,-1,NA,NA,NA,910
7,2,1,"321071","721",18,1,0,NA,NA,1,0
7,2,1,"32171","711",19,25,0,NA,NA,0,1000
7,2,1,"64271","711",19,25,0,NA,NA,0,1000
7,2,1,"96371","711",19,0,-1,NA,NA,NA,620
7,2,1,"128471","711",19,25,1,25,0,NA,1250
7,2,1,"160571","711",19,0,1,25,0,NA,870
7,2,1,"192671","721",19,0,0,NA,NA,0,910
7,2,1,"224771","721",19,10,1,8,1,NA,1060
7,2,1,"256871","721",19,8,0,NA,NA,1,0
7,2,1,"288971","721",19,0,-1,NA,NA,NA,910
7,2,1,"321071","721",19,0,1,0,0,NA,910
7,2,1,"32171","711",20,15,0,NA,NA,0,900
7,2,1,"64271","711",20,25,1,15,0,NA,1300
7,2,1,"96371","711",20,0,0,NA,NA,0,670
7,2,1,"128471","711",20,25,-1,NA,NA,NA,1050
7,2,1,"160571","711",20,0,1,0,0,NA,670
7,2,1,"192671","721",20,0,1,1,1,NA,950
7,2,1,"224771","721",20,0,1,8,1,NA,950
7,2,1,"256871","721",20,8,0,NA,NA,1,0
7,2,1,"288971","721",20,1,0,NA,NA,1,0
7,2,1,"321071","721",20,0,-1,NA,NA,NA,950
7,2,2,"32172","722",1,15,NA,NA,NA,NA,320
7,2,2,"64272","722",1,25,NA,NA,NA,NA,470
7,2,2,"96372","722",1,50,NA,NA,NA,NA,850
7,2,2,"128472","722",1,50,NA,NA,NA,NA,850
7,2,2,"160572","712",1,5,NA,NA,NA,NA,720
7,2,2,"192672","722",1,40,NA,NA,NA,NA,700
7,2,2,"224772","712",1,0,NA,NA,NA,NA,650
7,2,2,"256872","712",1,15,NA,NA,NA,NA,870
7,2,2,"288972","712",1,0,NA,NA,NA,NA,650
7,2,2,"321072","712",1,50,NA,NA,NA,NA,1400
7,2,2,"32172","722",2,25,NA,NA,NA,NA,400
7,2,2,"64272","722",2,30,NA,NA,NA,NA,470
7,2,2,"96372","722",2,50,NA,NA,NA,NA,770
7,2,2,"128472","722",2,50,NA,NA,NA,NA,770
7,2,2,"160572","712",2,5,NA,NA,NA,NA,670
7,2,2,"192672","722",2,40,NA,NA,NA,NA,620
7,2,2,"224772","712",2,0,NA,NA,NA,NA,600
7,2,2,"256872","712",2,15,NA,NA,NA,NA,820
7,2,2,"288972","712",2,10,NA,NA,NA,NA,750
7,2,2,"321072","712",2,50,NA,NA,NA,NA,1350
7,2,2,"32172","722",3,33,NA,NA,NA,NA,530
7,2,2,"64272","722",3,20,NA,NA,NA,NA,330
7,2,2,"96372","722",3,50,NA,NA,NA,NA,780
7,2,2,"128472","722",3,50,NA,NA,NA,NA,780
7,2,2,"160572","712",3,5,NA,NA,NA,NA,700
7,2,2,"192672","722",3,40,NA,NA,NA,NA,630
7,2,2,"224772","712",3,0,NA,NA,NA,NA,620
7,2,2,"256872","712",3,10,NA,NA,NA,NA,770
7,2,2,"288972","712",3,10,NA,NA,NA,NA,770
7,2,2,"321072","712",3,50,NA,NA,NA,NA,1370
7,2,2,"32172","722",4,8,NA,NA,NA,NA,250
7,2,2,"64272","722",4,25,NA,NA,NA,NA,510
7,2,2,"96372","722",4,50,NA,NA,NA,NA,880
7,2,2,"128472","722",4,50,NA,NA,NA,NA,880
7,2,2,"160572","712",4,5,NA,NA,NA,NA,700
7,2,2,"192672","722",4,40,NA,NA,NA,NA,730
7,2,2,"224772","712",4,0,NA,NA,NA,NA,620
7,2,2,"256872","712",4,10,NA,NA,NA,NA,770
7,2,2,"288972","712",4,10,NA,NA,NA,NA,770
7,2,2,"321072","712",4,50,NA,NA,NA,NA,1370
7,2,2,"32172","722",5,40,NA,NA,NA,NA,450
7,2,2,"64272","722",5,40,NA,NA,NA,NA,450
7,2,2,"96372","722",5,50,NA,NA,NA,NA,600
7,2,2,"128472","722",5,50,NA,NA,NA,NA,600
7,2,2,"160572","712",5,5,NA,NA,NA,NA,750
7,2,2,"192672","722",5,50,NA,NA,NA,NA,600
7,2,2,"224772","712",5,0,NA,NA,NA,NA,670
7,2,2,"256872","712",5,10,NA,NA,NA,NA,820
7,2,2,"288972","712",5,0,NA,NA,NA,NA,670
7,2,2,"321072","712",5,50,NA,NA,NA,NA,1420
7,2,2,"32172","722",6,44,NA,NA,NA,NA,590
7,2,2,"64272","722",6,30,NA,NA,NA,NA,380
7,2,2,"96372","722",6,50,NA,NA,NA,NA,680
7,2,2,"128472","722",6,50,NA,NA,NA,NA,680
7,2,2,"160572","712",6,5,NA,NA,NA,NA,860
7,2,2,"192672","722",6,40,NA,NA,NA,NA,530
7,2,2,"224772","712",6,0,NA,NA,NA,NA,790
7,2,2,"256872","712",6,12,NA,NA,NA,NA,970
7,2,2,"288972","712",6,20,NA,NA,NA,NA,1090
7,2,2,"321072","712",6,5,NA,NA,NA,NA,860
7,2,2,"32172","722",7,27,NA,NA,NA,NA,420
7,2,2,"64272","722",7,20,NA,NA,NA,NA,310
7,2,2,"96372","722",7,50,NA,NA,NA,NA,760
7,2,2,"128472","722",7,50,NA,NA,NA,NA,760
7,2,2,"160572","712",7,5,NA,NA,NA,NA,820
7,2,2,"192672","722",7,50,NA,NA,NA,NA,760
7,2,2,"224772","712",7,0,NA,NA,NA,NA,750
7,2,2,"256872","712",7,10,NA,NA,NA,NA,900
7,2,2,"288972","712",7,30,NA,NA,NA,NA,1200
7,2,2,"321072","712",7,5,NA,NA,NA,NA,820
7,2,2,"32172","722",8,33,NA,NA,NA,NA,580
7,2,2,"64272","722",8,10,NA,NA,NA,NA,230
7,2,2,"96372","722",8,50,NA,NA,NA,NA,830
7,2,2,"128472","722",8,50,NA,NA,NA,NA,830
7,2,2,"160572","712",8,5,NA,NA,NA,NA,810
7,2,2,"192672","722",8,40,NA,NA,NA,NA,680
7,2,2,"224772","712",8,0,NA,NA,NA,NA,740
7,2,2,"256872","712",8,5,NA,NA,NA,NA,810
7,2,2,"288972","712",8,40,NA,NA,NA,NA,1340
7,2,2,"321072","712",8,2,NA,NA,NA,NA,770
7,2,2,"32172","722",9,45,NA,NA,NA,NA,500
7,2,2,"64272","722",9,40,NA,NA,NA,NA,420
7,2,2,"96372","722",9,50,NA,NA,NA,NA,570
7,2,2,"128472","722",9,50,NA,NA,NA,NA,570
7,2,2,"160572","712",9,5,NA,NA,NA,NA,700
7,2,2,"192672","722",9,50,NA,NA,NA,NA,570
7,2,2,"224772","712",9,0,NA,NA,NA,NA,620
7,2,2,"256872","712",9,15,NA,NA,NA,NA,850
7,2,2,"288972","712",9,50,NA,NA,NA,NA,1370
7,2,2,"321072","712",9,5,NA,NA,NA,NA,700
7,2,2,"32172","722",10,44,NA,NA,NA,NA,610
7,2,2,"64272","722",10,25,NA,NA,NA,NA,330
7,2,2,"96372","722",10,50,NA,NA,NA,NA,700
7,2,2,"128472","722",10,50,NA,NA,NA,NA,700
7,2,2,"160572","712",10,5,NA,NA,NA,NA,800
7,2,2,"192672","722",10,40,NA,NA,NA,NA,550
7,2,2,"224772","712",10,0,NA,NA,NA,NA,720
7,2,2,"256872","712",10,5,NA,NA,NA,NA,800
7,2,2,"288972","712",10,40,NA,NA,NA,NA,1320
7,2,2,"321072","712",10,5,NA,NA,NA,NA,800
7,2,2,"32172","722",11,7,0,NA,NA,0,170
7,2,2,"64272","722",11,30,1,7,0,NA,760
7,2,2,"96372","722",11,50,1,50,1,NA,810
7,2,2,"128472","722",11,50,0,NA,NA,1,0
7,2,2,"160572","712",11,10,1,0,0,NA,1070
7,2,2,"192672","722",11,50,-1,NA,NA,NA,810
7,2,2,"224772","712",11,0,0,NA,NA,0,920
7,2,2,"256872","712",11,5,1,0,0,NA,1000
7,2,2,"288972","712",11,0,0,NA,NA,0,920
7,2,2,"321072","712",11,0,-1,NA,NA,NA,920
7,2,2,"32172","722",12,42,0,NA,NA,1,0
7,2,2,"64272","722",12,25,0,NA,NA,0,340
7,2,2,"96372","722",12,50,1,42,1,NA,710
7,2,2,"128472","722",12,50,1,25,0,NA,960
7,2,2,"160572","712",12,10,-1,NA,NA,NA,1070
7,2,2,"192672","722",12,40,-1,NA,NA,NA,560
7,2,2,"224772","712",12,0,0,NA,NA,0,920
7,2,2,"256872","712",12,5,0,NA,NA,0,1000
7,2,2,"288972","712",12,0,1,5,0,NA,1170
7,2,2,"321072","712",12,0,1,0,0,NA,920
7,2,2,"32172","722",13,26,-1,NA,NA,NA,360
7,2,2,"64272","722",13,30,0,NA,NA,0,420
7,2,2,"96372","722",13,50,0,NA,NA,0,720
7,2,2,"128472","722",13,50,1,50,0,NA,970
7,2,2,"160572","712",13,10,1,0,0,NA,1070
7,2,2,"192672","722",13,50,1,30,0,NA,970
7,2,2,"224772","712",13,0,1,0,0,NA,920
7,2,2,"256872","712",13,5,-1,NA,NA,NA,1000
7,2,2,"288972","712",13,0,0,NA,NA,0,920
7,2,2,"321072","712",13,0,0,NA,NA,0,920
7,2,2,"32172","722",14,11,1,50,0,NA,480
7,2,2,"64272","722",14,25,0,NA,NA,0,440
7,2,2,"96372","722",14,50,-1,NA,NA,NA,820
7,2,2,"128472","722",14,50,0,NA,NA,0,820
7,2,2,"160572","712",14,10,0,NA,NA,0,1050
7,2,2,"192672","722",14,50,1,25,0,NA,1070
7,2,2,"224772","712",14,0,-1,NA,NA,NA,900
7,2,2,"256872","712",14,5,0,NA,NA,0,970
7,2,2,"288972","712",14,0,1,10,0,NA,1150
7,2,2,"321072","712",14,5,1,5,0,NA,1220
7,2,2,"32172","722",15,11,0,NA,NA,1,0
7,2,2,"64272","722",15,20,-1,NA,NA,NA,390
7,2,2,"96372","722",15,50,1,11,1,NA,840
7,2,2,"128472","722",15,50,1,50,0,NA,1090
7,2,2,"160572","712",15,10,-1,NA,NA,NA,1050
7,2,2,"192672","722",15,50,0,NA,NA,0,840
7,2,2,"224772","712",15,0,1,5,0,NA,1150
7,2,2,"256872","712",15,5,0,NA,NA,0,970
7,2,2,"288972","712",15,0,1,5,0,NA,1150
7,2,2,"321072","712",15,5,0,NA,NA,0,970
7,2,2,"32172","722",16,11,1,50,0,NA,460
7,2,2,"64272","722",16,30,-1,NA,NA,NA,490
7,2,2,"96372","722",16,50,0,NA,NA,0,790
7,2,2,"128472","722",16,50,0,NA,NA,0,790
7,2,2,"160572","712",16,10,1,0,0,NA,1060
7,2,2,"192672","722",16,50,1,50,0,NA,1040
7,2,2,"224772","712",16,0,-1,NA,NA,NA,910
7,2,2,"256872","712",16,2,0,NA,NA,0,940
7,2,2,"288972","712",16,0,0,NA,NA,0,910
7,2,2,"321072","712",16,5,1,2,0,NA,1240
7,2,2,"32172","722",17,8,0,NA,NA,0,200
7,2,2,"64272","722",17,25,0,NA,NA,1,0
7,2,2,"96372","722",17,50,1,25,1,NA,830
7,2,2,"128472","722",17,50,1,8,0,NA,1080
7,2,2,"160572","712",17,10,0,NA,NA,0,1060
7,2,2,"192672","722",17,50,-1,NA,NA,NA,830
7,2,2,"224772","712",17,0,-1,NA,NA,NA,910
7,2,2,"256872","712",17,2,1,10,0,NA,1190
7,2,2,"288972","712",17,0,1,5,0,NA,1160
7,2,2,"321072","712",17,5,0,NA,NA,0,990
7,2,2,"32172","722",18,20,1,50,0,NA,570
7,2,2,"64272","722",18,25,0,NA,NA,0,400
7,2,2,"96372","722",18,50,-1,NA,NA,NA,770
7,2,2,"128472","722",18,50,0,NA,NA,0,770
7,2,2,"160572","712",18,10,-1,NA,NA,NA,1050
7,2,2,"192672","722",18,50,1,25,0,NA,1020
7,2,2,"224772","712",18,0,0,NA,NA,0,900
7,2,2,"256872","712",18,5,1,0,0,NA,970
7,2,2,"288972","712",18,0,1,5,0,NA,1150
7,2,2,"321072","712",18,5,0,NA,NA,0,970
7,2,2,"32172","722",19,0,1,50,0,NA,320
7,2,2,"64272","722",19,35,0,NA,NA,0,600
7,2,2,"96372","722",19,50,-1,NA,NA,NA,820
7,2,2,"128472","722",19,50,1,35,0,NA,1070
7,2,2,"160572","712",19,10,-1,NA,NA,NA,1060
7,2,2,"192672","722",19,50,0,NA,NA,0,820
7,2,2,"224772","712",19,0,1,2,0,NA,1160
7,2,2,"256872","712",19,2,0,NA,NA,0,940
7,2,2,"288972","712",19,0,1,5,0,NA,1160
7,2,2,"321072","712",19,5,0,NA,NA,0,990
7,2,2,"32172","722",20,0,0,NA,NA,0,100
7,2,2,"64272","722",20,30,1,0,0,NA,550
7,2,2,"96372","722",20,50,1,50,1,NA,850
7,2,2,"128472","722",20,50,-1,NA,NA,NA,850
7,2,2,"160572","712",20,10,0,NA,NA,0,1050
7,2,2,"192672","722",20,50,0,NA,NA,1,0
7,2,2,"224772","712",20,0,-1,NA,NA,NA,900
7,2,2,"256872","712",20,5,1,10,0,NA,1220
7,2,2,"288972","712",20,0,1,5,0,NA,1150
7,2,2,"321072","712",20,5,0,NA,NA,0,970
