"","union","performance","framing","id","group","round","trial","overextraction","observer","overext_observed","report","punished","round_profit"
"1",1,1,1,321,2,4,0,25,-1,-1,0,0,930
"2",1,1,1,642,1,4,0,15,-1,-1,0,0,1050
"3",1,1,1,963,2,4,0,50,-1,-1,0,0,1300
"4",1,1,1,1284,1,4,0,0,-1,-1,0,0,820
"5",1,1,1,1605,1,4,0,0,-1,-1,0,0,820
"6",1,1,1,1926,2,4,0,0,-1,-1,0,0,550
"7",1,1,1,2247,2,4,0,2,-1,-1,0,0,580
"8",1,1,1,2568,2,4,0,12,-1,-1,0,0,730
"9",1,1,1,2889,1,4,0,0,-1,-1,0,0,820
"10",1,1,1,3210,1,4,0,20,-1,-1,0,0,1120
"11",1,1,1,321,2,5,0,40,-1,-1,0,0,1070
"12",1,1,1,642,1,5,0,15,-1,-1,0,0,970
"13",1,1,1,963,2,5,0,50,-1,-1,0,0,1220
"14",1,1,1,1284,1,5,0,5,-1,-1,0,0,820
"15",1,1,1,1605,1,5,0,0,-1,-1,0,0,750
"16",1,1,1,1926,2,5,0,0,-1,-1,0,0,470
"17",1,1,1,2247,2,5,0,3,-1,-1,0,0,520
"18",1,1,1,2568,2,5,0,12,-1,-1,0,0,650
"19",1,1,1,2889,1,5,0,10,-1,-1,0,0,900
"20",1,1,1,3210,1,5,0,20,-1,-1,0,0,1050
"21",1,1,1,321,2,6,0,30,-1,-1,0,0,980
"22",1,1,1,642,1,6,0,25,-1,-1,0,0,1000
"23",1,1,1,963,2,6,0,50,-1,-1,0,0,1280
"24",1,1,1,1284,1,6,0,5,-1,-1,0,0,700
"25",1,1,1,1605,1,6,0,0,-1,-1,0,0,620
"26",1,1,1,1926,2,6,0,0,-1,-1,0,0,530
"27",1,1,1,2247,2,6,0,2,-1,-1,0,0,560
"28",1,1,1,2568,2,6,0,12,-1,-1,0,0,710
"29",1,1,1,2889,1,6,0,25,-1,-1,0,0,1000
"30",1,1,1,3210,1,6,0,20,-1,-1,0,0,920
"31",1,1,1,321,2,7,0,45,-1,-1,0,0,1130
"32",1,1,1,642,1,7,0,20,-1,-1,0,0,900
"33",1,1,1,963,2,7,0,50,-1,-1,0,0,1210
"34",1,1,1,1284,1,7,0,5,-1,-1,0,0,680
"35",1,1,1,1605,1,7,0,0,-1,-1,0,0,600
"36",1,1,1,1926,2,7,0,0,-1,-1,0,0,460
"37",1,1,1,2247,2,7,0,1,-1,-1,0,0,470
"38",1,1,1,2568,2,7,0,12,-1,-1,0,0,640
"39",1,1,1,2889,1,7,0,4,-1,-1,0,0,660
"40",1,1,1,3210,1,7,0,50,-1,-1,0,0,1350
"41",1,1,1,321,2,8,0,35,-1,-1,0,0,1010
"42",1,1,1,642,1,8,0,45,-1,-1,0,0,930
"43",1,1,1,963,2,8,0,50,-1,-1,0,0,1230
"44",1,1,1,1284,1,8,0,5,-1,-1,0,0,330
"45",1,1,1,1605,1,8,0,0,-1,-1,0,0,260
"46",1,1,1,1926,2,8,0,0,-1,-1,0,0,480
"47",1,1,1,2247,2,8,0,3,-1,-1,0,0,530
"48",1,1,1,2568,2,8,0,15,-1,-1,0,0,710
"49",1,1,1,2889,1,8,0,48,-1,-1,0,0,980
"50",1,1,1,3210,1,8,0,50,-1,-1,0,0,1010
"51",1,1,1,321,2,9,0,40,-1,-1,0,0,1060
"52",1,1,1,642,1,9,0,50,-1,-1,0,0,1030
"53",1,1,1,963,2,9,0,50,-1,-1,0,0,1210
"54",1,1,1,1284,1,9,0,5,-1,-1,0,0,350
"55",1,1,1,1605,1,9,0,0,-1,-1,0,0,280
"56",1,1,1,1926,2,9,0,0,-1,-1,0,0,460
"57",1,1,1,2247,2,9,0,3,-1,-1,0,0,500
"58",1,1,1,2568,2,9,0,15,-1,-1,0,0,680
"59",1,1,1,2889,1,9,0,49,-1,-1,0,0,1010
"60",1,1,1,3210,1,9,0,40,-1,-1,0,0,880
"61",1,1,1,321,2,10,0,50,-1,-1,0,0,1160
"62",1,1,1,642,1,10,0,50,-1,-1,0,0,1040
"63",1,1,1,963,2,10,0,50,-1,-1,0,0,1160
"64",1,1,1,1284,1,10,0,5,-1,-1,0,0,360
"65",1,1,1,1605,1,10,0,0,-1,-1,0,0,290
"66",1,1,1,1926,2,10,0,0,-1,-1,0,0,410
"67",1,1,1,2247,2,10,0,2,-1,-1,0,0,440
"68",1,1,1,2568,2,10,0,15,-1,-1,0,0,640
"69",1,1,1,2889,1,10,0,47,-1,-1,0,0,990
"70",1,1,1,3210,1,10,0,40,-1,-1,0,0,890
"71",1,1,1,321,2,11,0,30,-1,-1,0,0,910
"72",1,1,1,642,1,11,0,50,-1,-1,0,0,970
"73",1,1,1,963,2,11,0,50,-1,-1,0,0,1210
"74",1,1,1,1284,1,11,0,20,-1,-1,0,0,520
"75",1,1,1,1605,1,11,0,0,-1,-1,0,0,220
"76",1,1,1,1926,2,11,0,0,-1,-1,0,0,460
"77",1,1,1,2247,2,11,0,3,-1,-1,0,0,500
"78",1,1,1,2568,2,11,0,25,-1,-1,0,0,830
"79",1,1,1,2889,1,11,0,46,-1,-1,0,0,910
"80",1,1,1,3210,1,11,0,40,-1,-1,0,0,820
"81",1,1,1,321,2,12,0,50,-1,-1,0,0,1110
"82",1,1,1,642,1,12,0,40,-1,-1,0,0,850
"83",1,1,1,963,2,12,0,50,-1,-1,0,0,1110
"84",1,1,1,1284,1,12,0,20,-1,-1,0,0,550
"85",1,1,1,1605,1,12,0,0,-1,-1,0,0,250
"86",1,1,1,1926,2,12,0,0,-1,-1,0,0,360
"87",1,1,1,2247,2,12,0,2,-1,-1,0,0,390
"88",1,1,1,2568,2,12,0,25,-1,-1,0,0,740
"89",1,1,1,2889,1,12,0,45,-1,-1,0,0,920
"90",1,1,1,3210,1,12,0,45,-1,-1,0,0,920
"91",1,1,1,321,2,13,0,50,-1,-1,0,0,1110
"92",1,1,1,642,1,13,0,40,-1,-1,0,0,930
"93",1,1,1,963,2,13,0,50,-1,-1,0,0,1110
"94",1,1,1,1284,1,13,0,5,-1,-1,0,0,410
"95",1,1,1,1605,1,13,0,0,-1,-1,0,0,330
"96",1,1,1,1926,2,13,0,0,-1,-1,0,0,360
"97",1,1,1,2247,2,13,0,3,-1,-1,0,0,400
"98",1,1,1,2568,2,13,0,25,-1,-1,0,0,730
"99",1,1,1,2889,1,13,0,48,-1,-1,0,0,1050
"100",1,1,1,3210,1,13,0,40,-1,-1,0,0,930
"101",1,1,1,321,2,17,0,25,0,-1,0,1,0
"102",1,1,1,642,1,17,0,30,-1,-1,0,0,950
"103",1,1,1,963,2,17,0,50,1,3,0,0,1610
"104",1,1,1,1284,1,17,0,5,1,0,0,0,570
"105",1,1,1,1605,1,17,0,0,0,-1,0,0,500
"106",1,1,1,1926,2,17,0,0,-1,-1,0,0,610
"107",1,1,1,2247,2,17,0,3,0,-1,0,0,650
"108",1,1,1,2568,2,17,0,0,1,25,1,0,610
"109",1,1,1,2889,1,17,0,25,1,40,1,0,870
"110",1,1,1,3210,1,17,0,40,0,-1,0,1,0
"111",1,1,1,321,2,18,0,0,1,0,0,0,740
"112",1,1,1,642,1,18,0,35,1,0,0,0,1100
"113",1,1,1,963,2,18,0,50,1,0,0,0,1490
"114",1,1,1,1284,1,18,0,5,-1,-1,0,0,650
"115",1,1,1,1605,1,18,0,0,0,-1,0,0,570
"116",1,1,1,1926,2,18,0,0,0,-1,0,0,740
"117",1,1,1,2247,2,18,0,2,-1,-1,0,0,770
"118",1,1,1,2568,2,18,0,0,0,-1,0,0,740
"119",1,1,1,2889,1,18,0,45,0,-1,0,1,0
"120",1,1,1,3210,1,18,0,0,1,45,1,0,570
"121",1,1,1,321,2,19,0,30,-1,-1,0,0,1030
"122",1,1,1,642,1,19,0,35,1,0,0,0,1080
"123",1,1,1,963,2,19,0,50,0,-1,0,1,0
"124",1,1,1,1284,1,19,0,5,0,-1,0,1,0
"125",1,1,1,1605,1,19,0,0,0,-1,0,0,560
"126",1,1,1,1926,2,19,0,0,0,-1,0,0,580
"127",1,1,1,2247,2,19,0,3,1,50,1,0,630
"128",1,1,1,2568,2,19,0,0,1,0,0,0,580
"129",1,1,1,2889,1,19,0,48,1,5,1,0,1280
"130",1,1,1,3210,1,19,0,0,-1,-1,0,0,560
"131",1,1,1,321,2,20,0,40,-1,-1,0,0,1140
"132",1,1,1,642,1,20,0,35,0,-1,0,0,1090
"133",1,1,1,963,2,20,0,50,1,0,0,0,1290
"134",1,1,1,1284,1,20,0,5,-1,-1,0,0,640
"135",1,1,1,1605,1,20,0,0,1,35,0,0,820
"136",1,1,1,1926,2,20,0,0,0,-1,0,0,540
"137",1,1,1,2247,2,20,0,2,1,0,0,0,570
"138",1,1,1,2568,2,20,0,0,0,-1,0,0,540
"139",1,1,1,2889,1,20,0,46,0,-1,0,0,1260
"140",1,1,1,3210,1,20,0,0,1,46,0,0,820
"141",1,1,1,321,2,21,0,40,0,-1,0,1,0
"142",1,1,1,642,1,21,0,35,0,-1,0,1,0
"143",1,1,1,963,2,21,0,50,1,0,0,0,1280
"144",1,1,1,1284,1,21,0,0,1,0,0,0,590
"145",1,1,1,1605,1,21,0,0,-1,-1,0,0,590
"146",1,1,1,1926,2,21,0,0,0,-1,0,0,530
"147",1,1,1,2247,2,21,0,3,1,40,1,0,580
"148",1,1,1,2568,2,21,0,0,-1,-1,0,0,530
"149",1,1,1,2889,1,21,0,46,1,35,1,0,1280
"150",1,1,1,3210,1,21,0,0,0,-1,0,0,590
"151",1,1,1,321,2,22,0,30,1,3,1,0,1030
"152",1,1,1,642,1,22,0,35,0,-1,0,0,1130
"153",1,1,1,963,2,22,0,50,1,0,0,0,1330
"154",1,1,1,1284,1,22,0,0,-1,-1,0,0,610
"155",1,1,1,1605,1,22,0,0,1,35,0,0,860
"156",1,1,1,1926,2,22,0,0,-1,-1,0,0,580
"157",1,1,1,2247,2,22,0,3,0,-1,0,1,0
"158",1,1,1,2568,2,22,0,0,0,-1,0,0,580
"159",1,1,1,2889,1,22,0,43,0,-1,0,1,0
"160",1,1,1,3210,1,22,0,0,1,43,1,0,610
"161",1,1,1,321,2,23,0,30,-1,-1,0,0,1040
"162",1,1,1,642,1,23,0,35,-1,-1,0,0,1120
"163",1,1,1,963,2,23,0,50,1,2,0,0,1590
"164",1,1,1,1284,1,23,0,5,0,-1,0,1,0
"165",1,1,1,1605,1,23,0,0,1,41,0,0,840
"166",1,1,1,1926,2,23,0,0,0,-1,0,0,590
"167",1,1,1,2247,2,23,0,2,0,-1,0,0,620
"168",1,1,1,2568,2,23,0,0,1,0,0,0,590
"169",1,1,1,2889,1,23,0,41,0,-1,0,0,1210
"170",1,1,1,3210,1,23,0,0,1,5,1,0,590
"171",1,1,1,321,2,24,0,25,1,0,0,0,980
"172",1,1,1,642,1,24,0,50,1,35,1,0,1070
"173",1,1,1,963,2,24,0,50,1,0,0,0,1360
"174",1,1,1,1284,1,24,0,50,-1,-1,0,0,1070
"175",1,1,1,1605,1,24,0,0,1,0,0,0,320
"176",1,1,1,1926,2,24,0,0,0,-1,0,0,610
"177",1,1,1,2247,2,24,0,3,-1,-1,0,0,650
"178",1,1,1,2568,2,24,0,0,0,-1,0,0,610
"179",1,1,1,2889,1,24,0,35,0,-1,0,1,0
"180",1,1,1,3210,1,24,0,0,0,-1,0,0,320
"181",1,1,1,321,2,25,0,40,0,-1,0,1,0
"182",1,1,1,642,1,25,0,50,0,-1,0,1,0
"183",1,1,1,963,2,25,0,50,1,0,0,0,1280
"184",1,1,1,1284,1,25,0,5,0,-1,0,1,0
"185",1,1,1,1605,1,25,0,0,-1,-1,0,0,520
"186",1,1,1,1926,2,25,0,0,0,-1,0,0,530
"187",1,1,1,2247,2,25,0,3,1,40,1,0,580
"188",1,1,1,2568,2,25,0,0,-1,-1,0,0,530
"189",1,1,1,2889,1,25,0,41,1,50,1,0,1130
"190",1,1,1,3210,1,25,0,0,1,5,1,0,520
"191",1,1,1,321,2,26,0,30,1,0,0,0,1030
"192",1,1,1,642,1,26,0,50,1,0,0,0,1410
"193",1,1,1,963,2,26,0,50,1,3,0,0,1580
"194",1,1,1,1284,1,26,0,5,0,-1,0,0,740
"195",1,1,1,1605,1,26,0,0,1,5,0,0,910
"196",1,1,1,1926,2,26,0,0,-1,-1,0,0,580
"197",1,1,1,2247,2,26,0,3,0,-1,0,0,630
"198",1,1,1,2568,2,26,0,0,0,-1,0,0,580
"199",1,1,1,2889,1,26,0,12,-1,-1,0,0,840
"200",1,1,1,3210,1,26,0,0,0,-1,0,0,660
"201",1,1,2,321,1,4,0,50,-1,-1,0,0,620
"202",1,1,2,642,2,4,0,0,-1,-1,0,0,590
"203",1,1,2,963,2,4,0,5,-1,-1,0,0,670
"204",1,1,2,1284,2,4,0,50,-1,-1,0,0,1340
"205",1,1,2,1605,1,4,0,45,-1,-1,0,0,550
"206",1,1,2,1926,2,4,0,25,-1,-1,0,0,970
"207",1,1,2,2247,2,4,0,1,-1,-1,0,0,610
"208",1,1,2,2568,1,4,0,50,-1,-1,0,0,620
"209",1,1,2,2889,1,4,0,40,-1,-1,0,0,470
"210",1,1,2,3210,1,4,0,40,-1,-1,0,0,470
"211",1,1,2,321,1,5,0,50,-1,-1,0,0,900
"212",1,1,2,642,2,5,0,0,-1,-1,0,0,710
"213",1,1,2,963,2,5,0,5,-1,-1,0,0,780
"214",1,1,2,1284,2,5,0,50,-1,-1,0,0,1460
"215",1,1,2,1605,1,5,0,40,-1,-1,0,0,750
"216",1,1,2,1926,2,5,0,1,-1,-1,0,0,720
"217",1,1,2,2247,2,5,0,2,-1,-1,0,0,740
"218",1,1,2,2568,1,5,0,40,-1,-1,0,0,750
"219",1,1,2,2889,1,5,0,10,-1,-1,0,0,300
"220",1,1,2,3210,1,5,0,30,-1,-1,0,0,600
"221",1,1,2,321,1,6,0,50,-1,-1,0,0,800
"222",1,1,2,642,2,6,0,0,-1,-1,0,0,520
"223",1,1,2,963,2,6,0,5,-1,-1,0,0,590
"224",1,1,2,1284,2,6,0,50,-1,-1,0,0,1270
"225",1,1,2,1605,1,6,0,40,-1,-1,0,0,650
"226",1,1,2,1926,2,6,0,25,-1,-1,0,0,890
"227",1,1,2,2247,2,6,0,16,-1,-1,0,0,760
"228",1,1,2,2568,1,6,0,30,-1,-1,0,0,500
"229",1,1,2,2889,1,6,0,50,-1,-1,0,0,800
"230",1,1,2,3210,1,6,0,20,-1,-1,0,0,350
"231",1,1,2,321,1,7,0,50,-1,-1,0,0,720
"232",1,1,2,642,2,7,0,0,-1,-1,0,0,540
"233",1,1,2,963,2,7,0,5,-1,-1,0,0,610
"234",1,1,2,1284,2,7,0,50,-1,-1,0,0,1290
"235",1,1,2,1605,1,7,0,35,-1,-1,0,0,500
"236",1,1,2,1926,2,7,0,25,-1,-1,0,0,910
"237",1,1,2,2247,2,7,0,12,-1,-1,0,0,720
"238",1,1,2,2568,1,7,0,30,-1,-1,0,0,420
"239",1,1,2,2889,1,7,0,50,-1,-1,0,0,720
"240",1,1,2,3210,1,7,0,40,-1,-1,0,0,570
"241",1,1,2,321,1,8,0,50,-1,-1,0,0,870
"242",1,1,2,642,2,8,0,0,-1,-1,0,0,660
"243",1,1,2,963,2,8,0,5,-1,-1,0,0,730
"244",1,1,2,1284,2,8,0,50,-1,-1,0,0,1410
"245",1,1,2,1605,1,8,0,25,-1,-1,0,0,500
"246",1,1,2,1926,2,8,0,1,-1,-1,0,0,670
"247",1,1,2,2247,2,8,0,12,-1,-1,0,0,840
"248",1,1,2,2568,1,8,0,10,-1,-1,0,0,270
"249",1,1,2,2889,1,8,0,50,-1,-1,0,0,870
"250",1,1,2,3210,1,8,0,40,-1,-1,0,0,720
"251",1,1,2,321,1,9,0,50,-1,-1,0,0,760
"252",1,1,2,642,2,9,0,20,-1,-1,0,0,780
"253",1,1,2,963,2,9,0,5,-1,-1,0,0,550
"254",1,1,2,1284,2,9,0,50,-1,-1,0,0,1230
"255",1,1,2,1605,1,9,0,48,-1,-1,0,0,730
"256",1,1,2,1926,2,9,0,15,-1,-1,0,0,700
"257",1,1,2,2247,2,9,0,14,-1,-1,0,0,690
"258",1,1,2,2568,1,9,0,10,-1,-1,0,0,160
"259",1,1,2,2889,1,9,0,50,-1,-1,0,0,760
"260",1,1,2,3210,1,9,0,40,-1,-1,0,0,610
"261",1,1,2,321,1,10,0,50,-1,-1,0,0,880
"262",1,1,2,642,2,10,0,20,-1,-1,0,0,560
"263",1,1,2,963,2,10,0,10,-1,-1,0,0,410
"264",1,1,2,1284,2,10,0,50,-1,-1,0,0,1010
"265",1,1,2,1605,1,10,0,38,-1,-1,0,0,700
"266",1,1,2,1926,2,10,0,25,-1,-1,0,0,640
"267",1,1,2,2247,2,10,0,42,-1,-1,0,0,890
"268",1,1,2,2568,1,10,0,5,-1,-1,0,0,210
"269",1,1,2,2889,1,10,0,40,-1,-1,0,0,730
"270",1,1,2,3210,1,10,0,40,-1,-1,0,0,730
"271",1,1,2,321,1,11,0,50,-1,-1,0,0,780
"272",1,1,2,642,2,11,0,20,-1,-1,0,0,820
"273",1,1,2,963,2,11,0,0,-1,-1,0,0,520
"274",1,1,2,1284,2,11,0,50,-1,-1,0,0,1270
"275",1,1,2,1605,1,11,0,50,-1,-1,0,0,780
"276",1,1,2,1926,2,11,0,15,-1,-1,0,0,740
"277",1,1,2,2247,2,11,0,11,-1,-1,0,0,680
"278",1,1,2,2568,1,11,0,4,-1,-1,0,0,90
"279",1,1,2,2889,1,11,0,50,-1,-1,0,0,780
"280",1,1,2,3210,1,11,0,40,-1,-1,0,0,630
"281",1,1,2,321,1,12,0,50,-1,-1,0,0,830
"282",1,1,2,642,2,12,0,20,-1,-1,0,0,780
"283",1,1,2,963,2,12,0,2,-1,-1,0,0,510
"284",1,1,2,1284,2,12,0,45,-1,-1,0,0,1150
"285",1,1,2,1605,1,12,0,40,-1,-1,0,0,680
"286",1,1,2,1926,2,12,0,25,-1,-1,0,0,850
"287",1,1,2,2247,2,12,0,12,-1,-1,0,0,660
"288",1,1,2,2568,1,12,0,3,-1,-1,0,0,130
"289",1,1,2,2889,1,12,0,50,-1,-1,0,0,830
"290",1,1,2,3210,1,12,0,40,-1,-1,0,0,680
"291",1,1,2,321,1,13,0,50,-1,-1,0,0,770
"292",1,1,2,642,2,13,0,20,-1,-1,0,0,770
"293",1,1,2,963,2,13,0,0,-1,-1,0,0,470
"294",1,1,2,1284,2,13,0,50,-1,-1,0,0,1220
"295",1,1,2,1605,1,13,0,30,-1,-1,0,0,470
"296",1,1,2,1926,2,13,0,15,-1,-1,0,0,700
"297",1,1,2,2247,2,13,0,20,-1,-1,0,0,770
"298",1,1,2,2568,1,13,0,25,-1,-1,0,0,400
"299",1,1,2,2889,1,13,0,50,-1,-1,0,0,770
"300",1,1,2,3210,1,13,0,40,-1,-1,0,0,620
"301",1,1,2,321,1,17,0,50,0,-1,0,1,0
"302",1,1,2,642,2,17,0,0,-1,-1,0,0,690
"303",1,1,2,963,2,17,0,5,0,-1,0,0,770
"304",1,1,2,1284,2,17,0,40,1,15,1,0,1290
"305",1,1,2,1605,1,17,0,35,1,40,0,0,850
"306",1,1,2,1926,2,17,0,15,0,-1,0,1,0
"307",1,1,2,2247,2,17,0,1,1,5,0,0,960
"308",1,1,2,2568,1,17,0,10,-1,-1,0,0,220
"309",1,1,2,2889,1,17,0,50,1,50,1,0,820
"310",1,1,2,3210,1,17,0,40,0,-1,0,0,670
"311",1,1,2,321,1,18,0,50,0,-1,0,0,950
"312",1,1,2,642,2,18,0,0,0,-1,0,0,660
"313",1,1,2,963,2,18,0,5,0,-1,0,1,0
"314",1,1,2,1284,2,18,0,35,-1,-1,0,0,1190
"315",1,1,2,1605,1,18,0,25,1,40,1,0,570
"316",1,1,2,1926,2,18,0,15,1,5,1,0,890
"317",1,1,2,2247,2,18,0,12,1,0,0,0,840
"318",1,1,2,2568,1,18,0,5,-1,-1,0,0,270
"319",1,1,2,2889,1,18,0,40,0,-1,0,1,0
"320",1,1,2,3210,1,18,0,40,1,50,0,0,1050
"321",1,1,2,321,1,19,0,50,1,50,0,0,1150
"322",1,1,2,642,2,19,0,0,-1,-1,0,0,590
"323",1,1,2,963,2,19,0,0,0,-1,0,0,590
"324",1,1,2,1284,2,19,0,45,1,0,0,0,1260
"325",1,1,2,1605,1,19,0,25,0,-1,0,0,530
"326",1,1,2,1926,2,19,0,25,0,-1,0,1,0
"327",1,1,2,2247,2,19,0,12,1,25,1,0,770
"328",1,1,2,2568,1,19,0,4,-1,-1,0,0,210
"329",1,1,2,2889,1,19,0,50,0,-1,0,0,900
"330",1,1,2,3210,1,19,0,40,1,25,0,0,1000
"331",1,1,2,321,1,20,0,50,-1,-1,0,0,830
"332",1,1,2,642,2,20,0,0,1,50,0,0,860
"333",1,1,2,963,2,20,0,0,1,12,1,0,610
"334",1,1,2,1284,2,20,0,50,0,-1,0,0,1360
"335",1,1,2,1605,1,20,0,40,1,40,0,0,930
"336",1,1,2,1926,2,20,0,15,-1,-1,0,0,840
"337",1,1,2,2247,2,20,0,12,0,-1,0,1,0
"338",1,1,2,2568,1,20,0,3,0,-1,0,0,130
"339",1,1,2,2889,1,20,0,50,1,3,0,0,1080
"340",1,1,2,3210,1,20,0,40,0,-1,0,0,680
"341",1,1,2,321,1,21,0,50,1,0,0,0,970
"342",1,1,2,642,2,21,0,0,-1,-1,0,0,640
"343",1,1,2,963,2,21,0,0,0,-1,0,0,640
"344",1,1,2,1284,2,21,0,45,1,25,0,0,1560
"345",1,1,2,1605,1,21,0,15,0,-1,0,0,450
"346",1,1,2,1926,2,21,0,25,0,-1,0,0,1010
"347",1,1,2,2247,2,21,0,2,1,0,0,0,670
"348",1,1,2,2568,1,21,0,0,0,-1,0,0,220
"349",1,1,2,2889,1,21,0,50,-1,-1,0,0,970
"350",1,1,2,3210,1,21,0,40,1,15,0,0,1070
"351",1,1,2,321,1,22,0,50,0,-1,0,0,860
"352",1,1,2,642,2,22,0,0,1,25,0,0,870
"353",1,1,2,963,2,22,0,0,-1,-1,0,0,620
"354",1,1,2,1284,2,22,0,50,0,-1,0,0,1370
"355",1,1,2,1605,1,22,0,38,0,-1,0,0,680
"356",1,1,2,1926,2,22,0,25,0,-1,0,0,990
"357",1,1,2,2247,2,22,0,1,1,50,0,0,880
"358",1,1,2,2568,1,22,0,0,1,50,0,0,360
"359",1,1,2,2889,1,22,0,50,-1,-1,0,0,860
"360",1,1,2,3210,1,22,0,40,1,38,0,0,960
"361",1,1,2,321,1,23,0,50,-1,-1,0,0,850
"362",1,1,2,642,2,23,0,0,1,45,0,0,920
"363",1,1,2,963,2,23,0,0,0,-1,0,0,670
"364",1,1,2,1284,2,23,0,45,0,-1,0,0,1350
"365",1,1,2,1605,1,23,0,40,1,40,0,0,950
"366",1,1,2,1926,2,23,0,0,1,0,0,0,670
"367",1,1,2,2247,2,23,0,20,-1,-1,0,0,970
"368",1,1,2,2568,1,23,0,0,0,-1,0,0,100
"369",1,1,2,2889,1,23,0,50,1,0,0,0,850
"370",1,1,2,3210,1,23,0,40,0,-1,0,0,700
"371",1,1,2,321,1,24,0,50,-1,-1,0,0,550
"372",1,1,2,642,2,24,0,0,1,0,0,0,610
"373",1,1,2,963,2,24,0,0,0,-1,0,0,610
"374",1,1,2,1284,2,24,0,50,0,-1,0,1,0
"375",1,1,2,1605,1,24,0,50,0,-1,0,0,550
"376",1,1,2,1926,2,24,0,25,1,50,1,0,980
"377",1,1,2,2247,2,24,0,3,-1,-1,0,0,650
"378",1,1,2,2568,1,24,0,50,1,50,0,0,800
"379",1,1,2,2889,1,24,0,50,0,-1,0,0,550
"380",1,1,2,3210,1,24,0,40,1,50,0,0,650
"381",1,1,2,321,1,25,0,50,0,-1,0,0,570
"382",1,1,2,642,2,25,0,0,1,25,0,0,850
"383",1,1,2,963,2,25,0,0,-1,-1,0,0,600
"384",1,1,2,1284,2,25,0,40,0,-1,0,1,0
"385",1,1,2,1605,1,25,0,45,1,50,0,0,750
"386",1,1,2,1926,2,25,0,25,0,-1,0,0,970
"387",1,1,2,2247,2,25,0,15,1,40,1,0,820
"388",1,1,2,2568,1,25,0,50,1,40,0,0,820
"389",1,1,2,2889,1,25,0,50,-1,-1,0,0,570
"390",1,1,2,3210,1,25,0,40,0,-1,0,0,420
"391",1,1,2,321,1,26,0,50,1,40,0,0,970
"392",1,1,2,642,2,26,0,0,0,-1,0,0,730
"393",1,1,2,963,2,26,0,0,1,0,0,0,730
"394",1,1,2,1284,2,26,0,10,0,-1,0,1,0
"395",1,1,2,1605,1,26,0,15,-1,-1,0,0,200
"396",1,1,2,1926,2,26,0,25,-1,-1,0,0,1110
"397",1,1,2,2247,2,26,0,18,1,10,1,0,1000
"398",1,1,2,2568,1,26,0,50,1,50,0,0,970
"399",1,1,2,2889,1,26,0,50,0,-1,0,0,720
"400",1,1,2,3210,1,26,0,40,0,-1,0,0,570
"401",2,1,1,321,2,4,0,0,-1,-1,0,0,990
"402",2,1,1,642,1,4,0,0,-1,-1,0,0,1000
"403",2,1,1,963,2,4,0,0,-1,-1,0,0,990
"404",2,1,1,1284,2,4,0,2,-1,-1,0,0,1020
"405",2,1,1,1605,1,4,0,0,-1,-1,0,0,1000
"406",2,1,1,1926,1,4,0,0,-1,-1,0,0,1000
"407",2,1,1,2247,1,4,0,0,-1,-1,0,0,1000
"408",2,1,1,2568,2,4,0,0,-1,-1,0,0,990
"409",2,1,1,2889,1,4,0,0,-1,-1,0,0,1000
"410",2,1,1,3210,2,4,0,0,-1,-1,0,0,990
"411",2,1,1,321,2,5,0,0,-1,-1,0,0,990
"412",2,1,1,642,1,5,0,0,-1,-1,0,0,1000
"413",2,1,1,963,2,5,0,0,-1,-1,0,0,990
"414",2,1,1,1284,2,5,0,1,-1,-1,0,0,1000
"415",2,1,1,1605,1,5,0,0,-1,-1,0,0,1000
"416",2,1,1,1926,1,5,0,0,-1,-1,0,0,1000
"417",2,1,1,2247,1,5,0,0,-1,-1,0,0,1000
"418",2,1,1,2568,2,5,0,1,-1,-1,0,0,1000
"419",2,1,1,2889,1,5,0,0,-1,-1,0,0,1000
"420",2,1,1,3210,2,5,0,0,-1,-1,0,0,990
"421",2,1,1,321,2,6,0,0,-1,-1,0,0,980
"422",2,1,1,642,1,6,0,0,-1,-1,0,0,1000
"423",2,1,1,963,2,6,0,0,-1,-1,0,0,980
"424",2,1,1,1284,2,6,0,2,-1,-1,0,0,1010
"425",2,1,1,1605,1,6,0,0,-1,-1,0,0,1000
"426",2,1,1,1926,1,6,0,0,-1,-1,0,0,1000
"427",2,1,1,2247,1,6,0,0,-1,-1,0,0,1000
"428",2,1,1,2568,2,6,0,1,-1,-1,0,0,1000
"429",2,1,1,2889,1,6,0,0,-1,-1,0,0,1000
"430",2,1,1,3210,2,6,0,0,-1,-1,0,0,980
"431",2,1,1,321,2,7,0,0,-1,-1,0,0,990
"432",2,1,1,642,1,7,0,0,-1,-1,0,0,1000
"433",2,1,1,963,2,7,0,0,-1,-1,0,0,990
"434",2,1,1,1284,2,7,0,0,-1,-1,0,0,990
"435",2,1,1,1605,1,7,0,0,-1,-1,0,0,1000
"436",2,1,1,1926,1,7,0,0,-1,-1,0,0,1000
"437",2,1,1,2247,1,7,0,0,-1,-1,0,0,1000
"438",2,1,1,2568,2,7,0,1,-1,-1,0,0,1010
"439",2,1,1,2889,1,7,0,0,-1,-1,0,0,1000
"440",2,1,1,3210,2,7,0,0,-1,-1,0,0,990
"441",2,1,1,321,2,8,0,0,-1,-1,0,0,980
"442",2,1,1,642,1,8,0,0,-1,-1,0,0,1000
"443",2,1,1,963,2,8,0,0,-1,-1,0,0,980
"444",2,1,1,1284,2,8,0,2,-1,-1,0,0,1010
"445",2,1,1,1605,1,8,0,0,-1,-1,0,0,1000
"446",2,1,1,1926,1,8,0,0,-1,-1,0,0,1000
"447",2,1,1,2247,1,8,0,0,-1,-1,0,0,1000
"448",2,1,1,2568,2,8,0,1,-1,-1,0,0,1000
"449",2,1,1,2889,1,8,0,0,-1,-1,0,0,1000
"450",2,1,1,3210,2,8,0,0,-1,-1,0,0,980
"451",2,1,1,321,2,9,0,0,-1,-1,0,0,970
"452",2,1,1,642,1,9,0,0,-1,-1,0,0,1000
"453",2,1,1,963,2,9,0,0,-1,-1,0,0,970
"454",2,1,1,1284,2,9,0,5,-1,-1,0,0,1040
"455",2,1,1,1605,1,9,0,0,-1,-1,0,0,1000
"456",2,1,1,1926,1,9,0,0,-1,-1,0,0,1000
"457",2,1,1,2247,1,9,0,0,-1,-1,0,0,1000
"458",2,1,1,2568,2,9,0,1,-1,-1,0,0,980
"459",2,1,1,2889,1,9,0,0,-1,-1,0,0,1000
"460",2,1,1,3210,2,9,0,0,-1,-1,0,0,970
"461",2,1,1,321,2,10,0,0,-1,-1,0,0,980
"462",2,1,1,642,1,10,0,0,-1,-1,0,0,1000
"463",2,1,1,963,2,10,0,0,-1,-1,0,0,980
"464",2,1,1,1284,2,10,0,2,-1,-1,0,0,1010
"465",2,1,1,1605,1,10,0,0,-1,-1,0,0,1000
"466",2,1,1,1926,1,10,0,0,-1,-1,0,0,1000
"467",2,1,1,2247,1,10,0,0,-1,-1,0,0,1000
"468",2,1,1,2568,2,10,0,1,-1,-1,0,0,1000
"469",2,1,1,2889,1,10,0,0,-1,-1,0,0,1000
"470",2,1,1,3210,2,10,0,0,-1,-1,0,0,980
"471",2,1,1,321,2,11,0,0,-1,-1,0,0,970
"472",2,1,1,642,1,11,0,0,-1,-1,0,0,1000
"473",2,1,1,963,2,11,0,0,-1,-1,0,0,970
"474",2,1,1,1284,2,11,0,4,-1,-1,0,0,1030
"475",2,1,1,1605,1,11,0,0,-1,-1,0,0,1000
"476",2,1,1,1926,1,11,0,0,-1,-1,0,0,1000
"477",2,1,1,2247,1,11,0,0,-1,-1,0,0,1000
"478",2,1,1,2568,2,11,0,1,-1,-1,0,0,990
"479",2,1,1,2889,1,11,0,0,-1,-1,0,0,1000
"480",2,1,1,3210,2,11,0,0,-1,-1,0,0,970
"481",2,1,1,321,2,12,0,0,-1,-1,0,0,980
"482",2,1,1,642,1,12,0,0,-1,-1,0,0,1000
"483",2,1,1,963,2,12,0,0,-1,-1,0,0,980
"484",2,1,1,1284,2,12,0,3,-1,-1,0,0,1020
"485",2,1,1,1605,1,12,0,0,-1,-1,0,0,1000
"486",2,1,1,1926,1,12,0,0,-1,-1,0,0,1000
"487",2,1,1,2247,1,12,0,0,-1,-1,0,0,1000
"488",2,1,1,2568,2,12,0,1,-1,-1,0,0,990
"489",2,1,1,2889,1,12,0,0,-1,-1,0,0,1000
"490",2,1,1,3210,2,12,0,0,-1,-1,0,0,980
"491",2,1,1,321,2,13,0,0,-1,-1,0,0,970
"492",2,1,1,642,1,13,0,0,-1,-1,0,0,1000
"493",2,1,1,963,2,13,0,0,-1,-1,0,0,970
"494",2,1,1,1284,2,13,0,4,-1,-1,0,0,1030
"495",2,1,1,1605,1,13,0,0,-1,-1,0,0,1000
"496",2,1,1,1926,1,13,0,0,-1,-1,0,0,1000
"497",2,1,1,2247,1,13,0,0,-1,-1,0,0,1000
"498",2,1,1,2568,2,13,0,1,-1,-1,0,0,990
"499",2,1,1,2889,1,13,0,0,-1,-1,0,0,1000
"500",2,1,1,3210,2,13,0,0,-1,-1,0,0,970
"501",2,1,1,321,2,17,0,0,1,0,0,0,1000
"502",2,1,1,642,1,17,0,0,0,-1,0,0,1000
"503",2,1,1,963,2,17,0,0,0,-1,0,0,1000
"504",2,1,1,1284,2,17,0,0,0,-1,0,0,1000
"505",2,1,1,1605,1,17,0,0,-1,-1,0,0,1000
"506",2,1,1,1926,1,17,0,0,1,0,0,0,1000
"507",2,1,1,2247,1,17,0,0,1,0,0,0,1000
"508",2,1,1,2568,2,17,0,0,-1,-1,0,0,1000
"509",2,1,1,2889,1,17,0,0,0,-1,0,0,1000
"510",2,1,1,3210,2,17,0,0,1,0,0,0,1000
"511",2,1,1,321,2,18,0,0,1,40,1,0,790
"512",2,1,1,642,1,18,0,0,1,0,0,0,1000
"513",2,1,1,963,2,18,0,0,1,1,1,0,790
"514",2,1,1,1284,2,18,0,40,0,-1,0,1,0
"515",2,1,1,1605,1,18,0,0,-1,-1,0,0,1000
"516",2,1,1,1926,1,18,0,0,0,-1,0,0,1000
"517",2,1,1,2247,1,18,0,0,0,-1,0,0,1000
"518",2,1,1,2568,2,18,0,1,0,-1,0,1,0
"519",2,1,1,2889,1,18,0,0,1,0,0,0,1000
"520",2,1,1,3210,2,18,0,0,-1,-1,0,0,790
"521",2,1,1,321,2,19,0,0,-1,-1,0,0,740
"522",2,1,1,642,1,19,0,0,-1,-1,0,0,1000
"523",2,1,1,963,2,19,0,0,0,-1,0,0,740
"524",2,1,1,1284,2,19,0,50,1,0,0,0,1490
"525",2,1,1,1605,1,19,0,0,1,0,0,0,1000
"526",2,1,1,1926,1,19,0,0,0,-1,0,0,1000
"527",2,1,1,2247,1,19,0,0,0,-1,0,0,1000
"528",2,1,1,2568,2,19,0,1,0,-1,0,1,0
"529",2,1,1,2889,1,19,0,0,1,0,0,0,1000
"530",2,1,1,3210,2,19,0,0,1,1,1,0,740
"531",2,1,1,321,2,20,0,0,-1,-1,0,0,990
"532",2,1,1,642,1,20,0,0,0,-1,0,0,1000
"533",2,1,1,963,2,20,0,0,1,1,1,0,990
"534",2,1,1,1284,2,20,0,0,1,0,0,0,990
"535",2,1,1,1605,1,20,0,0,1,0,0,0,1000
"536",2,1,1,1926,1,20,0,0,-1,-1,0,0,1000
"537",2,1,1,2247,1,20,0,0,1,0,0,0,1000
"538",2,1,1,2568,2,20,0,1,0,-1,0,1,0
"539",2,1,1,2889,1,20,0,0,0,-1,0,0,1000
"540",2,1,1,3210,2,20,0,0,0,-1,0,0,990
"541",2,1,1,321,2,21,0,0,1,1,1,0,740
"542",2,1,1,642,1,21,0,0,0,-1,0,0,1000
"543",2,1,1,963,2,21,0,0,1,50,1,0,740
"544",2,1,1,1284,2,21,0,50,0,-1,0,1,0
"545",2,1,1,1605,1,21,0,0,-1,-1,0,0,1000
"546",2,1,1,1926,1,21,0,0,0,-1,0,0,1000
"547",2,1,1,2247,1,21,0,0,1,0,0,0,1000
"548",2,1,1,2568,2,21,0,1,0,-1,0,1,0
"549",2,1,1,2889,1,21,0,0,1,0,0,0,1000
"550",2,1,1,3210,2,21,0,0,-1,-1,0,0,740
"551",2,1,1,321,2,22,0,0,1,0,0,0,990
"552",2,1,1,642,1,22,0,0,1,0,0,0,1000
"553",2,1,1,963,2,22,0,0,0,-1,0,0,990
"554",2,1,1,1284,2,22,0,0,1,0,0,0,990
"555",2,1,1,1605,1,22,0,0,-1,-1,0,0,1000
"556",2,1,1,1926,1,22,0,0,0,-1,0,0,1000
"557",2,1,1,2247,1,22,0,0,0,-1,0,0,1000
"558",2,1,1,2568,2,22,0,1,-1,-1,0,0,1010
"559",2,1,1,2889,1,22,0,0,1,0,0,0,1000
"560",2,1,1,3210,2,22,0,0,0,-1,0,0,990
"561",2,1,1,321,2,23,0,0,-1,-1,0,0,990
"562",2,1,1,642,1,23,0,0,0,-1,0,0,1000
"563",2,1,1,963,2,23,0,0,0,-1,0,0,990
"564",2,1,1,1284,2,23,0,0,1,0,0,0,990
"565",2,1,1,1605,1,23,0,0,0,-1,0,0,1000
"566",2,1,1,1926,1,23,0,0,1,0,0,0,1000
"567",2,1,1,2247,1,23,0,0,1,0,0,0,1000
"568",2,1,1,2568,2,23,0,1,1,0,0,0,1010
"569",2,1,1,2889,1,23,0,0,-1,-1,0,0,1000
"570",2,1,1,3210,2,23,0,0,0,-1,0,0,990
"571",2,1,1,321,2,24,0,0,1,0,0,0,940
"572",2,1,1,642,1,24,0,0,1,0,0,0,1000
"573",2,1,1,963,2,24,0,0,1,12,1,0,940
"574",2,1,1,1284,2,24,0,0,0,-1,0,0,940
"575",2,1,1,1605,1,24,0,0,-1,-1,0,0,1000
"576",2,1,1,1926,1,24,0,0,0,-1,0,0,1000
"577",2,1,1,2247,1,24,0,0,1,0,0,0,1000
"578",2,1,1,2568,2,24,0,12,0,-1,0,1,0
"579",2,1,1,2889,1,24,0,0,0,-1,0,0,1000
"580",2,1,1,3210,2,24,0,0,-1,-1,0,0,940
"581",2,1,1,321,2,25,0,0,0,-1,0,0,750
"582",2,1,1,642,1,25,0,0,1,0,0,0,1000
"583",2,1,1,963,2,25,0,0,-1,-1,0,0,750
"584",2,1,1,1284,2,25,0,50,0,-1,0,0,1500
"585",2,1,1,1605,1,25,0,0,1,0,0,0,1000
"586",2,1,1,1926,1,25,0,0,0,-1,0,0,1000
"587",2,1,1,2247,1,25,0,0,0,-1,0,0,1000
"588",2,1,1,2568,2,25,0,0,1,0,0,0,750
"589",2,1,1,2889,1,25,0,0,-1,-1,0,0,1000
"590",2,1,1,3210,2,25,0,0,1,50,0,0,1000
"591",2,1,1,321,2,26,0,0,-1,-1,0,0,990
"592",2,1,1,642,1,26,0,0,-1,-1,0,0,1000
"593",2,1,1,963,2,26,0,0,1,0,0,0,990
"594",2,1,1,1284,2,26,0,0,1,1,0,0,1240
"595",2,1,1,1605,1,26,0,0,0,-1,0,0,1000
"596",2,1,1,1926,1,26,0,0,0,-1,0,0,1000
"597",2,1,1,2247,1,26,0,0,1,0,0,0,1000
"598",2,1,1,2568,2,26,0,1,0,-1,0,0,1010
"599",2,1,1,2889,1,26,0,0,1,0,0,0,1000
"600",2,1,1,3210,2,26,0,0,0,-1,0,0,990
"601",2,1,2,321,1,4,0,20,-1,-1,0,0,620
"602",2,1,2,642,1,4,0,20,-1,-1,0,0,620
"603",2,1,2,963,2,4,0,50,-1,-1,0,0,1220
"604",2,1,2,1284,1,4,0,50,-1,-1,0,0,1070
"605",2,1,2,1605,2,4,0,0,-1,-1,0,0,470
"606",2,1,2,1926,2,4,0,5,-1,-1,0,0,550
"607",2,1,2,2247,1,4,0,45,-1,-1,0,0,1000
"608",2,1,2,2568,2,4,0,50,-1,-1,0,0,1220
"609",2,1,2,2889,2,4,0,0,-1,-1,0,0,470
"610",2,1,2,3210,1,4,0,0,-1,-1,0,0,320
"611",2,1,2,321,1,5,0,0,-1,-1,0,0,260
"612",2,1,2,642,1,5,0,15,-1,-1,0,0,490
"613",2,1,2,963,2,5,0,50,-1,-1,0,0,1250
"614",2,1,2,1284,1,5,0,50,-1,-1,0,0,1010
"615",2,1,2,1605,2,5,0,0,-1,-1,0,0,500
"616",2,1,2,1926,2,5,0,10,-1,-1,0,0,650
"617",2,1,2,2247,1,5,0,42,-1,-1,0,0,890
"618",2,1,2,2568,2,5,0,40,-1,-1,0,0,1100
"619",2,1,2,2889,2,5,0,0,-1,-1,0,0,500
"620",2,1,2,3210,1,5,0,40,-1,-1,0,0,860
"621",2,1,2,321,1,6,0,20,-1,-1,0,0,610
"622",2,1,2,642,1,6,0,20,-1,-1,0,0,610
"623",2,1,2,963,2,6,0,50,-1,-1,0,0,1350
"624",2,1,2,1284,1,6,0,50,-1,-1,0,0,1060
"625",2,1,2,1605,2,6,0,0,-1,-1,0,0,600
"626",2,1,2,1926,2,6,0,0,-1,-1,0,0,600
"627",2,1,2,2247,1,6,0,48,-1,-1,0,0,1030
"628",2,1,2,2568,2,6,0,30,-1,-1,0,0,1050
"629",2,1,2,2889,2,6,0,0,-1,-1,0,0,600
"630",2,1,2,3210,1,6,0,0,-1,-1,0,0,310
"631",2,1,2,321,1,7,0,5,-1,-1,0,0,400
"632",2,1,2,642,1,7,0,25,-1,-1,0,0,700
"633",2,1,2,963,2,7,0,50,-1,-1,0,0,1400
"634",2,1,2,1284,1,7,0,50,-1,-1,0,0,1070
"635",2,1,2,1605,2,7,0,0,-1,-1,0,0,650
"636",2,1,2,1926,2,7,0,0,-1,-1,0,0,650
"637",2,1,2,2247,1,7,0,45,-1,-1,0,0,1000
"638",2,1,2,2568,2,7,0,20,-1,-1,0,0,950
"639",2,1,2,2889,2,7,0,0,-1,-1,0,0,650
"640",2,1,2,3210,1,7,0,10,-1,-1,0,0,470
"641",2,1,2,321,1,8,0,50,-1,-1,0,0,880
"642",2,1,2,642,1,8,0,40,-1,-1,0,0,730
"643",2,1,2,963,2,8,0,50,-1,-1,0,0,1170
"644",2,1,2,1284,1,8,0,50,-1,-1,0,0,880
"645",2,1,2,1605,2,8,0,0,-1,-1,0,0,420
"646",2,1,2,1926,2,8,0,15,-1,-1,0,0,650
"647",2,1,2,2247,1,8,0,23,-1,-1,0,0,480
"648",2,1,2,2568,2,8,0,50,-1,-1,0,0,1170
"649",2,1,2,2889,2,8,0,0,-1,-1,0,0,420
"650",2,1,2,3210,1,8,0,10,-1,-1,0,0,280
"651",2,1,2,321,1,9,0,0,-1,-1,0,0,620
"652",2,1,2,642,1,9,0,10,-1,-1,0,0,770
"653",2,1,2,963,2,9,0,40,-1,-1,0,0,920
"654",2,1,2,1284,1,9,0,30,-1,-1,0,0,1070
"655",2,1,2,1605,2,9,0,0,-1,-1,0,0,320
"656",2,1,2,1926,2,9,0,50,-1,-1,0,0,1070
"657",2,1,2,2247,1,9,0,15,-1,-1,0,0,850
"658",2,1,2,2568,2,9,0,45,-1,-1,0,0,1000
"659",2,1,2,2889,2,9,0,0,-1,-1,0,0,320
"660",2,1,2,3210,1,9,0,20,-1,-1,0,0,920
"661",2,1,2,321,1,10,0,15,-1,-1,0,0,930
"662",2,1,2,642,1,10,0,15,-1,-1,0,0,930
"663",2,1,2,963,2,10,0,40,-1,-1,0,0,1150
"664",2,1,2,1284,1,10,0,20,-1,-1,0,0,1000
"665",2,1,2,1605,2,10,0,0,-1,-1,0,0,550
"666",2,1,2,1926,2,10,0,0,-1,-1,0,0,550
"667",2,1,2,2247,1,10,0,9,-1,-1,0,0,840
"668",2,1,2,2568,2,10,0,50,-1,-1,0,0,1300
"669",2,1,2,2889,2,10,0,0,-1,-1,0,0,550
"670",2,1,2,3210,1,10,0,0,-1,-1,0,0,700
"671",2,1,2,321,1,11,0,50,-1,-1,0,0,1370
"672",2,1,2,642,1,11,0,10,-1,-1,0,0,770
"673",2,1,2,963,2,11,0,40,-1,-1,0,0,1120
"674",2,1,2,1284,1,11,0,10,-1,-1,0,0,770
"675",2,1,2,1605,2,11,0,0,-1,-1,0,0,520
"676",2,1,2,1926,2,11,0,15,-1,-1,0,0,750
"677",2,1,2,2247,1,11,0,6,-1,-1,0,0,710
"678",2,1,2,2568,2,11,0,40,-1,-1,0,0,1120
"679",2,1,2,2889,2,11,0,0,-1,-1,0,0,520
"680",2,1,2,3210,1,11,0,0,-1,-1,0,0,620
"681",2,1,2,321,1,12,0,0,-1,-1,0,0,850
"682",2,1,2,642,1,12,0,15,-1,-1,0,0,1080
"683",2,1,2,963,2,12,0,40,-1,-1,0,0,1200
"684",2,1,2,1284,1,12,0,10,-1,-1,0,0,1000
"685",2,1,2,1605,2,12,0,0,-1,-1,0,0,600
"686",2,1,2,1926,2,12,0,0,-1,-1,0,0,600
"687",2,1,2,2247,1,12,0,4,-1,-1,0,0,910
"688",2,1,2,2568,2,12,0,40,-1,-1,0,0,1200
"689",2,1,2,2889,2,12,0,0,-1,-1,0,0,600
"690",2,1,2,3210,1,12,0,0,-1,-1,0,0,850
"691",2,1,2,321,1,13,0,0,-1,-1,0,0,790
"692",2,1,2,642,1,13,0,10,-1,-1,0,0,940
"693",2,1,2,963,2,13,0,50,-1,-1,0,0,1220
"694",2,1,2,1284,1,13,0,30,-1,-1,0,0,1240
"695",2,1,2,1605,2,13,0,0,-1,-1,0,0,470
"696",2,1,2,1926,2,13,0,10,-1,-1,0,0,620
"697",2,1,2,2247,1,13,0,2,-1,-1,0,0,820
"698",2,1,2,2568,2,13,0,45,-1,-1,0,0,1150
"699",2,1,2,2889,2,13,0,0,-1,-1,0,0,470
"700",2,1,2,3210,1,13,0,0,-1,-1,0,0,790
"701",2,1,2,321,1,17,0,15,0,-1,0,0,1040
"702",2,1,2,642,1,17,0,10,1,1,0,0,1220
"703",2,1,2,963,2,17,0,30,0,-1,0,1,0
"704",2,1,2,1284,1,17,0,10,-1,-1,0,0,970
"705",2,1,2,1605,2,17,0,0,1,0,0,0,750
"706",2,1,2,1926,2,17,0,0,0,-1,0,0,750
"707",2,1,2,2247,1,17,0,1,0,-1,0,0,830
"708",2,1,2,2568,2,17,0,20,1,30,1,0,1050
"709",2,1,2,2889,2,17,0,0,-1,-1,0,0,750
"710",2,1,2,3210,1,17,0,0,1,15,0,0,1070
"711",2,1,2,321,1,18,0,10,-1,-1,0,0,950
"712",2,1,2,642,1,18,0,10,0,-1,0,0,950
"713",2,1,2,963,2,18,0,30,1,0,0,0,1100
"714",2,1,2,1284,1,18,0,15,0,-1,0,0,1020
"715",2,1,2,1605,2,18,0,0,-1,-1,0,0,650
"716",2,1,2,1926,2,18,0,0,0,-1,0,0,650
"717",2,1,2,2247,1,18,0,5,1,10,0,0,1120
"718",2,1,2,2568,2,18,0,40,1,0,0,0,1250
"719",2,1,2,2889,2,18,0,0,0,-1,0,0,650
"720",2,1,2,3210,1,18,0,0,1,15,0,0,1050
"721",2,1,2,321,1,19,0,10,-1,-1,0,0,970
"722",2,1,2,642,1,19,0,15,0,-1,0,1,0
"723",2,1,2,963,2,19,0,25,0,-1,0,0,1100
"724",2,1,2,1284,1,19,0,10,0,-1,0,0,970
"725",2,1,2,1605,2,19,0,0,1,25,0,0,970
"726",2,1,2,1926,2,19,0,0,-1,-1,0,0,720
"727",2,1,2,2247,1,19,0,1,1,15,1,0,830
"728",2,1,2,2568,2,19,0,30,0,-1,0,0,1170
"729",2,1,2,2889,2,19,0,0,1,30,0,0,970
"730",2,1,2,3210,1,19,0,0,1,10,0,0,1070
"731",2,1,2,321,1,20,0,0,1,20,1,0,870
"732",2,1,2,642,1,20,0,5,0,-1,0,0,940
"733",2,1,2,963,2,20,0,30,-1,-1,0,0,1050
"734",2,1,2,1284,1,20,0,20,0,-1,0,1,0
"735",2,1,2,1605,2,20,0,0,0,-1,0,0,600
"736",2,1,2,1926,2,20,0,0,1,50,1,0,600
"737",2,1,2,2247,1,20,0,1,-1,-1,0,0,880
"738",2,1,2,2568,2,20,0,50,0,-1,0,1,0
"739",2,1,2,2889,2,20,0,0,1,0,0,0,600
"740",2,1,2,3210,1,20,0,0,1,5,0,0,1120
"741",2,1,2,321,1,21,0,15,0,-1,0,1,0
"742",2,1,2,642,1,21,0,5,1,0,0,0,720
"743",2,1,2,963,2,21,0,25,1,0,0,0,1050
"744",2,1,2,1284,1,21,0,50,-1,-1,0,0,1390
"745",2,1,2,1605,2,21,0,0,0,-1,0,0,670
"746",2,1,2,1926,2,21,0,0,-1,-1,0,0,670
"747",2,1,2,2247,1,21,0,1,1,15,1,0,660
"748",2,1,2,2568,2,21,0,40,0,-1,0,0,1270
"749",2,1,2,2889,2,21,0,0,1,40,0,0,920
"750",2,1,2,3210,1,21,0,0,0,-1,0,0,640
"751",2,1,2,321,1,22,0,5,0,-1,0,0,1000
"752",2,1,2,642,1,22,0,8,1,5,0,0,1300
"753",2,1,2,963,2,22,0,30,0,-1,0,0,1100
"754",2,1,2,1284,1,22,0,0,1,1,0,0,1180
"755",2,1,2,1605,2,22,0,0,1,30,0,0,900
"756",2,1,2,1926,2,22,0,0,-1,-1,0,0,650
"757",2,1,2,2247,1,22,0,1,0,-1,0,0,940
"758",2,1,2,2568,2,22,0,40,1,0,0,0,1250
"759",2,1,2,2889,2,22,0,0,0,-1,0,0,650
"760",2,1,2,3210,1,22,0,0,-1,-1,0,0,930
"761",2,1,2,321,1,23,0,5,1,5,0,0,1220
"762",2,1,2,642,1,23,0,5,0,-1,0,0,970
"763",2,1,2,963,2,23,0,25,1,40,1,0,800
"764",2,1,2,1284,1,23,0,10,0,-1,0,1,0
"765",2,1,2,1605,2,23,0,0,-1,-1,0,0,420
"766",2,1,2,1926,2,23,0,50,0,-1,0,1,0
"767",2,1,2,2247,1,23,0,1,1,10,1,0,910
"768",2,1,2,2568,2,23,0,40,0,-1,0,1,0
"769",2,1,2,2889,2,23,0,0,1,50,1,0,420
"770",2,1,2,3210,1,23,0,0,-1,-1,0,0,890
"771",2,1,2,321,1,24,0,5,0,-1,0,1,0
"772",2,1,2,642,1,24,0,4,0,-1,0,0,760
"773",2,1,2,963,2,24,0,25,0,-1,0,0,1000
"774",2,1,2,1284,1,24,0,50,1,5,1,0,1450
"775",2,1,2,1605,2,24,0,0,-1,-1,0,0,620
"776",2,1,2,1926,2,24,0,0,0,-1,0,0,620
"777",2,1,2,2247,1,24,0,1,1,4,0,0,960
"778",2,1,2,2568,2,24,0,50,1,0,0,0,1370
"779",2,1,2,2889,2,24,0,0,1,25,0,0,870
"780",2,1,2,3210,1,24,0,0,-1,-1,0,0,700
"781",2,1,2,321,1,25,0,5,-1,-1,0,0,970
"782",2,1,2,642,1,25,0,5,1,0,0,0,970
"783",2,1,2,963,2,25,0,25,-1,-1,0,0,1050
"784",2,1,2,1284,1,25,0,10,0,-1,0,1,0
"785",2,1,2,1605,2,25,0,0,0,-1,0,0,670
"786",2,1,2,1926,2,25,0,0,1,0,0,0,670
"787",2,1,2,2247,1,25,0,1,1,10,1,0,910
"788",2,1,2,2568,2,25,0,40,1,0,0,0,1270
"789",2,1,2,2889,2,25,0,0,0,-1,0,0,670
"790",2,1,2,3210,1,25,0,0,0,-1,0,0,890
"791",2,1,2,321,1,26,0,10,1,50,1,0,820
"792",2,1,2,642,1,26,0,4,0,-1,0,0,730
"793",2,1,2,963,2,26,0,30,0,-1,0,0,1100
"794",2,1,2,1284,1,26,0,50,0,-1,0,1,0
"795",2,1,2,1605,2,26,0,0,1,40,0,0,900
"796",2,1,2,1926,2,26,0,0,-1,-1,0,0,650
"797",2,1,2,2247,1,26,0,1,-1,-1,0,0,690
"798",2,1,2,2568,2,26,0,40,0,-1,0,0,1250
"799",2,1,2,2889,2,26,0,0,1,30,0,0,900
"800",2,1,2,3210,1,26,0,0,1,4,0,0,920
"801",3,2,1,321,1,4,0,30,-1,-1,0,0,540
"802",3,2,1,642,2,4,0,50,-1,-1,0,0,800
"803",3,2,1,963,2,4,0,40,-1,-1,0,0,650
"804",3,2,1,1284,1,4,0,15,-1,-1,0,0,320
"805",3,2,1,1605,2,4,0,50,-1,-1,0,0,800
"806",3,2,1,1926,2,4,0,0,-1,-1,0,0,50
"807",3,2,1,2247,1,4,0,50,-1,-1,0,0,840
"808",3,2,1,2568,1,4,0,36,-1,-1,0,0,630
"809",3,2,1,2889,2,4,0,50,-1,-1,0,0,800
"810",3,2,1,3210,1,4,0,50,-1,-1,0,0,840
"811",3,2,1,321,2,5,0,25,-1,-1,0,0,250
"812",3,2,1,642,2,5,0,50,-1,-1,0,0,620
"813",3,2,1,963,1,5,0,30,-1,-1,0,0,560
"814",3,2,1,1284,2,5,0,50,-1,-1,0,0,620
"815",3,2,1,1605,2,5,0,50,-1,-1,0,0,620
"816",3,2,1,1926,1,5,0,2,-1,-1,0,0,140
"817",3,2,1,2247,1,5,0,50,-1,-1,0,0,860
"818",3,2,1,2568,2,5,0,50,-1,-1,0,0,620
"819",3,2,1,2889,1,5,0,50,-1,-1,0,0,860
"820",3,2,1,3210,1,5,0,45,-1,-1,0,0,790
"821",3,2,1,321,2,6,0,45,-1,-1,0,0,540
"822",3,2,1,642,2,6,0,40,-1,-1,0,0,460
"823",3,2,1,963,1,6,0,30,-1,-1,0,0,550
"824",3,2,1,1284,2,6,0,50,-1,-1,0,0,610
"825",3,2,1,1605,2,6,0,50,-1,-1,0,0,610
"826",3,2,1,1926,1,6,0,0,-1,-1,0,0,100
"827",3,2,1,2247,1,6,0,50,-1,-1,0,0,850
"828",3,2,1,2568,2,6,0,42,-1,-1,0,0,490
"829",3,2,1,2889,1,6,0,50,-1,-1,0,0,850
"830",3,2,1,3210,1,6,0,50,-1,-1,0,0,850
"831",3,2,1,321,1,7,0,20,-1,-1,0,0,530
"832",3,2,1,642,2,7,0,40,-1,-1,0,0,500
"833",3,2,1,963,2,7,0,30,-1,-1,0,0,350
"834",3,2,1,1284,2,7,0,50,-1,-1,0,0,650
"835",3,2,1,1605,1,7,0,50,-1,-1,0,0,980
"836",3,2,1,1926,1,7,0,0,-1,-1,0,0,230
"837",3,2,1,2247,2,7,0,50,-1,-1,0,0,650
"838",3,2,1,2568,1,7,0,33,-1,-1,0,0,730
"839",3,2,1,2889,2,7,0,50,-1,-1,0,0,650
"840",3,2,1,3210,1,7,0,50,-1,-1,0,0,980
"841",3,2,1,321,1,8,0,50,-1,-1,0,0,870
"842",3,2,1,642,1,8,0,50,-1,-1,0,0,870
"843",3,2,1,963,1,8,0,20,-1,-1,0,0,420
"844",3,2,1,1284,2,8,0,45,-1,-1,0,0,470
"845",3,2,1,1605,2,8,0,50,-1,-1,0,0,550
"846",3,2,1,1926,1,8,0,10,-1,-1,0,0,270
"847",3,2,1,2247,1,8,0,45,-1,-1,0,0,800
"848",3,2,1,2568,2,8,0,45,-1,-1,0,0,470
"849",3,2,1,2889,2,8,0,50,-1,-1,0,0,550
"850",3,2,1,3210,2,8,0,50,-1,-1,0,0,550
"851",3,2,1,321,2,9,0,50,-1,-1,0,0,750
"852",3,2,1,642,2,9,0,50,-1,-1,0,0,750
"853",3,2,1,963,1,9,0,50,-1,-1,0,0,550
"854",3,2,1,1284,1,9,0,50,-1,-1,0,0,550
"855",3,2,1,1605,2,9,0,50,-1,-1,0,0,750
"856",3,2,1,1926,2,9,0,0,-1,-1,0,0,0
"857",3,2,1,2247,1,9,0,48,-1,-1,0,0,520
"858",3,2,1,2568,1,9,0,41,-1,-1,0,0,420
"859",3,2,1,2889,1,9,0,50,-1,-1,0,0,550
"860",3,2,1,3210,2,9,0,50,-1,-1,0,0,750
"861",3,2,1,321,1,10,0,45,-1,-1,0,0,450
"862",3,2,1,642,2,10,0,50,-1,-1,0,0,900
"863",3,2,1,963,2,10,0,20,-1,-1,0,0,450
"864",3,2,1,1284,1,10,0,50,-1,-1,0,0,520
"865",3,2,1,1605,1,10,0,50,-1,-1,0,0,520
"866",3,2,1,1926,2,10,0,0,-1,-1,0,0,150
"867",3,2,1,2247,1,10,0,50,-1,-1,0,0,520
"868",3,2,1,2568,2,10,0,50,-1,-1,0,0,900
"869",3,2,1,2889,1,10,0,50,-1,-1,0,0,520
"870",3,2,1,3210,2,10,0,50,-1,-1,0,0,900
"871",3,2,1,321,2,11,0,50,-1,-1,0,0,650
"872",3,2,1,642,1,11,0,50,-1,-1,0,0,750
"873",3,2,1,963,1,11,0,50,-1,-1,0,0,750
"874",3,2,1,1284,2,11,0,20,-1,-1,0,0,200
"875",3,2,1,1605,1,11,0,50,-1,-1,0,0,750
"876",3,2,1,1926,1,11,0,0,-1,-1,0,0,0
"877",3,2,1,2247,2,11,0,50,-1,-1,0,0,650
"878",3,2,1,2568,1,11,0,50,-1,-1,0,0,750
"879",3,2,1,2889,2,11,0,50,-1,-1,0,0,650
"880",3,2,1,3210,2,11,0,50,-1,-1,0,0,650
"881",3,2,1,321,1,12,0,45,-1,-1,0,0,550
"882",3,2,1,642,1,12,0,50,-1,-1,0,0,620
"883",3,2,1,963,1,12,0,30,-1,-1,0,0,320
"884",3,2,1,1284,1,12,0,50,-1,-1,0,0,620
"885",3,2,1,1605,2,12,0,50,-1,-1,0,0,700
"886",3,2,1,1926,2,12,0,10,-1,-1,0,0,100
"887",3,2,1,2247,2,12,0,50,-1,-1,0,0,700
"888",3,2,1,2568,2,12,0,50,-1,-1,0,0,700
"889",3,2,1,2889,1,12,0,50,-1,-1,0,0,620
"890",3,2,1,3210,2,12,0,50,-1,-1,0,0,700
"891",3,2,1,321,1,13,0,50,-1,-1,0,0,700
"892",3,2,1,642,2,13,0,50,-1,-1,0,0,660
"893",3,2,1,963,2,13,0,20,-1,-1,0,0,210
"894",3,2,1,1284,2,13,0,50,-1,-1,0,0,660
"895",3,2,1,1605,2,13,0,50,-1,-1,0,0,660
"896",3,2,1,1926,1,13,0,10,-1,-1,0,0,100
"897",3,2,1,2247,1,13,0,50,-1,-1,0,0,700
"898",3,2,1,2568,1,13,0,50,-1,-1,0,0,700
"899",3,2,1,2889,1,13,0,50,-1,-1,0,0,700
"900",3,2,1,3210,2,13,0,48,-1,-1,0,0,630
"901",3,2,1,321,1,17,0,25,1,50,1,0,950
"902",3,2,1,642,2,17,0,50,1,50,0,0,1120
"903",3,2,1,963,1,17,0,10,0,-1,0,0,720
"904",3,2,1,1284,1,17,0,50,0,-1,0,1,0
"905",3,2,1,1605,2,17,0,50,0,-1,0,0,870
"906",3,2,1,1926,1,17,0,0,1,10,0,0,820
"907",3,2,1,2247,2,17,0,50,0,-1,0,0,870
"908",3,2,1,2568,2,17,0,25,1,50,0,0,750
"909",3,2,1,2889,1,17,0,0,-1,-1,0,0,570
"910",3,2,1,3210,2,17,0,0,-1,-1,0,0,120
"911",3,2,1,321,2,18,0,20,1,0,0,0,700
"912",3,2,1,642,1,18,0,50,1,0,0,0,820
"913",3,2,1,963,1,18,0,0,0,-1,0,0,70
"914",3,2,1,1284,2,18,0,50,-1,-1,0,0,1150
"915",3,2,1,1605,1,18,0,50,1,35,1,0,820
"916",3,2,1,1926,2,18,0,0,1,50,0,0,650
"917",3,2,1,2247,2,18,0,50,0,-1,0,0,1150
"918",3,2,1,2568,1,18,0,35,0,-1,0,1,0
"919",3,2,1,2889,2,18,0,0,0,-1,0,0,400
"920",3,2,1,3210,1,18,0,50,-1,-1,0,0,820
"921",3,2,1,321,1,19,0,0,1,45,0,0,760
"922",3,2,1,642,1,19,0,50,0,-1,0,0,1260
"923",3,2,1,963,2,19,0,10,1,50,1,0,350
"924",3,2,1,1284,2,19,0,50,0,-1,0,1,0
"925",3,2,1,1605,2,19,0,0,0,-1,0,0,200
"926",3,2,1,1926,1,19,0,2,1,50,0,0,790
"927",3,2,1,2247,2,19,0,50,-1,-1,0,0,950
"928",3,2,1,2568,1,19,0,45,0,-1,0,0,1190
"929",3,2,1,2889,1,19,0,0,-1,-1,0,0,510
"930",3,2,1,3210,2,19,0,50,1,0,0,0,950
"931",3,2,1,321,1,20,0,25,0,-1,0,0,750
"932",3,2,1,642,2,20,0,50,0,-1,0,1,0
"933",3,2,1,963,2,20,0,12,1,50,1,0,120
"934",3,2,1,1284,1,20,0,0,1,50,0,0,620
"935",3,2,1,1605,2,20,0,50,0,-1,0,0,690
"936",3,2,1,1926,1,20,0,8,-1,-1,0,0,490
"937",3,2,1,2247,2,20,0,50,-1,-1,0,0,690
"938",3,2,1,2568,1,20,0,42,1,25,0,0,1250
"939",3,2,1,2889,1,20,0,50,0,-1,0,0,1120
"940",3,2,1,3210,2,20,0,50,1,50,0,0,940
"941",3,2,1,321,2,21,0,25,1,50,1,0,500
"942",3,2,1,642,2,21,0,50,-1,-1,0,0,870
"943",3,2,1,963,1,21,0,11,1,50,1,0,130
"944",3,2,1,1284,1,21,0,50,1,45,0,0,970
"945",3,2,1,1605,1,21,0,50,-1,-1,0,0,720
"946",3,2,1,1926,2,21,0,0,1,50,0,0,370
"947",3,2,1,2247,2,21,0,50,0,-1,0,1,0
"948",3,2,1,2568,1,21,0,45,0,-1,0,0,640
"949",3,2,1,2889,2,21,0,50,0,-1,0,0,870
"950",3,2,1,3210,1,21,0,50,0,-1,0,1,0
"951",3,2,1,321,2,22,0,25,0,-1,0,1,0
"952",3,2,1,642,1,22,0,50,1,2,0,0,1390
"953",3,2,1,963,1,22,0,20,1,50,1,0,690
"954",3,2,1,1284,2,22,0,50,1,50,0,0,870
"955",3,2,1,1605,2,22,0,50,1,25,1,0,620
"956",3,2,1,1926,1,22,0,2,0,-1,0,0,420
"957",3,2,1,2247,2,22,0,50,-1,-1,0,0,620
"958",3,2,1,2568,2,22,0,50,0,-1,0,0,620
"959",3,2,1,2889,1,22,0,50,0,-1,0,1,0
"960",3,2,1,3210,1,22,0,0,-1,-1,0,0,390
"961",3,2,1,321,1,23,0,40,1,50,1,0,890
"962",3,2,1,642,2,23,0,50,1,50,0,0,950
"963",3,2,1,963,2,23,0,10,-1,-1,0,0,100
"964",3,2,1,1284,1,23,0,50,0,-1,0,1,0
"965",3,2,1,1605,2,23,0,50,1,50,1,0,700
"966",3,2,1,1926,1,23,0,2,1,50,1,0,320
"967",3,2,1,2247,2,23,0,50,0,-1,0,1,0
"968",3,2,1,2568,1,23,0,50,0,-1,0,1,0
"969",3,2,1,2889,2,23,0,50,0,-1,0,0,700
"970",3,2,1,3210,1,23,0,0,-1,-1,0,0,290
"971",3,2,1,321,2,24,0,20,0,-1,0,0,700
"972",3,2,1,642,1,24,0,50,0,-1,0,0,950
"973",3,2,1,963,1,24,0,10,0,-1,0,0,350
"974",3,2,1,1284,2,24,0,0,1,50,0,0,650
"975",3,2,1,1605,2,24,0,50,0,-1,0,0,1150
"976",3,2,1,1926,1,24,0,0,1,10,0,0,450
"977",3,2,1,2247,1,24,0,50,1,50,0,0,1200
"978",3,2,1,2568,1,24,0,50,-1,-1,0,0,950
"979",3,2,1,2889,2,24,0,50,1,20,0,0,1400
"980",3,2,1,3210,2,24,0,0,-1,-1,0,0,400
"981",3,2,1,321,1,25,0,15,0,-1,0,0,600
"982",3,2,1,642,1,25,0,50,0,-1,0,0,1120
"983",3,2,1,963,1,25,0,10,-1,-1,0,0,520
"984",3,2,1,1284,1,25,0,0,1,50,0,0,620
"985",3,2,1,1605,2,25,0,50,0,-1,0,0,740
"986",3,2,1,1926,2,25,0,2,0,-1,0,0,20
"987",3,2,1,2247,2,25,0,50,1,2,0,0,990
"988",3,2,1,2568,2,25,0,50,1,50,0,0,990
"989",3,2,1,2889,1,25,0,50,1,15,0,0,1370
"990",3,2,1,3210,2,25,0,50,-1,-1,0,0,740
"991",3,2,1,321,1,26,0,25,1,10,1,0,700
"992",3,2,1,642,2,26,0,50,1,50,0,0,750
"993",3,2,1,963,1,26,0,10,0,-1,0,1,0
"994",3,2,1,1284,1,26,0,50,0,-1,0,0,1070
"995",3,2,1,1605,1,26,0,50,1,50,0,0,1320
"996",3,2,1,1926,1,26,0,0,-1,-1,0,0,320
"997",3,2,1,2247,2,26,0,50,0,-1,0,0,500
"998",3,2,1,2568,2,26,0,50,1,50,0,0,750
"999",3,2,1,2889,2,26,0,50,-1,-1,0,0,500
"1000",3,2,1,3210,2,26,0,50,0,-1,0,0,500
"1001",3,2,2,321,2,4,0,30,-1,-1,0,0,730
"1002",3,2,2,642,1,4,0,20,-1,-1,0,0,370
"1003",3,2,2,963,2,4,0,2,-1,-1,0,0,310
"1004",3,2,2,1284,1,4,0,50,-1,-1,0,0,820
"1005",3,2,2,1605,1,4,0,25,-1,-1,0,0,450
"1006",3,2,2,1926,1,4,0,40,-1,-1,0,0,670
"1007",3,2,2,2247,2,4,0,50,-1,-1,0,0,1030
"1008",3,2,2,2568,1,4,0,50,-1,-1,0,0,820
"1009",3,2,2,2889,2,4,0,48,-1,-1,0,0,1000
"1010",3,2,2,3210,2,4,0,14,-1,-1,0,0,490
"1011",3,2,2,321,1,5,0,15,-1,-1,0,0,170
"1012",3,2,2,642,2,5,0,50,-1,-1,0,0,850
"1013",3,2,2,963,2,5,0,6,-1,-1,0,0,190
"1014",3,2,2,1284,1,5,0,50,-1,-1,0,0,700
"1015",3,2,2,1605,2,5,0,25,-1,-1,0,0,480
"1016",3,2,2,1926,1,5,0,50,-1,-1,0,0,700
"1017",3,2,2,2247,1,5,0,45,-1,-1,0,0,620
"1018",3,2,2,2568,1,5,0,50,-1,-1,0,0,700
"1019",3,2,2,2889,2,5,0,48,-1,-1,0,0,820
"1020",3,2,2,3210,2,5,0,50,-1,-1,0,0,850
"1021",3,2,2,321,1,6,0,20,-1,-1,0,0,320
"1022",3,2,2,642,2,6,0,50,-1,-1,0,0,810
"1023",3,2,2,963,2,6,0,8,-1,-1,0,0,180
"1024",3,2,2,1284,2,6,0,50,-1,-1,0,0,810
"1025",3,2,2,1605,1,6,0,25,-1,-1,0,0,400
"1026",3,2,2,1926,2,6,0,30,-1,-1,0,0,510
"1027",3,2,2,2247,1,6,0,50,-1,-1,0,0,770
"1028",3,2,2,2568,2,6,0,50,-1,-1,0,0,810
"1029",3,2,2,2889,1,6,0,50,-1,-1,0,0,770
"1030",3,2,2,3210,1,6,0,50,-1,-1,0,0,770
"1031",3,2,2,321,1,7,0,0,-1,-1,0,0,90
"1032",3,2,2,642,1,7,0,50,-1,-1,0,0,840
"1033",3,2,2,963,2,7,0,0,-1,-1,0,0,50
"1034",3,2,2,1284,1,7,0,40,-1,-1,0,0,690
"1035",3,2,2,1605,2,7,0,50,-1,-1,0,0,800
"1036",3,2,2,1926,1,7,0,50,-1,-1,0,0,840
"1037",3,2,2,2247,2,7,0,45,-1,-1,0,0,720
"1038",3,2,2,2568,2,7,0,50,-1,-1,0,0,800
"1039",3,2,2,2889,1,7,0,41,-1,-1,0,0,710
"1040",3,2,2,3210,2,7,0,45,-1,-1,0,0,720
"1041",3,2,2,321,2,8,0,20,-1,-1,0,0,510
"1042",3,2,2,642,2,8,0,50,-1,-1,0,0,960
"1043",3,2,2,963,2,8,0,8,-1,-1,0,0,330
"1044",3,2,2,1284,2,8,0,30,-1,-1,0,0,660
"1045",3,2,2,1605,1,8,0,25,-1,-1,0,0,290
"1046",3,2,2,1926,1,8,0,50,-1,-1,0,0,670
"1047",3,2,2,2247,1,8,0,50,-1,-1,0,0,670
"1048",3,2,2,2568,2,8,0,50,-1,-1,0,0,960
"1049",3,2,2,2889,1,8,0,46,-1,-1,0,0,610
"1050",3,2,2,3210,1,8,0,45,-1,-1,0,0,590
"1051",3,2,2,321,1,9,0,20,-1,-1,0,0,570
"1052",3,2,2,642,2,9,0,40,-1,-1,0,0,470
"1053",3,2,2,963,1,9,0,0,-1,-1,0,0,270
"1054",3,2,2,1284,2,9,0,40,-1,-1,0,0,470
"1055",3,2,2,1605,1,9,0,25,-1,-1,0,0,650
"1056",3,2,2,1926,1,9,0,50,-1,-1,0,0,1020
"1057",3,2,2,2247,2,9,0,50,-1,-1,0,0,620
"1058",3,2,2,2568,2,9,0,50,-1,-1,0,0,620
"1059",3,2,2,2889,1,9,0,50,-1,-1,0,0,1020
"1060",3,2,2,3210,2,9,0,45,-1,-1,0,0,550
"1061",3,2,2,321,1,10,0,30,-1,-1,0,0,730
"1062",3,2,2,642,2,10,0,50,-1,-1,0,0,570
"1063",3,2,2,963,1,10,0,9,-1,-1,0,0,410
"1064",3,2,2,1284,1,10,0,10,-1,-1,0,0,430
"1065",3,2,2,1605,2,10,0,35,-1,-1,0,0,350
"1066",3,2,2,1926,2,10,0,50,-1,-1,0,0,570
"1067",3,2,2,2247,2,10,0,50,-1,-1,0,0,570
"1068",3,2,2,2568,1,10,0,50,-1,-1,0,0,1030
"1069",3,2,2,2889,2,10,0,50,-1,-1,0,0,570
"1070",3,2,2,3210,1,10,0,45,-1,-1,0,0,950
"1071",3,2,2,321,2,11,0,40,-1,-1,0,0,620
"1072",3,2,2,642,1,11,0,50,-1,-1,0,0,770
"1073",3,2,2,963,1,11,0,0,-1,-1,0,0,20
"1074",3,2,2,1284,2,11,0,30,-1,-1,0,0,470
"1075",3,2,2,1605,2,11,0,35,-1,-1,0,0,550
"1076",3,2,2,1926,2,11,0,40,-1,-1,0,0,620
"1077",3,2,2,2247,1,11,0,50,-1,-1,0,0,770
"1078",3,2,2,2568,2,11,0,50,-1,-1,0,0,770
"1079",3,2,2,2889,1,11,0,50,-1,-1,0,0,770
"1080",3,2,2,3210,1,11,0,45,-1,-1,0,0,700
"1081",3,2,2,321,2,12,0,30,-1,-1,0,0,420
"1082",3,2,2,642,2,12,0,50,-1,-1,0,0,720
"1083",3,2,2,963,1,12,0,0,-1,-1,0,0,180
"1084",3,2,2,1284,1,12,0,20,-1,-1,0,0,480
"1085",3,2,2,1605,2,12,0,25,-1,-1,0,0,350
"1086",3,2,2,1926,2,12,0,50,-1,-1,0,0,720
"1087",3,2,2,2247,1,12,0,50,-1,-1,0,0,930
"1088",3,2,2,2568,2,12,0,50,-1,-1,0,0,720
"1089",3,2,2,2889,1,12,0,48,-1,-1,0,0,900
"1090",3,2,2,3210,1,12,0,45,-1,-1,0,0,860
"1091",3,2,2,321,2,13,0,35,-1,-1,0,0,400
"1092",3,2,2,642,2,13,0,50,-1,-1,0,0,620
"1093",3,2,2,963,1,13,0,5,-1,-1,0,0,150
"1094",3,2,2,1284,2,13,0,40,-1,-1,0,0,470
"1095",3,2,2,1605,1,13,0,35,-1,-1,0,0,600
"1096",3,2,2,1926,1,13,0,50,-1,-1,0,0,820
"1097",3,2,2,2247,2,13,0,50,-1,-1,0,0,620
"1098",3,2,2,2568,2,13,0,50,-1,-1,0,0,620
"1099",3,2,2,2889,1,13,0,50,-1,-1,0,0,820
"1100",3,2,2,3210,1,13,0,45,-1,-1,0,0,750
"1101",3,2,2,321,2,17,0,30,-1,-1,0,0,370
"1102",3,2,2,642,1,17,0,30,1,16,1,0,840
"1103",3,2,2,963,1,17,0,0,-1,-1,0,0,390
"1104",3,2,2,1284,2,17,0,40,0,-1,0,0,520
"1105",3,2,2,1605,1,17,0,25,1,50,1,0,770
"1106",3,2,2,1926,1,17,0,50,0,-1,0,1,0
"1107",3,2,2,2247,2,17,0,50,1,40,0,0,920
"1108",3,2,2,2568,2,17,0,50,0,-1,0,0,670
"1109",3,2,2,2889,1,17,0,16,0,-1,0,1,0
"1110",3,2,2,3210,2,17,0,45,1,50,0,0,850
"1111",3,2,2,321,2,18,0,15,-1,-1,0,0,460
"1112",3,2,2,642,1,18,0,50,1,50,1,0,860
"1113",3,2,2,963,1,18,0,2,0,-1,0,0,140
"1114",3,2,2,1284,2,18,0,40,1,50,1,0,830
"1115",3,2,2,1605,1,18,0,25,1,2,0,0,740
"1116",3,2,2,1926,1,18,0,50,0,-1,0,1,0
"1117",3,2,2,2247,1,18,0,50,-1,-1,0,0,860
"1118",3,2,2,2568,2,18,0,50,0,-1,0,1,0
"1119",3,2,2,2889,2,18,0,3,1,45,1,0,280
"1120",3,2,2,3210,2,18,0,45,0,-1,0,1,0
"1121",3,2,2,321,2,19,0,10,1,50,0,0,530
"1122",3,2,2,642,1,19,0,50,0,-1,0,1,0
"1123",3,2,2,963,1,19,0,0,-1,-1,0,0,120
"1124",3,2,2,1284,2,19,0,50,-1,-1,0,0,880
"1125",3,2,2,1605,1,19,0,35,1,50,1,0,650
"1126",3,2,2,1926,2,19,0,50,1,14,0,0,1130
"1127",3,2,2,2247,2,19,0,50,0,-1,0,0,880
"1128",3,2,2,2568,1,19,0,50,0,-1,0,1,0
"1129",3,2,2,2889,1,19,0,40,1,50,1,0,720
"1130",3,2,2,3210,2,19,0,14,0,-1,0,0,340
"1131",3,2,2,321,2,20,0,15,1,50,0,0,930
"1132",3,2,2,642,2,20,0,0,-1,-1,0,0,450
"1133",3,2,2,963,1,20,0,0,-1,-1,0,0,300
"1134",3,2,2,1284,2,20,0,30,1,14,1,0,900
"1135",3,2,2,1605,1,20,0,25,0,-1,0,1,0
"1136",3,2,2,1926,1,20,0,50,1,25,1,0,1050
"1137",3,2,2,2247,1,20,0,50,1,14,0,0,1300
"1138",3,2,2,2568,2,20,0,50,0,-1,0,0,1200
"1139",3,2,2,2889,2,20,0,14,0,-1,0,1,0
"1140",3,2,2,3210,1,20,0,14,0,-1,0,0,510
"1141",3,2,2,321,1,21,0,15,1,50,0,0,810
"1142",3,2,2,642,1,21,0,50,0,-1,0,0,1080
"1143",3,2,2,963,2,21,0,3,1,50,0,0,320
"1144",3,2,2,1284,1,21,0,40,1,14,1,0,930
"1145",3,2,2,1605,2,21,0,42,0,-1,0,1,0
"1146",3,2,2,1926,2,21,0,50,1,42,1,0,770
"1147",3,2,2,2247,2,21,0,50,0,-1,0,0,770
"1148",3,2,2,2568,2,21,0,50,-1,-1,0,0,770
"1149",3,2,2,2889,1,21,0,14,0,-1,0,1,0
"1150",3,2,2,3210,1,21,0,14,-1,-1,0,0,540
"1151",3,2,2,321,2,22,0,15,1,50,0,0,650
"1152",3,2,2,642,2,22,0,50,0,-1,0,0,920
"1153",3,2,2,963,2,22,0,0,1,50,0,0,420
"1154",3,2,2,1284,1,22,0,20,0,-1,0,1,0
"1155",3,2,2,1605,1,22,0,25,1,50,1,0,800
"1156",3,2,2,1926,2,22,0,50,0,-1,0,0,920
"1157",3,2,2,2247,2,22,0,50,-1,-1,0,0,920
"1158",3,2,2,2568,1,22,0,50,0,-1,0,1,0
"1159",3,2,2,2889,1,22,0,6,1,20,1,0,510
"1160",3,2,2,3210,1,22,0,14,-1,-1,0,0,630
"1161",3,2,2,321,1,23,0,35,1,50,0,0,890
"1162",3,2,2,642,1,23,0,50,0,-1,0,0,870
"1163",3,2,2,963,2,23,0,8,0,-1,0,0,310
"1164",3,2,2,1284,2,23,0,40,1,8,0,0,1040
"1165",3,2,2,1605,1,23,0,35,0,-1,0,0,640
"1166",3,2,2,1926,2,23,0,50,0,-1,0,0,940
"1167",3,2,2,2247,2,23,0,50,1,50,0,0,1190
"1168",3,2,2,2568,1,23,0,50,1,35,0,0,1120
"1169",3,2,2,2889,1,23,0,6,-1,-1,0,0,210
"1170",3,2,2,3210,2,23,0,14,-1,-1,0,0,400
"1171",3,2,2,321,1,24,0,35,0,-1,0,0,450
"1172",3,2,2,642,2,24,0,50,1,9,1,0,950
"1173",3,2,2,963,2,24,0,0,-1,-1,0,0,200
"1174",3,2,2,1284,1,24,0,50,-1,-1,0,0,670
"1175",3,2,2,1605,1,24,0,35,1,35,0,0,700
"1176",3,2,2,1926,2,24,0,50,1,50,1,0,950
"1177",3,2,2,2247,1,24,0,50,0,-1,0,0,670
"1178",3,2,2,2568,2,24,0,50,0,-1,0,1,0
"1179",3,2,2,2889,2,24,0,9,0,-1,0,1,0
"1180",3,2,2,3210,1,24,0,45,1,50,0,0,850
"1181",3,2,2,321,1,25,0,35,1,50,0,0,770
"1182",3,2,2,642,1,25,0,50,0,-1,0,0,750
"1183",3,2,2,963,2,25,0,0,1,45,0,0,500
"1184",3,2,2,1284,1,25,0,30,-1,-1,0,0,450
"1185",3,2,2,1605,1,25,0,35,1,50,0,0,770
"1186",3,2,2,1926,2,25,0,50,0,-1,0,0,1000
"1187",3,2,2,2247,1,25,0,50,0,-1,0,0,750
"1188",3,2,2,2568,2,25,0,50,1,50,0,0,1250
"1189",3,2,2,2889,2,25,0,5,-1,-1,0,0,320
"1190",3,2,2,3210,2,25,0,45,0,-1,0,0,920
"1191",3,2,2,321,2,26,0,35,1,50,0,0,770
"1192",3,2,2,642,1,26,0,50,-1,-1,0,0,980
"1193",3,2,2,963,1,26,0,2,1,6,0,0,510
"1194",3,2,2,1284,2,26,0,30,0,-1,0,0,450
"1195",3,2,2,1605,2,26,0,35,1,30,0,0,770
"1196",3,2,2,1926,2,26,0,50,-1,-1,0,0,750
"1197",3,2,2,2247,2,26,0,50,0,-1,0,0,750
"1198",3,2,2,2568,1,26,0,50,1,45,0,0,1230
"1199",3,2,2,2889,1,26,0,6,0,-1,0,0,320
"1200",3,2,2,3210,1,26,0,45,0,-1,0,0,910
"1201",4,2,1,321,2,4,0,0,-1,-1,0,0,650
"1202",4,2,1,642,1,4,0,0,-1,-1,0,0,690
"1203",4,2,1,963,1,4,0,2,-1,-1,0,0,720
"1204",4,2,1,1284,1,4,0,0,-1,-1,0,0,690
"1205",4,2,1,1605,1,4,0,30,-1,-1,0,0,1140
"1206",4,2,1,1926,1,4,0,30,-1,-1,0,0,1140
"1207",4,2,1,2247,2,4,0,25,-1,-1,0,0,1020
"1208",4,2,1,2568,2,4,0,10,-1,-1,0,0,800
"1209",4,2,1,2889,2,4,0,35,-1,-1,0,0,1170
"1210",4,2,1,3210,2,4,0,0,-1,-1,0,0,650
"1211",4,2,1,321,2,5,0,0,-1,-1,0,0,880
"1212",4,2,1,642,1,5,0,15,-1,-1,0,0,850
"1213",4,2,1,963,1,5,0,0,-1,-1,0,0,620
"1214",4,2,1,1284,1,5,0,0,-1,-1,0,0,620
"1215",4,2,1,1605,1,5,0,50,-1,-1,0,0,1370
"1216",4,2,1,1926,1,5,0,10,-1,-1,0,0,770
"1217",4,2,1,2247,2,5,0,15,-1,-1,0,0,1100
"1218",4,2,1,2568,2,5,0,9,-1,-1,0,0,1010
"1219",4,2,1,2889,2,5,0,0,-1,-1,0,0,880
"1220",4,2,1,3210,2,5,0,0,-1,-1,0,0,880
"1221",4,2,1,321,2,6,0,0,-1,-1,0,0,690
"1222",4,2,1,642,1,6,0,5,-1,-1,0,0,500
"1223",4,2,1,963,1,6,0,40,-1,-1,0,0,1020
"1224",4,2,1,1284,1,6,0,0,-1,-1,0,0,420
"1225",4,2,1,1605,1,6,0,30,-1,-1,0,0,870
"1226",4,2,1,1926,1,6,0,40,-1,-1,0,0,1020
"1227",4,2,1,2247,2,6,0,9,-1,-1,0,0,820
"1228",4,2,1,2568,2,6,0,8,-1,-1,0,0,810
"1229",4,2,1,2889,2,6,0,25,-1,-1,0,0,1060
"1230",4,2,1,3210,2,6,0,20,-1,-1,0,0,990
"1231",4,2,1,321,2,7,0,0,-1,-1,0,0,600
"1232",4,2,1,642,1,7,0,15,-1,-1,0,0,660
"1233",4,2,1,963,1,7,0,8,-1,-1,0,0,550
"1234",4,2,1,1284,1,7,0,20,-1,-1,0,0,730
"1235",4,2,1,1605,1,7,0,40,-1,-1,0,0,1030
"1236",4,2,1,1926,1,7,0,30,-1,-1,0,0,880
"1237",4,2,1,2247,2,7,0,5,-1,-1,0,0,680
"1238",4,2,1,2568,2,7,0,9,-1,-1,0,0,740
"1239",4,2,1,2889,2,7,0,45,-1,-1,0,0,1280
"1240",4,2,1,3210,2,7,0,20,-1,-1,0,0,900
"1241",4,2,1,321,2,8,0,0,-1,-1,0,0,730
"1242",4,2,1,642,1,8,0,0,-1,-1,0,0,350
"1243",4,2,1,963,1,8,0,30,-1,-1,0,0,800
"1244",4,2,1,1284,1,8,0,10,-1,-1,0,0,500
"1245",4,2,1,1605,1,8,0,50,-1,-1,0,0,1100
"1246",4,2,1,1926,1,8,0,40,-1,-1,0,0,950
"1247",4,2,1,2247,2,8,0,10,-1,-1,0,0,880
"1248",4,2,1,2568,2,8,0,9,-1,-1,0,0,860
"1249",4,2,1,2889,2,8,0,20,-1,-1,0,0,1030
"1250",4,2,1,3210,2,8,0,15,-1,-1,0,0,950
"1251",4,2,1,321,2,9,0,0,-1,-1,0,0,800
"1252",4,2,1,642,1,9,0,0,-1,-1,0,0,450
"1253",4,2,1,963,1,9,0,30,-1,-1,0,0,900
"1254",4,2,1,1284,1,9,0,0,-1,-1,0,0,450
"1255",4,2,1,1605,1,9,0,30,-1,-1,0,0,900
"1256",4,2,1,1926,1,9,0,50,-1,-1,0,0,1200
"1257",4,2,1,2247,2,9,0,6,-1,-1,0,0,890
"1258",4,2,1,2568,2,9,0,9,-1,-1,0,0,930
"1259",4,2,1,2889,2,9,0,15,-1,-1,0,0,1020
"1260",4,2,1,3210,2,9,0,10,-1,-1,0,0,950
"1261",4,2,1,321,2,10,0,0,-1,-1,0,0,700
"1262",4,2,1,642,1,10,0,0,-1,-1,0,0,450
"1263",4,2,1,963,1,10,0,30,-1,-1,0,0,900
"1264",4,2,1,1284,1,10,0,0,-1,-1,0,0,450
"1265",4,2,1,1605,1,10,0,40,-1,-1,0,0,1050
"1266",4,2,1,1926,1,10,0,40,-1,-1,0,0,1050
"1267",4,2,1,2247,2,10,0,9,-1,-1,0,0,830
"1268",4,2,1,2568,2,10,0,10,-1,-1,0,0,850
"1269",4,2,1,2889,2,10,0,31,-1,-1,0,0,1160
"1270",4,2,1,3210,2,10,0,10,-1,-1,0,0,850
"1271",4,2,1,321,2,11,0,0,-1,-1,0,0,630
"1272",4,2,1,642,1,11,0,0,-1,-1,0,0,500
"1273",4,2,1,963,1,11,0,0,-1,-1,0,0,500
"1274",4,2,1,1284,1,11,0,50,-1,-1,0,0,1250
"1275",4,2,1,1605,1,11,0,50,-1,-1,0,0,1250
"1276",4,2,1,1926,1,11,0,0,-1,-1,0,0,500
"1277",4,2,1,2247,2,11,0,19,-1,-1,0,0,910
"1278",4,2,1,2568,2,11,0,9,-1,-1,0,0,760
"1279",4,2,1,2889,2,11,0,46,-1,-1,0,0,1320
"1280",4,2,1,3210,2,11,0,0,-1,-1,0,0,630
"1281",4,2,1,321,2,12,0,0,-1,-1,0,0,610
"1282",4,2,1,642,1,12,0,0,-1,-1,0,0,120
"1283",4,2,1,963,1,12,0,50,-1,-1,0,0,870
"1284",4,2,1,1284,1,12,0,50,-1,-1,0,0,870
"1285",4,2,1,1605,1,12,0,35,-1,-1,0,0,650
"1286",4,2,1,1926,1,12,0,40,-1,-1,0,0,720
"1287",4,2,1,2247,2,12,0,23,-1,-1,0,0,950
"1288",4,2,1,2568,2,12,0,7,-1,-1,0,0,710
"1289",4,2,1,2889,2,12,0,38,-1,-1,0,0,1180
"1290",4,2,1,3210,2,12,0,10,-1,-1,0,0,760
"1291",4,2,1,321,2,13,0,0,-1,-1,0,0,450
"1292",4,2,1,642,1,13,0,0,-1,-1,0,0,250
"1293",4,2,1,963,1,13,0,20,-1,-1,0,0,550
"1294",4,2,1,1284,1,13,0,50,-1,-1,0,0,1000
"1295",4,2,1,1605,1,13,0,50,-1,-1,0,0,1000
"1296",4,2,1,1926,1,13,0,30,-1,-1,0,0,700
"1297",4,2,1,2247,2,13,0,49,-1,-1,0,0,1190
"1298",4,2,1,2568,2,13,0,9,-1,-1,0,0,590
"1299",4,2,1,2889,2,13,0,36,-1,-1,0,0,990
"1300",4,2,1,3210,2,13,0,15,-1,-1,0,0,680
"1301",4,2,1,321,2,17,0,0,-1,-1,0,0,720
"1302",4,2,1,642,1,17,0,0,0,-1,0,0,370
"1303",4,2,1,963,1,17,0,50,1,0,0,0,1120
"1304",4,2,1,1284,1,17,0,5,0,-1,0,0,450
"1305",4,2,1,1605,1,17,0,50,-1,-1,0,0,1120
"1306",4,2,1,1926,1,17,0,20,1,5,0,0,920
"1307",4,2,1,2247,2,17,0,15,1,5,0,0,1200
"1308",4,2,1,2568,2,17,0,5,0,-1,0,0,800
"1309",4,2,1,2889,2,17,0,35,1,0,0,0,1250
"1310",4,2,1,3210,2,17,0,0,0,-1,0,0,720
"1311",4,2,1,321,2,18,0,0,0,-1,0,0,750
"1312",4,2,1,642,1,18,0,0,0,-1,0,0,350
"1313",4,2,1,963,1,18,0,50,1,0,0,0,1100
"1314",4,2,1,1284,1,18,0,0,0,-1,0,0,350
"1315",4,2,1,1605,1,18,0,50,-1,-1,0,0,1100
"1316",4,2,1,1926,1,18,0,30,1,0,0,0,800
"1317",4,2,1,2247,2,18,0,29,1,0,0,0,1190
"1318",4,2,1,2568,2,18,0,0,1,0,0,0,750
"1319",4,2,1,2889,2,18,0,20,-1,-1,0,0,1050
"1320",4,2,1,3210,2,18,0,0,0,-1,0,0,750
"1321",4,2,1,321,2,19,0,0,0,-1,0,0,700
"1322",4,2,1,642,1,19,0,0,-1,-1,0,0,470
"1323",4,2,1,963,1,19,0,20,0,-1,0,0,770
"1324",4,2,1,1284,1,19,0,5,0,-1,0,0,550
"1325",4,2,1,1605,1,19,0,50,1,5,0,0,1470
"1326",4,2,1,1926,1,19,0,30,1,20,0,0,1170
"1327",4,2,1,2247,2,19,0,24,0,-1,0,0,1060
"1328",4,2,1,2568,2,19,0,0,1,0,0,0,700
"1329",4,2,1,2889,2,19,0,36,1,24,0,0,1490
"1330",4,2,1,3210,2,19,0,0,-1,-1,0,0,700
"1331",4,2,1,321,2,20,0,0,-1,-1,0,0,780
"1332",4,2,1,642,1,20,0,0,1,40,1,0,470
"1333",4,2,1,963,1,20,0,20,1,5,0,0,1020
"1334",4,2,1,1284,1,20,0,5,0,-1,0,0,550
"1335",4,2,1,1605,1,20,0,40,0,-1,0,1,0
"1336",4,2,1,1926,1,20,0,40,-1,-1,0,0,1070
"1337",4,2,1,2247,2,20,0,19,0,-1,0,0,1060
"1338",4,2,1,2568,2,20,0,0,1,19,0,0,1030
"1339",4,2,1,2889,2,20,0,25,1,0,0,0,1150
"1340",4,2,1,3210,2,20,0,0,0,-1,0,0,780
"1341",4,2,1,321,2,21,0,0,-1,-1,0,0,730
"1342",4,2,1,642,1,21,0,0,-1,-1,0,0,400
"1343",4,2,1,963,1,21,0,50,0,-1,0,1,0
"1344",4,2,1,1284,1,21,0,0,1,50,1,0,400
"1345",4,2,1,1605,1,21,0,50,0,-1,0,0,1150
"1346",4,2,1,1926,1,21,0,20,1,50,0,0,950
"1347",4,2,1,2247,2,21,0,12,0,-1,0,0,910
"1348",4,2,1,2568,2,21,0,0,0,-1,0,0,730
"1349",4,2,1,2889,2,21,0,42,1,12,0,0,1610
"1350",4,2,1,3210,2,21,0,0,1,0,0,0,730
"1351",4,2,1,321,2,22,0,0,-1,-1,0,0,680
"1352",4,2,1,642,1,22,0,0,0,-1,0,0,600
"1353",4,2,1,963,1,22,0,0,1,0,0,0,600
"1354",4,2,1,1284,1,22,0,0,0,-1,0,0,600
"1355",4,2,1,1605,1,22,0,50,1,0,0,0,1350
"1356",4,2,1,1926,1,22,0,30,-1,-1,0,0,1050
"1357",4,2,1,2247,2,22,0,27,1,0,0,0,1080
"1358",4,2,1,2568,2,22,0,0,0,-1,0,0,680
"1359",4,2,1,2889,2,22,0,37,1,0,0,0,1230
"1360",4,2,1,3210,2,22,0,0,0,-1,0,0,680
"1361",4,2,1,321,2,23,0,0,1,39,1,0,610
"1362",4,2,1,642,1,23,0,0,-1,-1,0,0,650
"1363",4,2,1,963,1,23,0,30,0,-1,0,1,0
"1364",4,2,1,1284,1,23,0,0,0,-1,0,0,650
"1365",4,2,1,1605,1,23,0,30,1,30,1,0,1100
"1366",4,2,1,1926,1,23,0,10,1,0,0,0,800
"1367",4,2,1,2247,2,23,0,39,0,-1,0,1,0
"1368",4,2,1,2568,2,23,0,0,1,38,0,0,860
"1369",4,2,1,2889,2,23,0,38,0,-1,0,0,1180
"1370",4,2,1,3210,2,23,0,0,-1,-1,0,0,610
"1371",4,2,1,321,2,24,0,0,0,-1,0,0,700
"1372",4,2,1,642,1,24,0,0,0,-1,0,0,550
"1373",4,2,1,963,1,24,0,20,0,-1,0,1,0
"1374",4,2,1,1284,1,24,0,0,1,20,1,0,550
"1375",4,2,1,1605,1,24,0,50,1,0,0,0,1300
"1376",4,2,1,1926,1,24,0,20,-1,-1,0,0,850
"1377",4,2,1,2247,2,24,0,0,0,-1,0,0,700
"1378",4,2,1,2568,2,24,0,0,1,0,0,0,700
"1379",4,2,1,2889,2,24,0,29,1,0,0,0,1140
"1380",4,2,1,3210,2,24,0,30,-1,-1,0,0,1150
"1381",4,2,1,321,2,25,0,0,1,28,1,0,630
"1382",4,2,1,642,1,25,0,0,0,-1,0,0,500
"1383",4,2,1,963,1,25,0,30,1,0,0,0,950
"1384",4,2,1,1284,1,25,0,0,1,30,1,0,500
"1385",4,2,1,1605,1,25,0,40,-1,-1,0,0,1100
"1386",4,2,1,1926,1,25,0,30,0,-1,0,1,0
"1387",4,2,1,2247,2,25,0,28,0,-1,0,1,0
"1388",4,2,1,2568,2,25,0,0,-1,-1,0,0,630
"1389",4,2,1,2889,2,25,0,45,0,-1,0,1,0
"1390",4,2,1,3210,2,25,0,0,1,45,1,0,630
"1391",4,2,1,321,2,26,0,0,0,-1,0,0,770
"1392",4,2,1,642,1,26,0,0,0,-1,0,0,450
"1393",4,2,1,963,1,26,0,30,-1,-1,0,0,900
"1394",4,2,1,1284,1,26,0,0,1,0,0,0,450
"1395",4,2,1,1605,1,26,0,50,1,30,0,0,1450
"1396",4,2,1,1926,1,26,0,30,0,-1,0,0,900
"1397",4,2,1,2247,2,26,0,0,1,0,0,0,770
"1398",4,2,1,2568,2,26,0,0,-1,-1,0,0,770
"1399",4,2,1,2889,2,26,0,46,1,0,0,0,1460
"1400",4,2,1,3210,2,26,0,0,0,-1,0,0,770
"1401",4,2,2,321,2,4,0,0,-1,-1,0,0,450
"1402",4,2,2,642,1,4,0,25,-1,-1,0,0,1130
"1403",4,2,2,963,1,4,0,0,-1,-1,0,0,760
"1404",4,2,2,1284,2,4,0,45,-1,-1,0,0,1120
"1405",4,2,2,1605,2,4,0,40,-1,-1,0,0,1050
"1406",4,2,2,1926,1,4,0,23,-1,-1,0,0,1100
"1407",4,2,2,2247,2,4,0,0,-1,-1,0,0,450
"1408",4,2,2,2568,1,4,0,0,-1,-1,0,0,760
"1409",4,2,2,2889,2,4,0,25,-1,-1,0,0,820
"1410",4,2,2,3210,1,4,0,0,-1,-1,0,0,760
"1411",4,2,2,321,2,5,0,0,-1,-1,0,0,950
"1412",4,2,2,642,1,5,0,0,-1,-1,0,0,610
"1413",4,2,2,963,1,5,0,0,-1,-1,0,0,610
"1414",4,2,2,1284,2,5,0,0,-1,-1,0,0,950
"1415",4,2,2,1605,2,5,0,0,-1,-1,0,0,950
"1416",4,2,2,1926,1,5,0,28,-1,-1,0,0,1030
"1417",4,2,2,2247,2,5,0,10,-1,-1,0,0,1100
"1418",4,2,2,2568,1,5,0,50,-1,-1,0,0,1360
"1419",4,2,2,2889,2,5,0,0,-1,-1,0,0,950
"1420",4,2,2,3210,1,5,0,0,-1,-1,0,0,610
"1421",4,2,2,321,2,6,0,1,-1,-1,0,0,710
"1422",4,2,2,642,1,6,0,10,-1,-1,0,0,720
"1423",4,2,2,963,1,6,0,0,-1,-1,0,0,570
"1424",4,2,2,1284,2,6,0,50,-1,-1,0,0,1440
"1425",4,2,2,1605,2,6,0,10,-1,-1,0,0,840
"1426",4,2,2,1926,1,6,0,25,-1,-1,0,0,950
"1427",4,2,2,2247,2,6,0,0,-1,-1,0,0,690
"1428",4,2,2,2568,1,6,0,50,-1,-1,0,0,1320
"1429",4,2,2,2889,2,6,0,0,-1,-1,0,0,690
"1430",4,2,2,3210,1,6,0,0,-1,-1,0,0,570
"1431",4,2,2,321,2,7,0,0,-1,-1,0,0,890
"1432",4,2,2,642,1,7,0,0,-1,-1,0,0,650
"1433",4,2,2,963,1,7,0,5,-1,-1,0,0,720
"1434",4,2,2,1284,2,7,0,10,-1,-1,0,0,1040
"1435",4,2,2,1605,2,7,0,10,-1,-1,0,0,1040
"1436",4,2,2,1926,1,7,0,15,-1,-1,0,0,870
"1437",4,2,2,2247,2,7,0,2,-1,-1,0,0,920
"1438",4,2,2,2568,1,7,0,50,-1,-1,0,0,1400
"1439",4,2,2,2889,2,7,0,0,-1,-1,0,0,890
"1440",4,2,2,3210,1,7,0,0,-1,-1,0,0,650
"1441",4,2,2,321,2,8,0,0,-1,-1,0,0,740
"1442",4,2,2,642,1,8,0,0,-1,-1,0,0,720
"1443",4,2,2,963,1,8,0,0,-1,-1,0,0,720
"1444",4,2,2,1284,2,8,0,50,-1,-1,0,0,1490
"1445",4,2,2,1605,2,8,0,0,-1,-1,0,0,740
"1446",4,2,2,1926,1,8,0,5,-1,-1,0,0,800
"1447",4,2,2,2247,2,8,0,2,-1,-1,0,0,770
"1448",4,2,2,2568,1,8,0,50,-1,-1,0,0,1470
"1449",4,2,2,2889,2,8,0,0,-1,-1,0,0,740
"1450",4,2,2,3210,1,8,0,0,-1,-1,0,0,720
"1451",4,2,2,321,2,9,0,1,-1,-1,0,0,780
"1452",4,2,2,642,1,9,0,0,-1,-1,0,0,460
"1453",4,2,2,963,1,9,0,5,-1,-1,0,0,530
"1454",4,2,2,1284,2,9,0,45,-1,-1,0,0,1440
"1455",4,2,2,1605,2,9,0,0,-1,-1,0,0,770
"1456",4,2,2,1926,1,9,0,48,-1,-1,0,0,1180
"1457",4,2,2,2247,2,9,0,0,-1,-1,0,0,770
"1458",4,2,2,2568,1,9,0,50,-1,-1,0,0,1210
"1459",4,2,2,2889,2,9,0,0,-1,-1,0,0,770
"1460",4,2,2,3210,1,9,0,5,-1,-1,0,0,530
"1461",4,2,2,321,2,10,0,0,-1,-1,0,0,600
"1462",4,2,2,642,1,10,0,40,-1,-1,0,0,650
"1463",4,2,2,963,1,10,0,0,-1,-1,0,0,50
"1464",4,2,2,1284,2,10,0,10,-1,-1,0,0,750
"1465",4,2,2,1605,2,10,0,30,-1,-1,0,0,1050
"1466",4,2,2,1926,1,10,0,49,-1,-1,0,0,790
"1467",4,2,2,2247,2,10,0,0,-1,-1,0,0,600
"1468",4,2,2,2568,1,10,0,50,-1,-1,0,0,800
"1469",4,2,2,2889,2,10,0,40,-1,-1,0,0,1200
"1470",4,2,2,3210,1,10,0,50,-1,-1,0,0,800
"1471",4,2,2,321,2,11,0,1,-1,-1,0,0,760
"1472",4,2,2,642,1,11,0,50,-1,-1,0,0,1250
"1473",4,2,2,963,1,11,0,0,-1,-1,0,0,500
"1474",4,2,2,1284,2,11,0,50,-1,-1,0,0,1490
"1475",4,2,2,1605,2,11,0,0,-1,-1,0,0,740
"1476",4,2,2,1926,1,11,0,0,-1,-1,0,0,500
"1477",4,2,2,2247,2,11,0,0,-1,-1,0,0,740
"1478",4,2,2,2568,1,11,0,0,-1,-1,0,0,500
"1479",4,2,2,2889,2,11,0,0,-1,-1,0,0,740
"1480",4,2,2,3210,1,11,0,50,-1,-1,0,0,1250
"1481",4,2,2,321,2,12,0,0,-1,-1,0,0,770
"1482",4,2,2,642,1,12,0,0,-1,-1,0,0,500
"1483",4,2,2,963,1,12,0,0,-1,-1,0,0,500
"1484",4,2,2,1284,2,12,0,0,-1,-1,0,0,770
"1485",4,2,2,1605,2,12,0,45,-1,-1,0,0,1450
"1486",4,2,2,1926,1,12,0,0,-1,-1,0,0,500
"1487",4,2,2,2247,2,12,0,0,-1,-1,0,0,770
"1488",4,2,2,2568,1,12,0,50,-1,-1,0,0,1250
"1489",4,2,2,2889,2,12,0,0,-1,-1,0,0,770
"1490",4,2,2,3210,1,12,0,50,-1,-1,0,0,1250
"1491",4,2,2,321,2,13,0,0,-1,-1,0,0,470
"1492",4,2,2,642,1,13,0,25,-1,-1,0,0,630
"1493",4,2,2,963,1,13,0,0,-1,-1,0,0,250
"1494",4,2,2,1284,2,13,0,45,-1,-1,0,0,1150
"1495",4,2,2,1605,2,13,0,10,-1,-1,0,0,620
"1496",4,2,2,1926,1,13,0,24,-1,-1,0,0,610
"1497",4,2,2,2247,2,13,0,50,-1,-1,0,0,1220
"1498",4,2,2,2568,1,13,0,50,-1,-1,0,0,1000
"1499",4,2,2,2889,2,13,0,0,-1,-1,0,0,470
"1500",4,2,2,3210,1,13,0,50,-1,-1,0,0,1000
"1501",4,2,2,321,2,17,0,0,0,-1,0,0,450
"1502",4,2,2,642,1,17,0,0,-1,-1,0,0,500
"1503",4,2,2,963,1,17,0,0,1,0,0,0,500
"1504",4,2,2,1284,2,17,0,50,-1,-1,0,0,1200
"1505",4,2,2,1605,2,17,0,50,0,-1,0,0,1200
"1506",4,2,2,1926,1,17,0,0,0,-1,0,0,500
"1507",4,2,2,2247,2,17,0,10,1,50,0,0,850
"1508",4,2,2,2568,1,17,0,50,0,-1,0,0,1250
"1509",4,2,2,2889,2,17,0,0,1,0,0,0,450
"1510",4,2,2,3210,1,17,0,50,1,50,0,0,1500
"1511",4,2,2,321,2,18,0,0,1,0,0,0,900
"1512",4,2,2,642,1,18,0,0,1,50,0,0,670
"1513",4,2,2,963,1,18,0,0,-1,-1,0,0,420
"1514",4,2,2,1284,2,18,0,0,0,-1,0,0,900
"1515",4,2,2,1605,2,18,0,10,-1,-1,0,0,1050
"1516",4,2,2,1926,1,18,0,15,0,-1,0,0,650
"1517",4,2,2,2247,2,18,0,10,1,0,0,0,1050
"1518",4,2,2,2568,1,18,0,50,1,15,0,0,1420
"1519",4,2,2,2889,2,18,0,0,0,-1,0,0,900
"1520",4,2,2,3210,1,18,0,50,0,-1,0,0,1170
"1521",4,2,2,321,2,19,0,0,0,-1,0,0,500
"1522",4,2,2,642,1,19,0,0,1,50,1,0,500
"1523",4,2,2,963,1,19,0,0,0,-1,0,0,500
"1524",4,2,2,1284,2,19,0,50,-1,-1,0,0,1250
"1525",4,2,2,1605,2,19,0,50,1,0,0,0,1250
"1526",4,2,2,1926,1,19,0,0,-1,-1,0,0,500
"1527",4,2,2,2247,2,19,0,0,1,0,0,0,500
"1528",4,2,2,2568,1,19,0,50,1,0,0,0,1250
"1529",4,2,2,2889,2,19,0,0,0,-1,0,0,500
"1530",4,2,2,3210,1,19,0,50,0,-1,0,1,0
"1531",4,2,2,321,2,20,0,0,-1,-1,0,0,670
"1532",4,2,2,642,1,20,0,0,1,50,0,0,670
"1533",4,2,2,963,1,20,0,0,1,25,0,0,670
"1534",4,2,2,1284,2,20,0,45,0,-1,0,0,1350
"1535",4,2,2,1605,2,20,0,20,1,45,0,0,1220
"1536",4,2,2,1926,1,20,0,25,0,-1,0,0,800
"1537",4,2,2,2247,2,20,0,0,1,0,0,0,670
"1538",4,2,2,2568,1,20,0,50,0,-1,0,0,1170
"1539",4,2,2,2889,2,20,0,0,0,-1,0,0,670
"1540",4,2,2,3210,1,20,0,40,-1,-1,0,0,1020
"1541",4,2,2,321,2,21,0,0,0,-1,0,0,720
"1542",4,2,2,642,1,21,0,0,0,-1,0,0,380
"1543",4,2,2,963,1,21,0,0,1,0,0,0,380
"1544",4,2,2,1284,2,21,0,0,0,-1,0,0,720
"1545",4,2,2,1605,2,21,0,45,1,0,0,0,1400
"1546",4,2,2,1926,1,21,0,23,-1,-1,0,0,730
"1547",4,2,2,2247,2,21,0,10,1,0,0,0,870
"1548",4,2,2,2568,1,21,0,50,0,-1,0,0,1130
"1549",4,2,2,2889,2,21,0,0,-1,-1,0,0,720
"1550",4,2,2,3210,1,21,0,50,1,50,0,0,1380
"1551",4,2,2,321,2,22,0,0,0,-1,0,0,600
"1552",4,2,2,642,1,22,0,0,1,0,0,0,360
"1553",4,2,2,963,1,22,0,0,0,-1,0,0,360
"1554",4,2,2,1284,2,22,0,50,-1,-1,0,0,1350
"1555",4,2,2,1605,2,22,0,30,1,0,0,0,1050
"1556",4,2,2,1926,1,22,0,37,-1,-1,0,0,920
"1557",4,2,2,2247,2,22,0,0,1,0,0,0,600
"1558",4,2,2,2568,1,22,0,50,0,-1,0,0,1110
"1559",4,2,2,2889,2,22,0,0,0,-1,0,0,600
"1560",4,2,2,3210,1,22,0,40,1,50,0,0,1210
"1561",4,2,2,321,2,23,0,0,1,50,0,0,1000
"1562",4,2,2,642,1,23,0,0,-1,-1,0,0,360
"1563",4,2,2,963,1,23,0,0,0,-1,0,0,360
"1564",4,2,2,1284,2,23,0,0,1,0,0,0,750
"1565",4,2,2,1605,2,23,0,50,0,-1,0,0,1500
"1566",4,2,2,1926,1,23,0,27,1,50,0,0,1020
"1567",4,2,2,2247,2,23,0,0,0,-1,0,0,750
"1568",4,2,2,2568,1,23,0,50,1,0,0,0,1110
"1569",4,2,2,2889,2,23,0,0,-1,-1,0,0,750
"1570",4,2,2,3210,1,23,0,50,0,-1,0,0,1110
"1571",4,2,2,321,2,24,0,0,1,45,0,0,770
"1572",4,2,2,642,1,24,0,50,1,0,0,0,800
"1573",4,2,2,963,1,24,0,0,0,-1,0,0,50
"1574",4,2,2,1284,2,24,0,50,-1,-1,0,0,1270
"1575",4,2,2,1605,2,24,0,45,0,-1,0,0,1200
"1576",4,2,2,1926,1,24,0,39,0,-1,0,0,640
"1577",4,2,2,2247,2,24,0,0,0,-1,0,0,520
"1578",4,2,2,2568,1,24,0,50,1,39,0,0,1050
"1579",4,2,2,2889,2,24,0,0,1,0,0,0,520
"1580",4,2,2,3210,1,24,0,50,-1,-1,0,0,800
"1581",4,2,2,321,2,25,0,0,0,-1,0,0,770
"1582",4,2,2,642,1,25,0,50,0,-1,0,0,830
"1583",4,2,2,963,1,25,0,0,0,-1,0,0,80
"1584",4,2,2,1284,2,25,0,0,-1,-1,0,0,770
"1585",4,2,2,1605,2,25,0,45,1,0,0,0,1450
"1586",4,2,2,1926,1,25,0,33,-1,-1,0,0,580
"1587",4,2,2,2247,2,25,0,0,0,-1,0,0,770
"1588",4,2,2,2568,1,25,0,50,1,0,0,0,830
"1589",4,2,2,2889,2,25,0,0,1,0,0,0,770
"1590",4,2,2,3210,1,25,0,50,1,50,0,0,1080
"1591",4,2,2,321,2,26,0,0,0,-1,0,0,500
"1592",4,2,2,642,1,26,0,50,0,-1,0,0,750
"1593",4,2,2,963,1,26,0,0,1,50,0,0,250
"1594",4,2,2,1284,2,26,0,50,0,-1,0,0,1250
"1595",4,2,2,1605,2,26,0,50,1,0,0,0,1250
"1596",4,2,2,1926,1,26,0,49,0,-1,0,0,740
"1597",4,2,2,2247,2,26,0,0,-1,-1,0,0,500
"1598",4,2,2,2568,1,26,0,50,-1,-1,0,0,750
"1599",4,2,2,2889,2,26,0,0,1,50,0,0,750
"1600",4,2,2,3210,1,26,0,50,1,49,0,0,1000
"1601",6,1,1,321,1,4,0,0,-1,-1,0,0,670
"1602",6,1,1,642,2,4,0,35,-1,-1,0,0,970
"1603",6,1,1,963,2,4,0,50,-1,-1,0,0,1200
"1604",6,1,1,1284,1,4,0,15,-1,-1,0,0,900
"1605",6,1,1,1605,2,4,0,0,-1,-1,0,0,450
"1606",6,1,1,1926,2,4,0,5,-1,-1,0,0,520
"1607",6,1,1,2247,1,4,0,45,-1,-1,0,0,1350
"1608",6,1,1,2568,1,4,0,0,-1,-1,0,0,670
"1609",6,1,1,2889,1,4,0,5,-1,-1,0,0,750
"1610",6,1,1,3210,2,4,0,20,-1,-1,0,0,750
"1611",6,1,1,321,1,5,0,47,-1,-1,0,0,990
"1612",6,1,1,642,2,5,0,15,-1,-1,0,0,770
"1613",6,1,1,963,2,5,0,50,-1,-1,0,0,1300
"1614",6,1,1,1284,1,5,0,20,-1,-1,0,0,590
"1615",6,1,1,1605,2,5,0,0,-1,-1,0,0,550
"1616",6,1,1,1926,2,5,0,20,-1,-1,0,0,850
"1617",6,1,1,2247,1,5,0,25,-1,-1,0,0,660
"1618",6,1,1,2568,1,5,0,50,-1,-1,0,0,1040
"1619",6,1,1,2889,1,5,0,0,-1,-1,0,0,290
"1620",6,1,1,3210,2,5,0,5,-1,-1,0,0,620
"1621",6,1,1,321,1,6,0,22,-1,-1,0,0,660
"1622",6,1,1,642,2,6,0,0,-1,-1,0,0,450
"1623",6,1,1,963,2,6,0,50,-1,-1,0,0,1200
"1624",6,1,1,1284,1,6,0,16,-1,-1,0,0,570
"1625",6,1,1,1605,2,6,0,0,-1,-1,0,0,450
"1626",6,1,1,1926,2,6,0,20,-1,-1,0,0,750
"1627",6,1,1,2247,1,6,0,45,-1,-1,0,0,1010
"1628",6,1,1,2568,1,6,0,0,-1,-1,0,0,330
"1629",6,1,1,2889,1,6,0,50,-1,-1,0,0,1080
"1630",6,1,1,3210,2,6,0,40,-1,-1,0,0,1050
"1631",6,1,1,321,1,7,0,45,-1,-1,0,0,1190
"1632",6,1,1,642,2,7,0,10,-1,-1,0,0,750
"1633",6,1,1,963,2,7,0,0,-1,-1,0,0,600
"1634",6,1,1,1284,1,7,0,17,-1,-1,0,0,770
"1635",6,1,1,1605,2,7,0,0,-1,-1,0,0,600
"1636",6,1,1,1926,2,7,0,30,-1,-1,0,0,1050
"1637",6,1,1,2247,1,7,0,35,-1,-1,0,0,1040
"1638",6,1,1,2568,1,7,0,0,-1,-1,0,0,510
"1639",6,1,1,2889,1,7,0,0,-1,-1,0,0,510
"1640",6,1,1,3210,2,7,0,40,-1,-1,0,0,1200
"1641",6,1,1,321,1,8,0,50,-1,-1,0,0,1270
"1642",6,1,1,642,2,8,0,23,-1,-1,0,0,580
"1643",6,1,1,963,2,8,0,50,-1,-1,0,0,980
"1644",6,1,1,1284,1,8,0,16,-1,-1,0,0,760
"1645",6,1,1,1605,2,8,0,20,-1,-1,0,0,530
"1646",6,1,1,1926,2,8,0,20,-1,-1,0,0,530
"1647",6,1,1,2247,1,8,0,30,-1,-1,0,0,970
"1648",6,1,1,2568,1,8,0,0,-1,-1,0,0,520
"1649",6,1,1,2889,1,8,0,0,-1,-1,0,0,520
"1650",6,1,1,3210,2,8,0,40,-1,-1,0,0,830
"1651",6,1,1,321,1,9,0,22,-1,-1,0,0,880
"1652",6,1,1,642,2,9,0,50,-1,-1,0,0,1050
"1653",6,1,1,963,2,9,0,50,-1,-1,0,0,1050
"1654",6,1,1,1284,1,9,0,16,-1,-1,0,0,790
"1655",6,1,1,1605,2,9,0,20,-1,-1,0,0,600
"1656",6,1,1,1926,2,9,0,20,-1,-1,0,0,600
"1657",6,1,1,2247,1,9,0,40,-1,-1,0,0,1150
"1658",6,1,1,2568,1,9,0,0,-1,-1,0,0,550
"1659",6,1,1,2889,1,9,0,12,-1,-1,0,0,730
"1660",6,1,1,3210,2,9,0,0,-1,-1,0,0,300
"1661",6,1,1,321,1,10,0,41,-1,-1,0,0,1090
"1662",6,1,1,642,2,10,0,50,-1,-1,0,0,950
"1663",6,1,1,963,2,10,0,50,-1,-1,0,0,950
"1664",6,1,1,1284,1,10,0,18,-1,-1,0,0,750
"1665",6,1,1,1605,2,10,0,0,-1,-1,0,0,200
"1666",6,1,1,1926,2,10,0,20,-1,-1,0,0,500
"1667",6,1,1,2247,1,10,0,35,-1,-1,0,0,1000
"1668",6,1,1,2568,1,10,0,0,-1,-1,0,0,480
"1669",6,1,1,2889,1,10,0,10,-1,-1,0,0,630
"1670",6,1,1,3210,2,10,0,40,-1,-1,0,0,800
"1671",6,1,1,321,1,11,0,7,-1,-1,0,0,640
"1672",6,1,1,642,2,11,0,50,-1,-1,0,0,900
"1673",6,1,1,963,2,11,0,50,-1,-1,0,0,900
"1674",6,1,1,1284,1,11,0,20,-1,-1,0,0,840
"1675",6,1,1,1605,2,11,0,50,-1,-1,0,0,900
"1676",6,1,1,1926,2,11,0,20,-1,-1,0,0,450
"1677",6,1,1,2247,1,11,0,35,-1,-1,0,0,1060
"1678",6,1,1,2568,1,11,0,0,-1,-1,0,0,540
"1679",6,1,1,2889,1,11,0,30,-1,-1,0,0,990
"1680",6,1,1,3210,2,11,0,0,-1,-1,0,0,150
"1681",6,1,1,321,1,12,0,36,-1,-1,0,0,680
"1682",6,1,1,642,2,12,0,50,-1,-1,0,0,570
"1683",6,1,1,963,2,12,0,50,-1,-1,0,0,570
"1684",6,1,1,1284,1,12,0,50,-1,-1,0,0,890
"1685",6,1,1,1605,2,12,0,50,-1,-1,0,0,570
"1686",6,1,1,1926,2,12,0,45,-1,-1,0,0,500
"1687",6,1,1,2247,1,12,0,35,-1,-1,0,0,670
"1688",6,1,1,2568,1,12,0,0,-1,-1,0,0,140
"1689",6,1,1,2889,1,12,0,50,-1,-1,0,0,890
"1690",6,1,1,3210,2,12,0,40,-1,-1,0,0,420
"1691",6,1,1,321,1,13,0,17,-1,-1,0,0,420
"1692",6,1,1,642,2,13,0,50,-1,-1,0,0,850
"1693",6,1,1,963,2,13,0,40,-1,-1,0,0,700
"1694",6,1,1,1284,1,13,0,50,-1,-1,0,0,910
"1695",6,1,1,1605,2,13,0,0,-1,-1,0,0,100
"1696",6,1,1,1926,2,13,0,50,-1,-1,0,0,850
"1697",6,1,1,2247,1,13,0,50,-1,-1,0,0,910
"1698",6,1,1,2568,1,13,0,0,-1,-1,0,0,160
"1699",6,1,1,2889,1,13,0,50,-1,-1,0,0,910
"1700",6,1,1,3210,2,13,0,40,-1,-1,0,0,700
"1701",6,1,1,321,1,17,0,35,0,-1,0,1,0
"1702",6,1,1,642,2,17,0,35,-1,-1,0,0,1000
"1703",6,1,1,963,2,17,0,50,1,0,0,0,1220
"1704",6,1,1,1284,1,17,0,20,1,35,1,0,750
"1705",6,1,1,1605,2,17,0,0,1,20,0,0,720
"1706",6,1,1,1926,2,17,0,20,0,-1,0,0,770
"1707",6,1,1,2247,1,17,0,25,1,30,0,0,1070
"1708",6,1,1,2568,1,17,0,0,-1,-1,0,0,450
"1709",6,1,1,2889,1,17,0,30,0,-1,0,0,900
"1710",6,1,1,3210,2,17,0,0,0,-1,0,0,470
"1711",6,1,1,321,1,18,0,11,1,35,1,0,710
"1712",6,1,1,642,2,18,0,23,1,0,0,0,880
"1713",6,1,1,963,2,18,0,50,0,-1,0,1,0
"1714",6,1,1,1284,1,18,0,25,-1,-1,0,0,920
"1715",6,1,1,1605,2,18,0,0,0,-1,0,0,530
"1716",6,1,1,1926,2,18,0,20,-1,-1,0,0,830
"1717",6,1,1,2247,1,18,0,35,0,-1,0,1,0
"1718",6,1,1,2568,1,18,0,0,0,-1,0,0,540
"1719",6,1,1,2889,1,18,0,20,1,0,0,0,840
"1720",6,1,1,3210,2,18,0,0,1,50,1,0,530
"1721",6,1,1,321,1,19,0,0,1,0,0,0,620
"1722",6,1,1,642,2,19,0,45,1,20,1,0,1150
"1723",6,1,1,963,2,19,0,40,-1,-1,0,0,1070
"1724",6,1,1,1284,1,19,0,26,0,-1,0,0,1010
"1725",6,1,1,1605,2,19,0,0,0,-1,0,0,470
"1726",6,1,1,1926,2,19,0,20,0,-1,0,1,0
"1727",6,1,1,2247,1,19,0,25,-1,-1,0,0,990
"1728",6,1,1,2568,1,19,0,0,0,-1,0,0,620
"1729",6,1,1,2889,1,19,0,25,1,26,0,0,1240
"1730",6,1,1,3210,2,19,0,0,1,0,0,0,470
"1731",6,1,1,321,1,20,0,12,0,-1,0,1,0
"1732",6,1,1,642,2,20,0,40,1,0,0,0,1100
"1733",6,1,1,963,2,20,0,40,0,-1,0,1,0
"1734",6,1,1,1284,1,20,0,42,0,-1,0,1,0
"1735",6,1,1,1605,2,20,0,0,1,40,1,0,500
"1736",6,1,1,1926,2,20,0,20,-1,-1,0,0,800
"1737",6,1,1,2247,1,20,0,25,1,42,1,0,980
"1738",6,1,1,2568,1,20,0,0,1,12,1,0,600
"1739",6,1,1,2889,1,20,0,0,-1,-1,0,0,600
"1740",6,1,1,3210,2,20,0,0,0,-1,0,0,500
"1741",6,1,1,321,1,21,0,48,0,-1,0,1,0
"1742",6,1,1,642,2,21,0,35,-1,-1,0,0,1000
"1743",6,1,1,963,2,21,0,50,0,-1,0,1,0
"1744",6,1,1,1284,1,21,0,20,1,25,1,0,710
"1745",6,1,1,1605,2,21,0,0,0,-1,0,0,470
"1746",6,1,1,1926,2,21,0,20,1,50,1,0,770
"1747",6,1,1,2247,1,21,0,25,1,48,1,0,780
"1748",6,1,1,2568,1,21,0,0,-1,-1,0,0,410
"1749",6,1,1,2889,1,21,0,25,0,-1,0,1,0
"1750",6,1,1,3210,2,21,0,0,1,0,0,0,470
"1751",6,1,1,321,1,22,0,0,1,25,0,0,1000
"1752",6,1,1,642,2,22,0,33,-1,-1,0,0,980
"1753",6,1,1,963,2,22,0,50,0,-1,0,1,0
"1754",6,1,1,1284,1,22,0,25,0,-1,0,0,1120
"1755",6,1,1,1605,2,22,0,0,1,20,1,0,480
"1756",6,1,1,1926,2,22,0,20,0,-1,0,1,0
"1757",6,1,1,2247,1,22,0,25,-1,-1,0,0,1120
"1758",6,1,1,2568,1,22,0,0,0,-1,0,0,750
"1759",6,1,1,2889,1,22,0,0,1,0,0,0,750
"1760",6,1,1,3210,2,22,0,0,1,50,1,0,480
"1761",6,1,1,321,1,23,0,5,-1,-1,0,0,820
"1762",6,1,1,642,2,23,0,35,0,-1,0,1,0
"1763",6,1,1,963,2,23,0,20,-1,-1,0,0,920
"1764",6,1,1,1284,1,23,0,20,1,25,1,0,1050
"1765",6,1,1,1605,2,23,0,0,0,-1,0,0,620
"1766",6,1,1,1926,2,23,0,20,1,35,1,0,920
"1767",6,1,1,2247,1,23,0,25,0,-1,0,1,0
"1768",6,1,1,2568,1,23,0,0,0,-1,0,0,750
"1769",6,1,1,2889,1,23,0,0,1,0,0,0,750
"1770",6,1,1,3210,2,23,0,0,1,0,0,0,620
"1771",6,1,1,321,1,24,0,1,0,-1,0,0,760
"1772",6,1,1,642,2,24,0,25,-1,-1,0,0,1100
"1773",6,1,1,963,2,24,0,10,0,-1,0,1,0
"1774",6,1,1,1284,1,24,0,25,-1,-1,0,0,1120
"1775",6,1,1,1605,2,24,0,0,0,-1,0,0,720
"1776",6,1,1,1926,2,24,0,20,1,0,0,0,1020
"1777",6,1,1,2247,1,24,0,25,1,0,0,0,1120
"1778",6,1,1,2568,1,24,0,0,0,-1,0,0,740
"1779",6,1,1,2889,1,24,0,0,1,1,0,0,990
"1780",6,1,1,3210,2,24,0,0,1,10,1,0,720
"1781",6,1,1,321,1,25,0,0,1,0,0,0,770
"1782",6,1,1,642,2,25,0,30,0,-1,0,1,0
"1783",6,1,1,963,2,25,0,50,1,20,0,0,1500
"1784",6,1,1,1284,1,25,0,20,-1,-1,0,0,1070
"1785",6,1,1,1605,2,25,0,0,-1,-1,0,0,500
"1786",6,1,1,1926,2,25,0,20,0,-1,0,0,800
"1787",6,1,1,2247,1,25,0,25,0,-1,0,0,1150
"1788",6,1,1,2568,1,25,0,0,0,-1,0,0,770
"1789",6,1,1,2889,1,25,0,0,1,25,0,0,1020
"1790",6,1,1,3210,2,25,0,0,1,30,1,0,500
"1791",6,1,1,321,1,26,0,0,1,25,1,0,770
"1792",6,1,1,642,2,26,0,35,1,20,1,0,1000
"1793",6,1,1,963,2,26,0,50,1,0,0,0,1220
"1794",6,1,1,1284,1,26,0,20,0,-1,0,1,0
"1795",6,1,1,1605,2,26,0,0,-1,-1,0,0,470
"1796",6,1,1,1926,2,26,0,20,0,-1,0,1,0
"1797",6,1,1,2247,1,26,0,25,0,-1,0,1,0
"1798",6,1,1,2568,1,26,0,0,1,20,1,0,770
"1799",6,1,1,2889,1,26,0,0,-1,-1,0,0,770
"1800",6,1,1,3210,2,26,0,0,0,-1,0,0,470
"1801",6,1,2,321,2,4,0,50,-1,-1,0,0,870
"1802",6,1,2,642,2,4,0,45,-1,-1,0,0,800
"1803",6,1,2,963,1,4,0,15,-1,-1,0,0,220
"1804",6,1,2,1284,1,4,0,50,-1,-1,0,0,750
"1805",6,1,2,1605,2,4,0,50,-1,-1,0,0,870
"1806",6,1,2,1926,2,4,0,30,-1,-1,0,0,570
"1807",6,1,2,2247,1,4,0,45,-1,-1,0,0,670
"1808",6,1,2,2568,2,4,0,0,-1,-1,0,0,120
"1809",6,1,2,2889,1,4,0,50,-1,-1,0,0,750
"1810",6,1,2,3210,1,4,0,40,-1,-1,0,0,600
"1811",6,1,2,321,2,5,0,50,-1,-1,0,0,700
"1812",6,1,2,642,2,5,0,50,-1,-1,0,0,700
"1813",6,1,2,963,1,5,0,25,-1,-1,0,0,440
"1814",6,1,2,1284,1,5,0,50,-1,-1,0,0,810
"1815",6,1,2,1605,2,5,0,45,-1,-1,0,0,620
"1816",6,1,2,1926,2,5,0,40,-1,-1,0,0,550
"1817",6,1,2,2247,1,5,0,39,-1,-1,0,0,650
"1818",6,1,2,2568,2,5,0,25,-1,-1,0,0,320
"1819",6,1,2,2889,1,5,0,50,-1,-1,0,0,810
"1820",6,1,2,3210,1,5,0,23,-1,-1,0,0,410
"1821",6,1,2,321,2,6,0,30,-1,-1,0,0,600
"1822",6,1,2,642,2,6,0,50,-1,-1,0,0,900
"1823",6,1,2,963,1,6,0,35,-1,-1,0,0,550
"1824",6,1,2,1284,1,6,0,50,-1,-1,0,0,780
"1825",6,1,2,1605,2,6,0,50,-1,-1,0,0,900
"1826",6,1,2,1926,2,6,0,40,-1,-1,0,0,750
"1827",6,1,2,2247,1,6,0,50,-1,-1,0,0,780
"1828",6,1,2,2568,2,6,0,0,-1,-1,0,0,150
"1829",6,1,2,2889,1,6,0,40,-1,-1,0,0,630
"1830",6,1,2,3210,1,6,0,19,-1,-1,0,0,310
"1831",6,1,2,321,2,7,0,50,-1,-1,0,0,650
"1832",6,1,2,642,2,7,0,50,-1,-1,0,0,650
"1833",6,1,2,963,1,7,0,50,-1,-1,0,0,700
"1834",6,1,2,1284,1,7,0,25,-1,-1,0,0,320
"1835",6,1,2,1605,2,7,0,50,-1,-1,0,0,650
"1836",6,1,2,1926,2,7,0,40,-1,-1,0,0,500
"1837",6,1,2,2247,1,7,0,45,-1,-1,0,0,620
"1838",6,1,2,2568,2,7,0,30,-1,-1,0,0,350
"1839",6,1,2,2889,1,7,0,50,-1,-1,0,0,700
"1840",6,1,2,3210,1,7,0,40,-1,-1,0,0,550
"1841",6,1,2,321,2,8,0,50,-1,-1,0,0,670
"1842",6,1,2,642,2,8,0,50,-1,-1,0,0,670
"1843",6,1,2,963,1,8,0,36,-1,-1,0,0,490
"1844",6,1,2,1284,1,8,0,45,-1,-1,0,0,620
"1845",6,1,2,1605,2,8,0,50,-1,-1,0,0,670
"1846",6,1,2,1926,2,8,0,45,-1,-1,0,0,600
"1847",6,1,2,2247,1,8,0,49,-1,-1,0,0,680
"1848",6,1,2,2568,2,8,0,20,-1,-1,0,0,220
"1849",6,1,2,2889,1,8,0,40,-1,-1,0,0,550
"1850",6,1,2,3210,1,8,0,40,-1,-1,0,0,550
"1851",6,1,2,321,2,9,0,30,-1,-1,0,0,570
"1852",6,1,2,642,2,9,0,50,-1,-1,0,0,870
"1853",6,1,2,963,1,9,0,45,-1,-1,0,0,740
"1854",6,1,2,1284,1,9,0,0,-1,-1,0,0,70
"1855",6,1,2,1605,2,9,0,50,-1,-1,0,0,870
"1856",6,1,2,1926,2,9,0,45,-1,-1,0,0,800
"1857",6,1,2,2247,1,9,0,49,-1,-1,0,0,800
"1858",6,1,2,2568,2,9,0,0,-1,-1,0,0,120
"1859",6,1,2,2889,1,9,0,50,-1,-1,0,0,820
"1860",6,1,2,3210,1,9,0,42,-1,-1,0,0,700
"1861",6,1,2,321,2,10,0,50,-1,-1,0,0,550
"1862",6,1,2,642,2,10,0,50,-1,-1,0,0,550
"1863",6,1,2,963,1,10,0,43,-1,-1,0,0,500
"1864",6,1,2,1284,1,10,0,50,-1,-1,0,0,610
"1865",6,1,2,1605,2,10,0,50,-1,-1,0,0,550
"1866",6,1,2,1926,2,10,0,50,-1,-1,0,0,550
"1867",6,1,2,2247,1,10,0,39,-1,-1,0,0,440
"1868",6,1,2,2568,2,10,0,40,-1,-1,0,0,400
"1869",6,1,2,2889,1,10,0,50,-1,-1,0,0,610
"1870",6,1,2,3210,1,10,0,46,-1,-1,0,0,550
"1871",6,1,2,321,2,11,0,50,-1,-1,0,0,650
"1872",6,1,2,642,2,11,0,50,-1,-1,0,0,650
"1873",6,1,2,963,1,11,0,45,-1,-1,0,0,620
"1874",6,1,2,1284,1,11,0,50,-1,-1,0,0,700
"1875",6,1,2,1605,2,11,0,50,-1,-1,0,0,650
"1876",6,1,2,1926,2,11,0,50,-1,-1,0,0,650
"1877",6,1,2,2247,1,11,0,50,-1,-1,0,0,700
"1878",6,1,2,2568,2,11,0,20,-1,-1,0,0,200
"1879",6,1,2,2889,1,11,0,30,-1,-1,0,0,400
"1880",6,1,2,3210,1,11,0,35,-1,-1,0,0,470
"1881",6,1,2,321,2,12,0,50,-1,-1,0,0,750
"1882",6,1,2,642,2,12,0,50,-1,-1,0,0,750
"1883",6,1,2,963,1,12,0,50,-1,-1,0,0,530
"1884",6,1,2,1284,1,12,0,50,-1,-1,0,0,530
"1885",6,1,2,1605,2,12,0,50,-1,-1,0,0,750
"1886",6,1,2,1926,2,12,0,50,-1,-1,0,0,750
"1887",6,1,2,2247,1,12,0,48,-1,-1,0,0,500
"1888",6,1,2,2568,2,12,0,0,-1,-1,0,0,0
"1889",6,1,2,2889,1,12,0,50,-1,-1,0,0,530
"1890",6,1,2,3210,1,12,0,45,-1,-1,0,0,460
"1891",6,1,2,321,2,13,0,50,-1,-1,0,0,550
"1892",6,1,2,642,2,13,0,50,-1,-1,0,0,550
"1893",6,1,2,963,1,13,0,45,-1,-1,0,0,840
"1894",6,1,2,1284,1,13,0,50,-1,-1,0,0,920
"1895",6,1,2,1605,2,13,0,50,-1,-1,0,0,550
"1896",6,1,2,1926,2,13,0,50,-1,-1,0,0,550
"1897",6,1,2,2247,1,13,0,0,-1,-1,0,0,170
"1898",6,1,2,2568,2,13,0,40,-1,-1,0,0,400
"1899",6,1,2,2889,1,13,0,50,-1,-1,0,0,920
"1900",6,1,2,3210,1,13,0,21,-1,-1,0,0,480
"1901",6,1,2,321,2,17,0,50,0,-1,0,0,810
"1902",6,1,2,642,2,17,0,50,0,-1,0,1,0
"1903",6,1,2,963,1,17,0,45,1,33,0,0,810
"1904",6,1,2,1284,1,17,0,50,-1,-1,0,0,630
"1905",6,1,2,1605,2,17,0,50,1,50,1,0,810
"1906",6,1,2,1926,2,17,0,12,1,50,0,0,490
"1907",6,1,2,2247,1,17,0,45,1,50,0,0,810
"1908",6,1,2,2568,2,17,0,25,-1,-1,0,0,440
"1909",6,1,2,2889,1,17,0,50,0,-1,0,0,630
"1910",6,1,2,3210,1,17,0,33,0,-1,0,0,380
"1911",6,1,2,321,2,18,0,40,-1,-1,0,0,570
"1912",6,1,2,642,2,18,0,50,1,40,0,0,970
"1913",6,1,2,963,1,18,0,45,1,45,0,0,930
"1914",6,1,2,1284,1,18,0,50,1,10,0,0,1010
"1915",6,1,2,1605,2,18,0,50,1,25,1,0,720
"1916",6,1,2,1926,2,18,0,40,0,-1,0,0,570
"1917",6,1,2,2247,1,18,0,48,-1,-1,0,0,730
"1918",6,1,2,2568,2,18,0,25,0,-1,0,1,0
"1919",6,1,2,2889,1,18,0,45,0,-1,0,0,680
"1920",6,1,2,3210,1,18,0,10,0,-1,0,0,160
"1921",6,1,2,321,2,19,0,30,1,50,0,0,850
"1922",6,1,2,642,2,19,0,50,0,-1,0,0,900
"1923",6,1,2,963,1,19,0,48,0,-1,0,1,0
"1924",6,1,2,1284,1,19,0,50,1,48,1,0,510
"1925",6,1,2,1605,2,19,0,50,1,0,0,0,900
"1926",6,1,2,1926,2,19,0,40,-1,-1,0,0,750
"1927",6,1,2,2247,1,19,0,49,1,50,0,0,750
"1928",6,1,2,2568,2,19,0,0,0,-1,0,0,150
"1929",6,1,2,2889,1,19,0,50,0,-1,0,0,510
"1930",6,1,2,3210,1,19,0,50,-1,-1,0,0,510
"1931",6,1,2,321,2,20,0,40,0,-1,0,0,650
"1932",6,1,2,642,2,20,0,50,0,-1,0,1,0
"1933",6,1,2,963,1,20,0,45,0,-1,0,0,670
"1934",6,1,2,1284,1,20,0,50,-1,-1,0,0,750
"1935",6,1,2,1605,2,20,0,50,-1,-1,0,0,800
"1936",6,1,2,1926,2,20,0,50,1,40,0,0,1050
"1937",6,1,2,2247,1,20,0,50,0,-1,0,1,0
"1938",6,1,2,2568,2,20,0,0,1,50,1,0,50
"1939",6,1,2,2889,1,20,0,45,1,50,1,0,670
"1940",6,1,2,3210,1,20,0,10,1,45,0,0,400
"1941",6,1,2,321,2,21,0,40,1,30,0,0,750
"1942",6,1,2,642,2,21,0,50,1,50,0,0,900
"1943",6,1,2,963,1,21,0,47,1,50,1,0,620
"1944",6,1,2,1284,1,21,0,50,0,-1,0,1,0
"1945",6,1,2,1605,2,21,0,50,0,-1,0,0,650
"1946",6,1,2,1926,2,21,0,50,-1,-1,0,0,650
"1947",6,1,2,2247,1,21,0,50,0,-1,0,1,0
"1948",6,1,2,2568,2,21,0,30,0,-1,0,0,350
"1949",6,1,2,2889,1,21,0,50,1,50,1,0,660
"1950",6,1,2,3210,1,21,0,20,-1,-1,0,0,210
"1951",6,1,2,321,2,22,0,50,-1,-1,0,0,750
"1952",6,1,2,642,2,22,0,50,0,-1,0,0,750
"1953",6,1,2,963,1,22,0,47,1,45,0,0,840
"1954",6,1,2,1284,1,22,0,50,-1,-1,0,0,640
"1955",6,1,2,1605,2,22,0,50,1,0,0,0,750
"1956",6,1,2,1926,2,22,0,50,1,50,0,0,1000
"1957",6,1,2,2247,1,22,0,45,0,-1,0,0,560
"1958",6,1,2,2568,2,22,0,0,0,-1,0,0,0
"1959",6,1,2,2889,1,22,0,50,0,-1,0,0,640
"1960",6,1,2,3210,1,22,0,30,1,50,0,0,590
"1961",6,1,2,321,2,23,0,40,0,-1,0,1,0
"1962",6,1,2,642,2,23,0,5,1,50,0,0,350
"1963",6,1,2,963,1,23,0,48,-1,-1,0,0,630
"1964",6,1,2,1284,1,23,0,50,0,-1,0,0,660
"1965",6,1,2,1605,2,23,0,50,1,40,1,0,770
"1966",6,1,2,1926,2,23,0,50,-1,-1,0,0,770
"1967",6,1,2,2247,1,23,0,48,1,50,0,0,880
"1968",6,1,2,2568,2,23,0,50,0,-1,0,0,770
"1969",6,1,2,2889,1,23,0,50,0,-1,0,0,660
"1970",6,1,2,3210,1,23,0,21,1,50,0,0,480
"1971",6,1,2,321,2,24,0,40,1,50,0,0,900
"1972",6,1,2,642,2,24,0,50,0,-1,0,0,800
"1973",6,1,2,963,1,24,0,49,1,20,0,0,890
"1974",6,1,2,1284,1,24,0,50,1,49,0,0,910
"1975",6,1,2,1605,2,24,0,50,0,-1,0,0,800
"1976",6,1,2,1926,2,24,0,50,1,50,0,0,1050
"1977",6,1,2,2247,1,24,0,49,0,-1,0,0,640
"1978",6,1,2,2568,2,24,0,0,-1,-1,0,0,50
"1979",6,1,2,2889,1,24,0,50,-1,-1,0,0,660
"1980",6,1,2,3210,1,24,0,20,0,-1,0,0,210
"1981",6,1,2,321,2,25,0,40,0,-1,0,1,0
"1982",6,1,2,642,2,25,0,50,-1,-1,0,0,650
"1983",6,1,2,963,1,25,0,50,-1,-1,0,0,590
"1984",6,1,2,1284,1,25,0,50,0,-1,0,1,0
"1985",6,1,2,1605,2,25,0,50,1,40,1,0,650
"1986",6,1,2,1926,2,25,0,50,1,30,0,0,900
"1987",6,1,2,2247,1,25,0,50,1,31,0,0,840
"1988",6,1,2,2568,2,25,0,30,0,-1,0,0,350
"1989",6,1,2,2889,1,25,0,50,1,50,1,0,590
"1990",6,1,2,3210,1,25,0,31,0,-1,0,0,310
"1991",6,1,2,321,2,26,0,40,0,-1,0,1,0
"1992",6,1,2,642,2,26,0,50,-1,-1,0,0,670
"1993",6,1,2,963,1,26,0,50,1,43,0,0,780
"1994",6,1,2,1284,1,26,0,50,-1,-1,0,0,530
"1995",6,1,2,1605,2,26,0,50,1,40,1,0,670
"1996",6,1,2,1926,2,26,0,50,0,-1,0,1,0
"1997",6,1,2,2247,1,26,0,50,1,50,0,0,780
"1998",6,1,2,2568,2,26,0,25,1,50,1,0,300
"1999",6,1,2,2889,1,26,0,50,0,-1,0,0,530
"2000",6,1,2,3210,1,26,0,43,0,-1,0,0,430
"2001",7,2,1,321,1,4,0,35,-1,-1,0,0,980
"2002",7,2,1,642,1,4,0,25,-1,-1,0,0,830
"2003",7,2,1,963,1,4,0,24,-1,-1,0,0,810
"2004",7,2,1,1284,1,4,0,25,-1,-1,0,0,830
"2005",7,2,1,1605,1,4,0,0,-1,-1,0,0,450
"2006",7,2,1,1926,2,4,0,0,-1,-1,0,0,870
"2007",7,2,1,2247,2,4,0,10,-1,-1,0,0,1020
"2008",7,2,1,2568,2,4,0,5,-1,-1,0,0,950
"2009",7,2,1,2889,2,4,0,5,-1,-1,0,0,950
"2010",7,2,1,3210,2,4,0,5,-1,-1,0,0,950
"2011",7,2,1,321,1,5,0,40,-1,-1,0,0,1010
"2012",7,2,1,642,1,5,0,25,-1,-1,0,0,790
"2013",7,2,1,963,1,5,0,24,-1,-1,0,0,770
"2014",7,2,1,1284,1,5,0,25,-1,-1,0,0,790
"2015",7,2,1,1605,1,5,0,3,-1,-1,0,0,460
"2016",7,2,1,1926,2,5,0,0,-1,-1,0,0,890
"2017",7,2,1,2247,2,5,0,10,-1,-1,0,0,1040
"2018",7,2,1,2568,2,5,0,8,-1,-1,0,0,1010
"2019",7,2,1,2889,2,5,0,0,-1,-1,0,0,890
"2020",7,2,1,3210,2,5,0,3,-1,-1,0,0,940
"2021",7,2,1,321,1,6,0,25,-1,-1,0,0,1010
"2022",7,2,1,642,1,6,0,20,-1,-1,0,0,940
"2023",7,2,1,963,1,6,0,0,-1,-1,0,0,640
"2024",7,2,1,1284,1,6,0,25,-1,-1,0,0,1010
"2025",7,2,1,1605,1,6,0,2,-1,-1,0,0,670
"2026",7,2,1,1926,2,6,0,0,-1,-1,0,0,890
"2027",7,2,1,2247,2,6,0,10,-1,-1,0,0,1040
"2028",7,2,1,2568,2,6,0,8,-1,-1,0,0,1010
"2029",7,2,1,2889,2,6,0,0,-1,-1,0,0,890
"2030",7,2,1,3210,2,6,0,3,-1,-1,0,0,940
"2031",7,2,1,321,1,7,0,25,-1,-1,0,0,930
"2032",7,2,1,642,1,7,0,18,-1,-1,0,0,830
"2033",7,2,1,963,1,7,0,24,-1,-1,0,0,920
"2034",7,2,1,1284,1,7,0,20,-1,-1,0,0,860
"2035",7,2,1,1605,1,7,0,1,-1,-1,0,0,570
"2036",7,2,1,1926,2,7,0,0,-1,-1,0,0,890
"2037",7,2,1,2247,2,7,0,10,-1,-1,0,0,1040
"2038",7,2,1,2568,2,7,0,8,-1,-1,0,0,1010
"2039",7,2,1,2889,2,7,0,1,-1,-1,0,0,910
"2040",7,2,1,3210,2,7,0,2,-1,-1,0,0,920
"2041",7,2,1,321,1,8,0,35,-1,-1,0,0,1040
"2042",7,2,1,642,1,8,0,15,-1,-1,0,0,740
"2043",7,2,1,963,1,8,0,20,-1,-1,0,0,820
"2044",7,2,1,1284,1,8,0,20,-1,-1,0,0,820
"2045",7,2,1,1605,1,8,0,6,-1,-1,0,0,610
"2046",7,2,1,1926,2,8,0,0,-1,-1,0,0,890
"2047",7,2,1,2247,2,8,0,10,-1,-1,0,0,1040
"2048",7,2,1,2568,2,8,0,8,-1,-1,0,0,1010
"2049",7,2,1,2889,2,8,0,2,-1,-1,0,0,920
"2050",7,2,1,3210,2,8,0,2,-1,-1,0,0,920
"2051",7,2,1,321,1,9,0,25,-1,-1,0,0,900
"2052",7,2,1,642,1,9,0,25,-1,-1,0,0,900
"2053",7,2,1,963,1,9,0,20,-1,-1,0,0,820
"2054",7,2,1,1284,1,9,0,25,-1,-1,0,0,900
"2055",7,2,1,1605,1,9,0,0,-1,-1,0,0,520
"2056",7,2,1,1926,2,9,0,0,-1,-1,0,0,890
"2057",7,2,1,2247,2,9,0,10,-1,-1,0,0,1040
"2058",7,2,1,2568,2,9,0,8,-1,-1,0,0,1010
"2059",7,2,1,2889,2,9,0,0,-1,-1,0,0,890
"2060",7,2,1,3210,2,9,0,3,-1,-1,0,0,940
"2061",7,2,1,321,1,10,0,50,-1,-1,0,0,1220
"2062",7,2,1,642,1,10,0,10,-1,-1,0,0,620
"2063",7,2,1,963,1,10,0,20,-1,-1,0,0,770
"2064",7,2,1,1284,1,10,0,25,-1,-1,0,0,840
"2065",7,2,1,1605,1,10,0,1,-1,-1,0,0,480
"2066",7,2,1,1926,2,10,0,0,-1,-1,0,0,900
"2067",7,2,1,2247,2,10,0,10,-1,-1,0,0,1050
"2068",7,2,1,2568,2,10,0,8,-1,-1,0,0,1020
"2069",7,2,1,2889,2,10,0,0,-1,-1,0,0,900
"2070",7,2,1,3210,2,10,0,2,-1,-1,0,0,930
"2071",7,2,1,321,1,11,0,45,-1,-1,0,0,1070
"2072",7,2,1,642,1,11,0,25,-1,-1,0,0,770
"2073",7,2,1,963,1,11,0,24,-1,-1,0,0,750
"2074",7,2,1,1284,1,11,0,25,-1,-1,0,0,770
"2075",7,2,1,1605,1,11,0,2,-1,-1,0,0,420
"2076",7,2,1,1926,2,11,0,0,-1,-1,0,0,900
"2077",7,2,1,2247,2,11,0,10,-1,-1,0,0,1050
"2078",7,2,1,2568,2,11,0,8,-1,-1,0,0,1020
"2079",7,2,1,2889,2,11,0,0,-1,-1,0,0,900
"2080",7,2,1,3210,2,11,0,1,-1,-1,0,0,920
"2081",7,2,1,321,1,12,0,25,-1,-1,0,0,880
"2082",7,2,1,642,1,12,0,25,-1,-1,0,0,880
"2083",7,2,1,963,1,12,0,20,-1,-1,0,0,810
"2084",7,2,1,1284,1,12,0,25,-1,-1,0,0,880
"2085",7,2,1,1605,1,12,0,3,-1,-1,0,0,550
"2086",7,2,1,1926,2,12,0,0,-1,-1,0,0,890
"2087",7,2,1,2247,2,12,0,10,-1,-1,0,0,1040
"2088",7,2,1,2568,2,12,0,8,-1,-1,0,0,1010
"2089",7,2,1,2889,2,12,0,0,-1,-1,0,0,890
"2090",7,2,1,3210,2,12,0,3,-1,-1,0,0,940
"2091",7,2,1,321,1,13,0,25,-1,-1,0,0,890
"2092",7,2,1,642,1,13,0,25,-1,-1,0,0,890
"2093",7,2,1,963,1,13,0,20,-1,-1,0,0,810
"2094",7,2,1,1284,1,13,0,25,-1,-1,0,0,890
"2095",7,2,1,1605,1,13,0,2,-1,-1,0,0,540
"2096",7,2,1,1926,2,13,0,0,-1,-1,0,0,890
"2097",7,2,1,2247,2,13,0,10,-1,-1,0,0,1040
"2098",7,2,1,2568,2,13,0,8,-1,-1,0,0,1010
"2099",7,2,1,2889,2,13,0,0,-1,-1,0,0,890
"2100",7,2,1,3210,2,13,0,4,-1,-1,0,0,950
"2101",7,2,1,321,1,17,0,25,-1,-1,0,0,940
"2102",7,2,1,642,1,17,0,25,1,25,0,0,1190
"2103",7,2,1,963,1,17,0,12,0,-1,0,0,740
"2104",7,2,1,1284,1,17,0,25,0,-1,0,0,940
"2105",7,2,1,1605,1,17,0,0,1,12,0,0,810
"2106",7,2,1,1926,2,17,0,0,0,-1,0,0,960
"2107",7,2,1,2247,2,17,0,0,1,0,0,0,960
"2108",7,2,1,2568,2,17,0,8,1,0,0,0,1080
"2109",7,2,1,2889,2,17,0,0,-1,-1,0,0,960
"2110",7,2,1,3210,2,17,0,0,0,-1,0,0,960
"2111",7,2,1,321,1,18,0,20,1,25,0,0,1130
"2112",7,2,1,642,1,18,0,25,1,3,0,0,1210
"2113",7,2,1,963,1,18,0,10,-1,-1,0,0,730
"2114",7,2,1,1284,1,18,0,25,0,-1,0,0,960
"2115",7,2,1,1605,1,18,0,3,0,-1,0,0,630
"2116",7,2,1,1926,2,18,0,0,-1,-1,0,0,890
"2117",7,2,1,2247,2,18,0,10,0,-1,0,0,1040
"2118",7,2,1,2568,2,18,0,8,1,10,0,0,1260
"2119",7,2,1,2889,2,18,0,2,1,1,1,0,920
"2120",7,2,1,3210,2,18,0,1,0,-1,0,1,0
"2121",7,2,1,321,1,19,0,25,-1,-1,0,0,970
"2122",7,2,1,642,1,19,0,25,0,-1,0,0,970
"2123",7,2,1,963,1,19,0,6,1,25,0,0,930
"2124",7,2,1,1284,1,19,0,25,1,0,0,0,970
"2125",7,2,1,1605,1,19,0,0,0,-1,0,0,590
"2126",7,2,1,1926,2,19,0,0,1,10,1,0,900
"2127",7,2,1,2247,2,19,0,10,0,-1,0,1,0
"2128",7,2,1,2568,2,19,0,8,0,-1,0,0,1020
"2129",7,2,1,2889,2,19,0,2,-1,-1,0,0,930
"2130",7,2,1,3210,2,19,0,0,1,8,0,0,1150
"2131",7,2,1,321,1,20,0,30,0,-1,0,0,990
"2132",7,2,1,642,1,20,0,25,-1,-1,0,0,910
"2133",7,2,1,963,1,20,0,12,1,0,0,0,720
"2134",7,2,1,1284,1,20,0,25,1,30,0,0,1160
"2135",7,2,1,1605,1,20,0,0,0,-1,0,0,540
"2136",7,2,1,1926,2,20,0,0,-1,-1,0,0,950
"2137",7,2,1,2247,2,20,0,0,0,-1,0,0,950
"2138",7,2,1,2568,2,20,0,8,1,0,0,0,1070
"2139",7,2,1,2889,2,20,0,0,0,-1,0,0,950
"2140",7,2,1,3210,2,20,0,1,1,0,0,0,970
"2141",7,2,1,321,1,21,0,25,1,2,0,0,1120
"2142",7,2,1,642,1,21,0,25,0,-1,0,0,870
"2143",7,2,1,963,1,21,0,24,-1,-1,0,0,850
"2144",7,2,1,1284,1,21,0,25,1,25,0,0,1120
"2145",7,2,1,1605,1,21,0,2,0,-1,0,0,520
"2146",7,2,1,1926,2,21,0,0,1,8,1,0,950
"2147",7,2,1,2247,2,21,0,0,1,1,0,0,1200
"2148",7,2,1,2568,2,21,0,8,0,-1,0,1,0
"2149",7,2,1,2889,2,21,0,1,-1,-1,0,0,960
"2150",7,2,1,3210,2,21,0,1,0,-1,0,0,960
"2151",7,2,1,321,1,22,0,25,-1,-1,0,0,990
"2152",7,2,1,642,1,22,0,25,1,1,0,0,1240
"2153",7,2,1,963,1,22,0,0,0,-1,0,0,620
"2154",7,2,1,1284,1,22,0,25,1,0,0,0,990
"2155",7,2,1,1605,1,22,0,1,0,-1,0,0,630
"2156",7,2,1,1926,2,22,0,0,0,-1,0,0,900
"2157",7,2,1,2247,2,22,0,10,-1,-1,0,0,1050
"2158",7,2,1,2568,2,22,0,8,1,0,0,0,1020
"2159",7,2,1,2889,2,22,0,0,1,1,0,0,1150
"2160",7,2,1,3210,2,22,0,1,0,-1,0,0,920
"2161",7,2,1,321,1,23,0,20,1,25,0,0,1200
"2162",7,2,1,642,1,23,0,25,0,-1,0,0,1020
"2163",7,2,1,963,1,23,0,0,1,0,0,0,650
"2164",7,2,1,1284,1,23,0,25,-1,-1,0,0,1020
"2165",7,2,1,1605,1,23,0,0,0,-1,0,0,650
"2166",7,2,1,1926,2,23,0,0,1,0,0,0,950
"2167",7,2,1,2247,2,23,0,0,0,-1,0,0,950
"2168",7,2,1,2568,2,23,0,8,1,1,0,0,1320
"2169",7,2,1,2889,2,23,0,1,0,-1,0,0,960
"2170",7,2,1,3210,2,23,0,1,-1,-1,0,0,960
"2171",7,2,1,321,1,24,0,25,1,0,0,0,890
"2172",7,2,1,642,1,24,0,25,0,-1,0,0,890
"2173",7,2,1,963,1,24,0,0,0,-1,0,0,510
"2174",7,2,1,1284,1,24,0,25,1,25,0,0,1140
"2175",7,2,1,1605,1,24,0,22,-1,-1,0,0,840
"2176",7,2,1,1926,2,24,0,0,0,-1,0,0,900
"2177",7,2,1,2247,2,24,0,10,1,1,1,0,1050
"2178",7,2,1,2568,2,24,0,8,1,0,0,0,1020
"2179",7,2,1,2889,2,24,0,1,-1,-1,0,0,910
"2180",7,2,1,3210,2,24,0,1,0,-1,0,1,0
"2181",7,2,1,321,1,25,0,25,0,-1,0,0,1000
"2182",7,2,1,642,1,25,0,25,0,-1,0,0,1000
"2183",7,2,1,963,1,25,0,0,-1,-1,0,0,620
"2184",7,2,1,1284,1,25,0,25,1,25,0,0,1250
"2185",7,2,1,1605,1,25,0,0,1,25,0,0,870
"2186",7,2,1,1926,2,25,0,0,0,-1,0,0,910
"2187",7,2,1,2247,2,25,0,10,1,8,1,0,1060
"2188",7,2,1,2568,2,25,0,8,0,-1,0,1,0
"2189",7,2,1,2889,2,25,0,0,-1,-1,0,0,910
"2190",7,2,1,3210,2,25,0,0,1,0,0,0,910
"2191",7,2,1,321,1,26,0,15,0,-1,0,0,900
"2192",7,2,1,642,1,26,0,25,1,15,0,0,1300
"2193",7,2,1,963,1,26,0,0,0,-1,0,0,670
"2194",7,2,1,1284,1,26,0,25,-1,-1,0,0,1050
"2195",7,2,1,1605,1,26,0,0,1,0,0,0,670
"2196",7,2,1,1926,2,26,0,0,1,1,1,0,950
"2197",7,2,1,2247,2,26,0,0,1,8,1,0,950
"2198",7,2,1,2568,2,26,0,8,0,-1,0,1,0
"2199",7,2,1,2889,2,26,0,1,0,-1,0,1,0
"2200",7,2,1,3210,2,26,0,0,-1,-1,0,0,950
"2201",7,2,2,321,2,4,0,15,-1,-1,0,0,320
"2202",7,2,2,642,2,4,0,25,-1,-1,0,0,470
"2203",7,2,2,963,2,4,0,50,-1,-1,0,0,850
"2204",7,2,2,1284,2,4,0,50,-1,-1,0,0,850
"2205",7,2,2,1605,1,4,0,5,-1,-1,0,0,720
"2206",7,2,2,1926,2,4,0,40,-1,-1,0,0,700
"2207",7,2,2,2247,1,4,0,0,-1,-1,0,0,650
"2208",7,2,2,2568,1,4,0,15,-1,-1,0,0,870
"2209",7,2,2,2889,1,4,0,0,-1,-1,0,0,650
"2210",7,2,2,3210,1,4,0,50,-1,-1,0,0,1400
"2211",7,2,2,321,2,5,0,25,-1,-1,0,0,400
"2212",7,2,2,642,2,5,0,30,-1,-1,0,0,470
"2213",7,2,2,963,2,5,0,50,-1,-1,0,0,770
"2214",7,2,2,1284,2,5,0,50,-1,-1,0,0,770
"2215",7,2,2,1605,1,5,0,5,-1,-1,0,0,670
"2216",7,2,2,1926,2,5,0,40,-1,-1,0,0,620
"2217",7,2,2,2247,1,5,0,0,-1,-1,0,0,600
"2218",7,2,2,2568,1,5,0,15,-1,-1,0,0,820
"2219",7,2,2,2889,1,5,0,10,-1,-1,0,0,750
"2220",7,2,2,3210,1,5,0,50,-1,-1,0,0,1350
"2221",7,2,2,321,2,6,0,33,-1,-1,0,0,530
"2222",7,2,2,642,2,6,0,20,-1,-1,0,0,330
"2223",7,2,2,963,2,6,0,50,-1,-1,0,0,780
"2224",7,2,2,1284,2,6,0,50,-1,-1,0,0,780
"2225",7,2,2,1605,1,6,0,5,-1,-1,0,0,700
"2226",7,2,2,1926,2,6,0,40,-1,-1,0,0,630
"2227",7,2,2,2247,1,6,0,0,-1,-1,0,0,620
"2228",7,2,2,2568,1,6,0,10,-1,-1,0,0,770
"2229",7,2,2,2889,1,6,0,10,-1,-1,0,0,770
"2230",7,2,2,3210,1,6,0,50,-1,-1,0,0,1370
"2231",7,2,2,321,2,7,0,8,-1,-1,0,0,250
"2232",7,2,2,642,2,7,0,25,-1,-1,0,0,510
"2233",7,2,2,963,2,7,0,50,-1,-1,0,0,880
"2234",7,2,2,1284,2,7,0,50,-1,-1,0,0,880
"2235",7,2,2,1605,1,7,0,5,-1,-1,0,0,700
"2236",7,2,2,1926,2,7,0,40,-1,-1,0,0,730
"2237",7,2,2,2247,1,7,0,0,-1,-1,0,0,620
"2238",7,2,2,2568,1,7,0,10,-1,-1,0,0,770
"2239",7,2,2,2889,1,7,0,10,-1,-1,0,0,770
"2240",7,2,2,3210,1,7,0,50,-1,-1,0,0,1370
"2241",7,2,2,321,2,8,0,40,-1,-1,0,0,450
"2242",7,2,2,642,2,8,0,40,-1,-1,0,0,450
"2243",7,2,2,963,2,8,0,50,-1,-1,0,0,600
"2244",7,2,2,1284,2,8,0,50,-1,-1,0,0,600
"2245",7,2,2,1605,1,8,0,5,-1,-1,0,0,750
"2246",7,2,2,1926,2,8,0,50,-1,-1,0,0,600
"2247",7,2,2,2247,1,8,0,0,-1,-1,0,0,670
"2248",7,2,2,2568,1,8,0,10,-1,-1,0,0,820
"2249",7,2,2,2889,1,8,0,0,-1,-1,0,0,670
"2250",7,2,2,3210,1,8,0,50,-1,-1,0,0,1420
"2251",7,2,2,321,2,9,0,44,-1,-1,0,0,590
"2252",7,2,2,642,2,9,0,30,-1,-1,0,0,380
"2253",7,2,2,963,2,9,0,50,-1,-1,0,0,680
"2254",7,2,2,1284,2,9,0,50,-1,-1,0,0,680
"2255",7,2,2,1605,1,9,0,5,-1,-1,0,0,860
"2256",7,2,2,1926,2,9,0,40,-1,-1,0,0,530
"2257",7,2,2,2247,1,9,0,0,-1,-1,0,0,790
"2258",7,2,2,2568,1,9,0,12,-1,-1,0,0,970
"2259",7,2,2,2889,1,9,0,20,-1,-1,0,0,1090
"2260",7,2,2,3210,1,9,0,5,-1,-1,0,0,860
"2261",7,2,2,321,2,10,0,27,-1,-1,0,0,420
"2262",7,2,2,642,2,10,0,20,-1,-1,0,0,310
"2263",7,2,2,963,2,10,0,50,-1,-1,0,0,760
"2264",7,2,2,1284,2,10,0,50,-1,-1,0,0,760
"2265",7,2,2,1605,1,10,0,5,-1,-1,0,0,820
"2266",7,2,2,1926,2,10,0,50,-1,-1,0,0,760
"2267",7,2,2,2247,1,10,0,0,-1,-1,0,0,750
"2268",7,2,2,2568,1,10,0,10,-1,-1,0,0,900
"2269",7,2,2,2889,1,10,0,30,-1,-1,0,0,1200
"2270",7,2,2,3210,1,10,0,5,-1,-1,0,0,820
"2271",7,2,2,321,2,11,0,33,-1,-1,0,0,580
"2272",7,2,2,642,2,11,0,10,-1,-1,0,0,230
"2273",7,2,2,963,2,11,0,50,-1,-1,0,0,830
"2274",7,2,2,1284,2,11,0,50,-1,-1,0,0,830
"2275",7,2,2,1605,1,11,0,5,-1,-1,0,0,810
"2276",7,2,2,1926,2,11,0,40,-1,-1,0,0,680
"2277",7,2,2,2247,1,11,0,0,-1,-1,0,0,740
"2278",7,2,2,2568,1,11,0,5,-1,-1,0,0,810
"2279",7,2,2,2889,1,11,0,40,-1,-1,0,0,1340
"2280",7,2,2,3210,1,11,0,2,-1,-1,0,0,770
"2281",7,2,2,321,2,12,0,45,-1,-1,0,0,500
"2282",7,2,2,642,2,12,0,40,-1,-1,0,0,420
"2283",7,2,2,963,2,12,0,50,-1,-1,0,0,570
"2284",7,2,2,1284,2,12,0,50,-1,-1,0,0,570
"2285",7,2,2,1605,1,12,0,5,-1,-1,0,0,700
"2286",7,2,2,1926,2,12,0,50,-1,-1,0,0,570
"2287",7,2,2,2247,1,12,0,0,-1,-1,0,0,620
"2288",7,2,2,2568,1,12,0,15,-1,-1,0,0,850
"2289",7,2,2,2889,1,12,0,50,-1,-1,0,0,1370
"2290",7,2,2,3210,1,12,0,5,-1,-1,0,0,700
"2291",7,2,2,321,2,13,0,44,-1,-1,0,0,610
"2292",7,2,2,642,2,13,0,25,-1,-1,0,0,330
"2293",7,2,2,963,2,13,0,50,-1,-1,0,0,700
"2294",7,2,2,1284,2,13,0,50,-1,-1,0,0,700
"2295",7,2,2,1605,1,13,0,5,-1,-1,0,0,800
"2296",7,2,2,1926,2,13,0,40,-1,-1,0,0,550
"2297",7,2,2,2247,1,13,0,0,-1,-1,0,0,720
"2298",7,2,2,2568,1,13,0,5,-1,-1,0,0,800
"2299",7,2,2,2889,1,13,0,40,-1,-1,0,0,1320
"2300",7,2,2,3210,1,13,0,5,-1,-1,0,0,800
"2301",7,2,2,321,2,17,0,7,0,-1,0,0,170
"2302",7,2,2,642,2,17,0,30,1,7,0,0,760
"2303",7,2,2,963,2,17,0,50,1,50,1,0,810
"2304",7,2,2,1284,2,17,0,50,0,-1,0,1,0
"2305",7,2,2,1605,1,17,0,10,1,0,0,0,1070
"2306",7,2,2,1926,2,17,0,50,-1,-1,0,0,810
"2307",7,2,2,2247,1,17,0,0,0,-1,0,0,920
"2308",7,2,2,2568,1,17,0,5,1,0,0,0,1000
"2309",7,2,2,2889,1,17,0,0,0,-1,0,0,920
"2310",7,2,2,3210,1,17,0,0,-1,-1,0,0,920
"2311",7,2,2,321,2,18,0,42,0,-1,0,1,0
"2312",7,2,2,642,2,18,0,25,0,-1,0,0,340
"2313",7,2,2,963,2,18,0,50,1,42,1,0,710
"2314",7,2,2,1284,2,18,0,50,1,25,0,0,960
"2315",7,2,2,1605,1,18,0,10,-1,-1,0,0,1070
"2316",7,2,2,1926,2,18,0,40,-1,-1,0,0,560
"2317",7,2,2,2247,1,18,0,0,0,-1,0,0,920
"2318",7,2,2,2568,1,18,0,5,0,-1,0,0,1000
"2319",7,2,2,2889,1,18,0,0,1,5,0,0,1170
"2320",7,2,2,3210,1,18,0,0,1,0,0,0,920
"2321",7,2,2,321,2,19,0,26,-1,-1,0,0,360
"2322",7,2,2,642,2,19,0,30,0,-1,0,0,420
"2323",7,2,2,963,2,19,0,50,0,-1,0,0,720
"2324",7,2,2,1284,2,19,0,50,1,50,0,0,970
"2325",7,2,2,1605,1,19,0,10,1,0,0,0,1070
"2326",7,2,2,1926,2,19,0,50,1,30,0,0,970
"2327",7,2,2,2247,1,19,0,0,1,0,0,0,920
"2328",7,2,2,2568,1,19,0,5,-1,-1,0,0,1000
"2329",7,2,2,2889,1,19,0,0,0,-1,0,0,920
"2330",7,2,2,3210,1,19,0,0,0,-1,0,0,920
"2331",7,2,2,321,2,20,0,11,1,50,0,0,480
"2332",7,2,2,642,2,20,0,25,0,-1,0,0,440
"2333",7,2,2,963,2,20,0,50,-1,-1,0,0,820
"2334",7,2,2,1284,2,20,0,50,0,-1,0,0,820
"2335",7,2,2,1605,1,20,0,10,0,-1,0,0,1050
"2336",7,2,2,1926,2,20,0,50,1,25,0,0,1070
"2337",7,2,2,2247,1,20,0,0,-1,-1,0,0,900
"2338",7,2,2,2568,1,20,0,5,0,-1,0,0,970
"2339",7,2,2,2889,1,20,0,0,1,10,0,0,1150
"2340",7,2,2,3210,1,20,0,5,1,5,0,0,1220
"2341",7,2,2,321,2,21,0,11,0,-1,0,1,0
"2342",7,2,2,642,2,21,0,20,-1,-1,0,0,390
"2343",7,2,2,963,2,21,0,50,1,11,1,0,840
"2344",7,2,2,1284,2,21,0,50,1,50,0,0,1090
"2345",7,2,2,1605,1,21,0,10,-1,-1,0,0,1050
"2346",7,2,2,1926,2,21,0,50,0,-1,0,0,840
"2347",7,2,2,2247,1,21,0,0,1,5,0,0,1150
"2348",7,2,2,2568,1,21,0,5,0,-1,0,0,970
"2349",7,2,2,2889,1,21,0,0,1,5,0,0,1150
"2350",7,2,2,3210,1,21,0,5,0,-1,0,0,970
"2351",7,2,2,321,2,22,0,11,1,50,0,0,460
"2352",7,2,2,642,2,22,0,30,-1,-1,0,0,490
"2353",7,2,2,963,2,22,0,50,0,-1,0,0,790
"2354",7,2,2,1284,2,22,0,50,0,-1,0,0,790
"2355",7,2,2,1605,1,22,0,10,1,0,0,0,1060
"2356",7,2,2,1926,2,22,0,50,1,50,0,0,1040
"2357",7,2,2,2247,1,22,0,0,-1,-1,0,0,910
"2358",7,2,2,2568,1,22,0,2,0,-1,0,0,940
"2359",7,2,2,2889,1,22,0,0,0,-1,0,0,910
"2360",7,2,2,3210,1,22,0,5,1,2,0,0,1240
"2361",7,2,2,321,2,23,0,8,0,-1,0,0,200
"2362",7,2,2,642,2,23,0,25,0,-1,0,1,0
"2363",7,2,2,963,2,23,0,50,1,25,1,0,830
"2364",7,2,2,1284,2,23,0,50,1,8,0,0,1080
"2365",7,2,2,1605,1,23,0,10,0,-1,0,0,1060
"2366",7,2,2,1926,2,23,0,50,-1,-1,0,0,830
"2367",7,2,2,2247,1,23,0,0,-1,-1,0,0,910
"2368",7,2,2,2568,1,23,0,2,1,10,0,0,1190
"2369",7,2,2,2889,1,23,0,0,1,5,0,0,1160
"2370",7,2,2,3210,1,23,0,5,0,-1,0,0,990
"2371",7,2,2,321,2,24,0,20,1,50,0,0,570
"2372",7,2,2,642,2,24,0,25,0,-1,0,0,400
"2373",7,2,2,963,2,24,0,50,-1,-1,0,0,770
"2374",7,2,2,1284,2,24,0,50,0,-1,0,0,770
"2375",7,2,2,1605,1,24,0,10,-1,-1,0,0,1050
"2376",7,2,2,1926,2,24,0,50,1,25,0,0,1020
"2377",7,2,2,2247,1,24,0,0,0,-1,0,0,900
"2378",7,2,2,2568,1,24,0,5,1,0,0,0,970
"2379",7,2,2,2889,1,24,0,0,1,5,0,0,1150
"2380",7,2,2,3210,1,24,0,5,0,-1,0,0,970
"2381",7,2,2,321,2,25,0,0,1,50,0,0,320
"2382",7,2,2,642,2,25,0,35,0,-1,0,0,600
"2383",7,2,2,963,2,25,0,50,-1,-1,0,0,820
"2384",7,2,2,1284,2,25,0,50,1,35,0,0,1070
"2385",7,2,2,1605,1,25,0,10,-1,-1,0,0,1060
"2386",7,2,2,1926,2,25,0,50,0,-1,0,0,820
"2387",7,2,2,2247,1,25,0,0,1,2,0,0,1160
"2388",7,2,2,2568,1,25,0,2,0,-1,0,0,940
"2389",7,2,2,2889,1,25,0,0,1,5,0,0,1160
"2390",7,2,2,3210,1,25,0,5,0,-1,0,0,990
"2391",7,2,2,321,2,26,0,0,0,-1,0,0,100
"2392",7,2,2,642,2,26,0,30,1,0,0,0,550
"2393",7,2,2,963,2,26,0,50,1,50,1,0,850
"2394",7,2,2,1284,2,26,0,50,-1,-1,0,0,850
"2395",7,2,2,1605,1,26,0,10,0,-1,0,0,1050
"2396",7,2,2,1926,2,26,0,50,0,-1,0,1,0
"2397",7,2,2,2247,1,26,0,0,-1,-1,0,0,900
"2398",7,2,2,2568,1,26,0,5,1,10,0,0,1220
"2399",7,2,2,2889,1,26,0,0,1,5,0,0,1150
"2400",7,2,2,3210,1,26,0,5,0,-1,0,0,970
