union,performance,framing,id,round,overextraction,observer,overext_observed,report,punished,round_profit,group_id
1,1,1,321121,1,25,NA,NA,NA,NA,930,121
1,1,1,642111,1,15,NA,NA,NA,NA,1050,111
1,1,1,963121,1,50,NA,NA,NA,NA,1300,121
1,1,1,1284111,1,0,NA,NA,NA,NA,820,111
1,1,1,1605111,1,0,NA,NA,NA,NA,820,111
1,1,1,1926121,1,0,NA,NA,NA,NA,550,121
1,1,1,2247121,1,2,NA,NA,NA,NA,580,121
1,1,1,2568121,1,12,NA,NA,NA,NA,730,121
1,1,1,2889111,1,0,NA,NA,NA,NA,820,111
1,1,1,3210111,1,20,NA,NA,NA,NA,1120,111
1,1,1,321121,2,40,NA,NA,NA,NA,1070,121
1,1,1,642111,2,15,NA,NA,NA,NA,970,111
1,1,1,963121,2,50,NA,NA,NA,NA,1220,121
1,1,1,1284111,2,5,NA,NA,NA,NA,820,111
1,1,1,1605111,2,0,NA,NA,NA,NA,750,111
1,1,1,1926121,2,0,NA,NA,NA,NA,470,121
1,1,1,2247121,2,3,NA,NA,NA,NA,520,121
1,1,1,2568121,2,12,NA,NA,NA,NA,650,121
1,1,1,2889111,2,10,NA,NA,NA,NA,900,111
1,1,1,3210111,2,20,NA,NA,NA,NA,1050,111
1,1,1,321121,3,30,NA,NA,NA,NA,980,121
1,1,1,642111,3,25,NA,NA,NA,NA,1000,111
1,1,1,963121,3,50,NA,NA,NA,NA,1280,121
1,1,1,1284111,3,5,NA,NA,NA,NA,700,111
1,1,1,1605111,3,0,NA,NA,NA,NA,620,111
1,1,1,1926121,3,0,NA,NA,NA,NA,530,121
1,1,1,2247121,3,2,NA,NA,NA,NA,560,121
1,1,1,2568121,3,12,NA,NA,NA,NA,710,121
1,1,1,2889111,3,25,NA,NA,NA,NA,1000,111
1,1,1,3210111,3,20,NA,NA,NA,NA,920,111
1,1,1,321121,4,45,NA,NA,NA,NA,1130,121
1,1,1,642111,4,20,NA,NA,NA,NA,900,111
1,1,1,963121,4,50,NA,NA,NA,NA,1210,121
1,1,1,1284111,4,5,NA,NA,NA,NA,680,111
1,1,1,1605111,4,0,NA,NA,NA,NA,600,111
1,1,1,1926121,4,0,NA,NA,NA,NA,460,121
1,1,1,2247121,4,1,NA,NA,NA,NA,470,121
1,1,1,2568121,4,12,NA,NA,NA,NA,640,121
1,1,1,2889111,4,4,NA,NA,NA,NA,660,111
1,1,1,3210111,4,50,NA,NA,NA,NA,1350,111
1,1,1,321121,5,35,NA,NA,NA,NA,1010,121
1,1,1,642111,5,45,NA,NA,NA,NA,930,111
1,1,1,963121,5,50,NA,NA,NA,NA,1230,121
1,1,1,1284111,5,5,NA,NA,NA,NA,330,111
1,1,1,1605111,5,0,NA,NA,NA,NA,260,111
1,1,1,1926121,5,0,NA,NA,NA,NA,480,121
1,1,1,2247121,5,3,NA,NA,NA,NA,530,121
1,1,1,2568121,5,15,NA,NA,NA,NA,710,121
1,1,1,2889111,5,48,NA,NA,NA,NA,980,111
1,1,1,3210111,5,50,NA,NA,NA,NA,1010,111
1,1,1,321121,6,40,NA,NA,NA,NA,1060,121
1,1,1,642111,6,50,NA,NA,NA,NA,1030,111
1,1,1,963121,6,50,NA,NA,NA,NA,1210,121
1,1,1,1284111,6,5,NA,NA,NA,NA,350,111
1,1,1,1605111,6,0,NA,NA,NA,NA,280,111
1,1,1,1926121,6,0,NA,NA,NA,NA,460,121
1,1,1,2247121,6,3,NA,NA,NA,NA,500,121
1,1,1,2568121,6,15,NA,NA,NA,NA,680,121
1,1,1,2889111,6,49,NA,NA,NA,NA,1010,111
1,1,1,3210111,6,40,NA,NA,NA,NA,880,111
1,1,1,321121,7,50,NA,NA,NA,NA,1160,121
1,1,1,642111,7,50,NA,NA,NA,NA,1040,111
1,1,1,963121,7,50,NA,NA,NA,NA,1160,121
1,1,1,1284111,7,5,NA,NA,NA,NA,360,111
1,1,1,1605111,7,0,NA,NA,NA,NA,290,111
1,1,1,1926121,7,0,NA,NA,NA,NA,410,121
1,1,1,2247121,7,2,NA,NA,NA,NA,440,121
1,1,1,2568121,7,15,NA,NA,NA,NA,640,121
1,1,1,2889111,7,47,NA,NA,NA,NA,990,111
1,1,1,3210111,7,40,NA,NA,NA,NA,890,111
1,1,1,321121,8,30,NA,NA,NA,NA,910,121
1,1,1,642111,8,50,NA,NA,NA,NA,970,111
1,1,1,963121,8,50,NA,NA,NA,NA,1210,121
1,1,1,1284111,8,20,NA,NA,NA,NA,520,111
1,1,1,1605111,8,0,NA,NA,NA,NA,220,111
1,1,1,1926121,8,0,NA,NA,NA,NA,460,121
1,1,1,2247121,8,3,NA,NA,NA,NA,500,121
1,1,1,2568121,8,25,NA,NA,NA,NA,830,121
1,1,1,2889111,8,46,NA,NA,NA,NA,910,111
1,1,1,3210111,8,40,NA,NA,NA,NA,820,111
1,1,1,321121,9,50,NA,NA,NA,NA,1110,121
1,1,1,642111,9,40,NA,NA,NA,NA,850,111
1,1,1,963121,9,50,NA,NA,NA,NA,1110,121
1,1,1,1284111,9,20,NA,NA,NA,NA,550,111
1,1,1,1605111,9,0,NA,NA,NA,NA,250,111
1,1,1,1926121,9,0,NA,NA,NA,NA,360,121
1,1,1,2247121,9,2,NA,NA,NA,NA,390,121
1,1,1,2568121,9,25,NA,NA,NA,NA,740,121
1,1,1,2889111,9,45,NA,NA,NA,NA,920,111
1,1,1,3210111,9,45,NA,NA,NA,NA,920,111
1,1,1,321121,10,50,NA,NA,NA,NA,1110,121
1,1,1,642111,10,40,NA,NA,NA,NA,930,111
1,1,1,963121,10,50,NA,NA,NA,NA,1110,121
1,1,1,1284111,10,5,NA,NA,NA,NA,410,111
1,1,1,1605111,10,0,NA,NA,NA,NA,330,111
1,1,1,1926121,10,0,NA,NA,NA,NA,360,121
1,1,1,2247121,10,3,NA,NA,NA,NA,400,121
1,1,1,2568121,10,25,NA,NA,NA,NA,730,121
1,1,1,2889111,10,48,NA,NA,NA,NA,1050,111
1,1,1,3210111,10,40,NA,NA,NA,NA,930,111
1,1,1,321121,11,25,0,NA,NA,1,0,121
1,1,1,642111,11,30,-1,NA,NA,NA,950,111
1,1,1,963121,11,50,1,3,0,NA,1610,121
1,1,1,1284111,11,5,1,0,0,NA,570,111
1,1,1,1605111,11,0,0,NA,NA,0,500,111
1,1,1,1926121,11,0,-1,NA,NA,NA,610,121
1,1,1,2247121,11,3,0,NA,NA,0,650,121
1,1,1,2568121,11,0,1,25,1,NA,610,121
1,1,1,2889111,11,25,1,40,1,NA,870,111
1,1,1,3210111,11,40,0,NA,NA,1,0,111
1,1,1,321121,12,0,1,0,0,NA,740,121
1,1,1,642111,12,35,1,0,0,NA,1100,111
1,1,1,963121,12,50,1,0,0,NA,1490,121
1,1,1,1284111,12,5,-1,NA,NA,NA,650,111
1,1,1,1605111,12,0,0,NA,NA,0,570,111
1,1,1,1926121,12,0,0,NA,NA,0,740,121
1,1,1,2247121,12,2,-1,NA,NA,NA,770,121
1,1,1,2568121,12,0,0,NA,NA,0,740,121
1,1,1,2889111,12,45,0,NA,NA,1,0,111
1,1,1,3210111,12,0,1,45,1,NA,570,111
1,1,1,321121,13,30,-1,NA,NA,NA,1030,121
1,1,1,642111,13,35,1,0,0,NA,1080,111
1,1,1,963121,13,50,0,NA,NA,1,0,121
1,1,1,1284111,13,5,0,NA,NA,1,0,111
1,1,1,1605111,13,0,0,NA,NA,0,560,111
1,1,1,1926121,13,0,0,NA,NA,0,580,121
1,1,1,2247121,13,3,1,50,1,NA,630,121
1,1,1,2568121,13,0,1,0,0,NA,580,121
1,1,1,2889111,13,48,1,5,1,NA,1280,111
1,1,1,3210111,13,0,-1,NA,NA,NA,560,111
1,1,1,321121,14,40,-1,NA,NA,NA,1140,121
1,1,1,642111,14,35,0,NA,NA,0,1090,111
1,1,1,963121,14,50,1,0,0,NA,1290,121
1,1,1,1284111,14,5,-1,NA,NA,NA,640,111
1,1,1,1605111,14,0,1,35,0,NA,820,111
1,1,1,1926121,14,0,0,NA,NA,0,540,121
1,1,1,2247121,14,2,1,0,0,NA,570,121
1,1,1,2568121,14,0,0,NA,NA,0,540,121
1,1,1,2889111,14,46,0,NA,NA,0,1260,111
1,1,1,3210111,14,0,1,46,0,NA,820,111
1,1,1,321121,15,40,0,NA,NA,1,0,121
1,1,1,642111,15,35,0,NA,NA,1,0,111
1,1,1,963121,15,50,1,0,0,NA,1280,121
1,1,1,1284111,15,0,1,0,0,NA,590,111
1,1,1,1605111,15,0,-1,NA,NA,NA,590,111
1,1,1,1926121,15,0,0,NA,NA,0,530,121
1,1,1,2247121,15,3,1,40,1,NA,580,121
1,1,1,2568121,15,0,-1,NA,NA,NA,530,121
1,1,1,2889111,15,46,1,35,1,NA,1280,111
1,1,1,3210111,15,0,0,NA,NA,0,590,111
1,1,1,321121,16,30,1,3,1,NA,1030,121
1,1,1,642111,16,35,0,NA,NA,0,1130,111
1,1,1,963121,16,50,1,0,0,NA,1330,121
1,1,1,1284111,16,0,-1,NA,NA,NA,610,111
1,1,1,1605111,16,0,1,35,0,NA,860,111
1,1,1,1926121,16,0,-1,NA,NA,NA,580,121
1,1,1,2247121,16,3,0,NA,NA,1,0,121
1,1,1,2568121,16,0,0,NA,NA,0,580,121
1,1,1,2889111,16,43,0,NA,NA,1,0,111
1,1,1,3210111,16,0,1,43,1,NA,610,111
1,1,1,321121,17,30,-1,NA,NA,NA,1040,121
1,1,1,642111,17,35,-1,NA,NA,NA,1120,111
1,1,1,963121,17,50,1,2,0,NA,1590,121
1,1,1,1284111,17,5,0,NA,NA,1,0,111
1,1,1,1605111,17,0,1,41,0,NA,840,111
1,1,1,1926121,17,0,0,NA,NA,0,590,121
1,1,1,2247121,17,2,0,NA,NA,0,620,121
1,1,1,2568121,17,0,1,0,0,NA,590,121
1,1,1,2889111,17,41,0,NA,NA,0,1210,111
1,1,1,3210111,17,0,1,5,1,NA,590,111
1,1,1,321121,18,25,1,0,0,NA,980,121
1,1,1,642111,18,50,1,35,1,NA,1070,111
1,1,1,963121,18,50,1,0,0,NA,1360,121
1,1,1,1284111,18,50,-1,NA,NA,NA,1070,111
1,1,1,1605111,18,0,1,0,0,NA,320,111
1,1,1,1926121,18,0,0,NA,NA,0,610,121
1,1,1,2247121,18,3,-1,NA,NA,NA,650,121
1,1,1,2568121,18,0,0,NA,NA,0,610,121
1,1,1,2889111,18,35,0,NA,NA,1,0,111
1,1,1,3210111,18,0,0,NA,NA,0,320,111
1,1,1,321121,19,40,0,NA,NA,1,0,121
1,1,1,642111,19,50,0,NA,NA,1,0,111
1,1,1,963121,19,50,1,0,0,NA,1280,121
1,1,1,1284111,19,5,0,NA,NA,1,0,111
1,1,1,1605111,19,0,-1,NA,NA,NA,520,111
1,1,1,1926121,19,0,0,NA,NA,0,530,121
1,1,1,2247121,19,3,1,40,1,NA,580,121
1,1,1,2568121,19,0,-1,NA,NA,NA,530,121
1,1,1,2889111,19,41,1,50,1,NA,1130,111
1,1,1,3210111,19,0,1,5,1,NA,520,111
1,1,1,321121,20,30,1,0,0,NA,1030,121
1,1,1,642111,20,50,1,0,0,NA,1410,111
1,1,1,963121,20,50,1,3,0,NA,1580,121
1,1,1,1284111,20,5,0,NA,NA,0,740,111
1,1,1,1605111,20,0,1,5,0,NA,910,111
1,1,1,1926121,20,0,-1,NA,NA,NA,580,121
1,1,1,2247121,20,3,0,NA,NA,0,630,121
1,1,1,2568121,20,0,0,NA,NA,0,580,121
1,1,1,2889111,20,12,-1,NA,NA,NA,840,111
1,1,1,3210111,20,0,0,NA,NA,0,660,111
1,1,2,321112,1,50,NA,NA,NA,NA,620,112
1,1,2,642122,1,0,NA,NA,NA,NA,590,122
1,1,2,963122,1,5,NA,NA,NA,NA,670,122
1,1,2,1284122,1,50,NA,NA,NA,NA,1340,122
1,1,2,1605112,1,45,NA,NA,NA,NA,550,112
1,1,2,1926122,1,25,NA,NA,NA,NA,970,122
1,1,2,2247122,1,1,NA,NA,NA,NA,610,122
1,1,2,2568112,1,50,NA,NA,NA,NA,620,112
1,1,2,2889112,1,40,NA,NA,NA,NA,470,112
1,1,2,3210112,1,40,NA,NA,NA,NA,470,112
1,1,2,321112,2,50,NA,NA,NA,NA,900,112
1,1,2,642122,2,0,NA,NA,NA,NA,710,122
1,1,2,963122,2,5,NA,NA,NA,NA,780,122
1,1,2,1284122,2,50,NA,NA,NA,NA,1460,122
1,1,2,1605112,2,40,NA,NA,NA,NA,750,112
1,1,2,1926122,2,1,NA,NA,NA,NA,720,122
1,1,2,2247122,2,2,NA,NA,NA,NA,740,122
1,1,2,2568112,2,40,NA,NA,NA,NA,750,112
1,1,2,2889112,2,10,NA,NA,NA,NA,300,112
1,1,2,3210112,2,30,NA,NA,NA,NA,600,112
1,1,2,321112,3,50,NA,NA,NA,NA,800,112
1,1,2,642122,3,0,NA,NA,NA,NA,520,122
1,1,2,963122,3,5,NA,NA,NA,NA,590,122
1,1,2,1284122,3,50,NA,NA,NA,NA,1270,122
1,1,2,1605112,3,40,NA,NA,NA,NA,650,112
1,1,2,1926122,3,25,NA,NA,NA,NA,890,122
1,1,2,2247122,3,16,NA,NA,NA,NA,760,122
1,1,2,2568112,3,30,NA,NA,NA,NA,500,112
1,1,2,2889112,3,50,NA,NA,NA,NA,800,112
1,1,2,3210112,3,20,NA,NA,NA,NA,350,112
1,1,2,321112,4,50,NA,NA,NA,NA,720,112
1,1,2,642122,4,0,NA,NA,NA,NA,540,122
1,1,2,963122,4,5,NA,NA,NA,NA,610,122
1,1,2,1284122,4,50,NA,NA,NA,NA,1290,122
1,1,2,1605112,4,35,NA,NA,NA,NA,500,112
1,1,2,1926122,4,25,NA,NA,NA,NA,910,122
1,1,2,2247122,4,12,NA,NA,NA,NA,720,122
1,1,2,2568112,4,30,NA,NA,NA,NA,420,112
1,1,2,2889112,4,50,NA,NA,NA,NA,720,112
1,1,2,3210112,4,40,NA,NA,NA,NA,570,112
1,1,2,321112,5,50,NA,NA,NA,NA,870,112
1,1,2,642122,5,0,NA,NA,NA,NA,660,122
1,1,2,963122,5,5,NA,NA,NA,NA,730,122
1,1,2,1284122,5,50,NA,NA,NA,NA,1410,122
1,1,2,1605112,5,25,NA,NA,NA,NA,500,112
1,1,2,1926122,5,1,NA,NA,NA,NA,670,122
1,1,2,2247122,5,12,NA,NA,NA,NA,840,122
1,1,2,2568112,5,10,NA,NA,NA,NA,270,112
1,1,2,2889112,5,50,NA,NA,NA,NA,870,112
1,1,2,3210112,5,40,NA,NA,NA,NA,720,112
1,1,2,321112,6,50,NA,NA,NA,NA,760,112
1,1,2,642122,6,20,NA,NA,NA,NA,780,122
1,1,2,963122,6,5,NA,NA,NA,NA,550,122
1,1,2,1284122,6,50,NA,NA,NA,NA,1230,122
1,1,2,1605112,6,48,NA,NA,NA,NA,730,112
1,1,2,1926122,6,15,NA,NA,NA,NA,700,122
1,1,2,2247122,6,14,NA,NA,NA,NA,690,122
1,1,2,2568112,6,10,NA,NA,NA,NA,160,112
1,1,2,2889112,6,50,NA,NA,NA,NA,760,112
1,1,2,3210112,6,40,NA,NA,NA,NA,610,112
1,1,2,321112,7,50,NA,NA,NA,NA,880,112
1,1,2,642122,7,20,NA,NA,NA,NA,560,122
1,1,2,963122,7,10,NA,NA,NA,NA,410,122
1,1,2,1284122,7,50,NA,NA,NA,NA,1010,122
1,1,2,1605112,7,38,NA,NA,NA,NA,700,112
1,1,2,1926122,7,25,NA,NA,NA,NA,640,122
1,1,2,2247122,7,42,NA,NA,NA,NA,890,122
1,1,2,2568112,7,5,NA,NA,NA,NA,210,112
1,1,2,2889112,7,40,NA,NA,NA,NA,730,112
1,1,2,3210112,7,40,NA,NA,NA,NA,730,112
1,1,2,321112,8,50,NA,NA,NA,NA,780,112
1,1,2,642122,8,20,NA,NA,NA,NA,820,122
1,1,2,963122,8,0,NA,NA,NA,NA,520,122
1,1,2,1284122,8,50,NA,NA,NA,NA,1270,122
1,1,2,1605112,8,50,NA,NA,NA,NA,780,112
1,1,2,1926122,8,15,NA,NA,NA,NA,740,122
1,1,2,2247122,8,11,NA,NA,NA,NA,680,122
1,1,2,2568112,8,4,NA,NA,NA,NA,90,112
1,1,2,2889112,8,50,NA,NA,NA,NA,780,112
1,1,2,3210112,8,40,NA,NA,NA,NA,630,112
1,1,2,321112,9,50,NA,NA,NA,NA,830,112
1,1,2,642122,9,20,NA,NA,NA,NA,780,122
1,1,2,963122,9,2,NA,NA,NA,NA,510,122
1,1,2,1284122,9,45,NA,NA,NA,NA,1150,122
1,1,2,1605112,9,40,NA,NA,NA,NA,680,112
1,1,2,1926122,9,25,NA,NA,NA,NA,850,122
1,1,2,2247122,9,12,NA,NA,NA,NA,660,122
1,1,2,2568112,9,3,NA,NA,NA,NA,130,112
1,1,2,2889112,9,50,NA,NA,NA,NA,830,112
1,1,2,3210112,9,40,NA,NA,NA,NA,680,112
1,1,2,321112,10,50,NA,NA,NA,NA,770,112
1,1,2,642122,10,20,NA,NA,NA,NA,770,122
1,1,2,963122,10,0,NA,NA,NA,NA,470,122
1,1,2,1284122,10,50,NA,NA,NA,NA,1220,122
1,1,2,1605112,10,30,NA,NA,NA,NA,470,112
1,1,2,1926122,10,15,NA,NA,NA,NA,700,122
1,1,2,2247122,10,20,NA,NA,NA,NA,770,122
1,1,2,2568112,10,25,NA,NA,NA,NA,400,112
1,1,2,2889112,10,50,NA,NA,NA,NA,770,112
1,1,2,3210112,10,40,NA,NA,NA,NA,620,112
1,1,2,321112,11,50,0,NA,NA,1,0,112
1,1,2,642122,11,0,-1,NA,NA,NA,690,122
1,1,2,963122,11,5,0,NA,NA,0,770,122
1,1,2,1284122,11,40,1,15,1,NA,1290,122
1,1,2,1605112,11,35,1,40,0,NA,850,112
1,1,2,1926122,11,15,0,NA,NA,1,0,122
1,1,2,2247122,11,1,1,5,0,NA,960,122
1,1,2,2568112,11,10,-1,NA,NA,NA,220,112
1,1,2,2889112,11,50,1,50,1,NA,820,112
1,1,2,3210112,11,40,0,NA,NA,0,670,112
1,1,2,321112,12,50,0,NA,NA,0,950,112
1,1,2,642122,12,0,0,NA,NA,0,660,122
1,1,2,963122,12,5,0,NA,NA,1,0,122
1,1,2,1284122,12,35,-1,NA,NA,NA,1190,122
1,1,2,1605112,12,25,1,40,1,NA,570,112
1,1,2,1926122,12,15,1,5,1,NA,890,122
1,1,2,2247122,12,12,1,0,0,NA,840,122
1,1,2,2568112,12,5,-1,NA,NA,NA,270,112
1,1,2,2889112,12,40,0,NA,NA,1,0,112
1,1,2,3210112,12,40,1,50,0,NA,1050,112
1,1,2,321112,13,50,1,50,0,NA,1150,112
1,1,2,642122,13,0,-1,NA,NA,NA,590,122
1,1,2,963122,13,0,0,NA,NA,0,590,122
1,1,2,1284122,13,45,1,0,0,NA,1260,122
1,1,2,1605112,13,25,0,NA,NA,0,530,112
1,1,2,1926122,13,25,0,NA,NA,1,0,122
1,1,2,2247122,13,12,1,25,1,NA,770,122
1,1,2,2568112,13,4,-1,NA,NA,NA,210,112
1,1,2,2889112,13,50,0,NA,NA,0,900,112
1,1,2,3210112,13,40,1,25,0,NA,1000,112
1,1,2,321112,14,50,-1,NA,NA,NA,830,112
1,1,2,642122,14,0,1,50,0,NA,860,122
1,1,2,963122,14,0,1,12,1,NA,610,122
1,1,2,1284122,14,50,0,NA,NA,0,1360,122
1,1,2,1605112,14,40,1,40,0,NA,930,112
1,1,2,1926122,14,15,-1,NA,NA,NA,840,122
1,1,2,2247122,14,12,0,NA,NA,1,0,122
1,1,2,2568112,14,3,0,NA,NA,0,130,112
1,1,2,2889112,14,50,1,3,0,NA,1080,112
1,1,2,3210112,14,40,0,NA,NA,0,680,112
1,1,2,321112,15,50,1,0,0,NA,970,112
1,1,2,642122,15,0,-1,NA,NA,NA,640,122
1,1,2,963122,15,0,0,NA,NA,0,640,122
1,1,2,1284122,15,45,1,25,0,NA,1560,122
1,1,2,1605112,15,15,0,NA,NA,0,450,112
1,1,2,1926122,15,25,0,NA,NA,0,1010,122
1,1,2,2247122,15,2,1,0,0,NA,670,122
1,1,2,2568112,15,0,0,NA,NA,0,220,112
1,1,2,2889112,15,50,-1,NA,NA,NA,970,112
1,1,2,3210112,15,40,1,15,0,NA,1070,112
1,1,2,321112,16,50,0,NA,NA,0,860,112
1,1,2,642122,16,0,1,25,0,NA,870,122
1,1,2,963122,16,0,-1,NA,NA,NA,620,122
1,1,2,1284122,16,50,0,NA,NA,0,1370,122
1,1,2,1605112,16,38,0,NA,NA,0,680,112
1,1,2,1926122,16,25,0,NA,NA,0,990,122
1,1,2,2247122,16,1,1,50,0,NA,880,122
1,1,2,2568112,16,0,1,50,0,NA,360,112
1,1,2,2889112,16,50,-1,NA,NA,NA,860,112
1,1,2,3210112,16,40,1,38,0,NA,960,112
1,1,2,321112,17,50,-1,NA,NA,NA,850,112
1,1,2,642122,17,0,1,45,0,NA,920,122
1,1,2,963122,17,0,0,NA,NA,0,670,122
1,1,2,1284122,17,45,0,NA,NA,0,1350,122
1,1,2,1605112,17,40,1,40,0,NA,950,112
1,1,2,1926122,17,0,1,0,0,NA,670,122
1,1,2,2247122,17,20,-1,NA,NA,NA,970,122
1,1,2,2568112,17,0,0,NA,NA,0,100,112
1,1,2,2889112,17,50,1,0,0,NA,850,112
1,1,2,3210112,17,40,0,NA,NA,0,700,112
1,1,2,321112,18,50,-1,NA,NA,NA,550,112
1,1,2,642122,18,0,1,0,0,NA,610,122
1,1,2,963122,18,0,0,NA,NA,0,610,122
1,1,2,1284122,18,50,0,NA,NA,1,0,122
1,1,2,1605112,18,50,0,NA,NA,0,550,112
1,1,2,1926122,18,25,1,50,1,NA,980,122
1,1,2,2247122,18,3,-1,NA,NA,NA,650,122
1,1,2,2568112,18,50,1,50,0,NA,800,112
1,1,2,2889112,18,50,0,NA,NA,0,550,112
1,1,2,3210112,18,40,1,50,0,NA,650,112
1,1,2,321112,19,50,0,NA,NA,0,570,112
1,1,2,642122,19,0,1,25,0,NA,850,122
1,1,2,963122,19,0,-1,NA,NA,NA,600,122
1,1,2,1284122,19,40,0,NA,NA,1,0,122
1,1,2,1605112,19,45,1,50,0,NA,750,112
1,1,2,1926122,19,25,0,NA,NA,0,970,122
1,1,2,2247122,19,15,1,40,1,NA,820,122
1,1,2,2568112,19,50,1,40,0,NA,820,112
1,1,2,2889112,19,50,-1,NA,NA,NA,570,112
1,1,2,3210112,19,40,0,NA,NA,0,420,112
1,1,2,321112,20,50,1,40,0,NA,970,112
1,1,2,642122,20,0,0,NA,NA,0,730,122
1,1,2,963122,20,0,1,0,0,NA,730,122
1,1,2,1284122,20,10,0,NA,NA,1,0,122
1,1,2,1605112,20,15,-1,NA,NA,NA,200,112
1,1,2,1926122,20,25,-1,NA,NA,NA,1110,122
1,1,2,2247122,20,18,1,10,1,NA,1000,122
1,1,2,2568112,20,50,1,50,0,NA,970,112
1,1,2,2889112,20,50,0,NA,NA,0,720,112
1,1,2,3210112,20,40,0,NA,NA,0,570,112
2,1,1,321221,1,0,NA,NA,NA,NA,990,221
2,1,1,642211,1,0,NA,NA,NA,NA,1000,211
2,1,1,963221,1,0,NA,NA,NA,NA,990,221
2,1,1,1284221,1,2,NA,NA,NA,NA,1020,221
2,1,1,1605211,1,0,NA,NA,NA,NA,1000,211
2,1,1,1926211,1,0,NA,NA,NA,NA,1000,211
2,1,1,2247211,1,0,NA,NA,NA,NA,1000,211
2,1,1,2568221,1,0,NA,NA,NA,NA,990,221
2,1,1,2889211,1,0,NA,NA,NA,NA,1000,211
2,1,1,3210221,1,0,NA,NA,NA,NA,990,221
2,1,1,321221,2,0,NA,NA,NA,NA,990,221
2,1,1,642211,2,0,NA,NA,NA,NA,1000,211
2,1,1,963221,2,0,NA,NA,NA,NA,990,221
2,1,1,1284221,2,1,NA,NA,NA,NA,1000,221
2,1,1,1605211,2,0,NA,NA,NA,NA,1000,211
2,1,1,1926211,2,0,NA,NA,NA,NA,1000,211
2,1,1,2247211,2,0,NA,NA,NA,NA,1000,211
2,1,1,2568221,2,1,NA,NA,NA,NA,1000,221
2,1,1,2889211,2,0,NA,NA,NA,NA,1000,211
2,1,1,3210221,2,0,NA,NA,NA,NA,990,221
2,1,1,321221,3,0,NA,NA,NA,NA,980,221
2,1,1,642211,3,0,NA,NA,NA,NA,1000,211
2,1,1,963221,3,0,NA,NA,NA,NA,980,221
2,1,1,1284221,3,2,NA,NA,NA,NA,1010,221
2,1,1,1605211,3,0,NA,NA,NA,NA,1000,211
2,1,1,1926211,3,0,NA,NA,NA,NA,1000,211
2,1,1,2247211,3,0,NA,NA,NA,NA,1000,211
2,1,1,2568221,3,1,NA,NA,NA,NA,1000,221
2,1,1,2889211,3,0,NA,NA,NA,NA,1000,211
2,1,1,3210221,3,0,NA,NA,NA,NA,980,221
2,1,1,321221,4,0,NA,NA,NA,NA,990,221
2,1,1,642211,4,0,NA,NA,NA,NA,1000,211
2,1,1,963221,4,0,NA,NA,NA,NA,990,221
2,1,1,1284221,4,0,NA,NA,NA,NA,990,221
2,1,1,1605211,4,0,NA,NA,NA,NA,1000,211
2,1,1,1926211,4,0,NA,NA,NA,NA,1000,211
2,1,1,2247211,4,0,NA,NA,NA,NA,1000,211
2,1,1,2568221,4,1,NA,NA,NA,NA,1010,221
2,1,1,2889211,4,0,NA,NA,NA,NA,1000,211
2,1,1,3210221,4,0,NA,NA,NA,NA,990,221
2,1,1,321221,5,0,NA,NA,NA,NA,980,221
2,1,1,642211,5,0,NA,NA,NA,NA,1000,211
2,1,1,963221,5,0,NA,NA,NA,NA,980,221
2,1,1,1284221,5,2,NA,NA,NA,NA,1010,221
2,1,1,1605211,5,0,NA,NA,NA,NA,1000,211
2,1,1,1926211,5,0,NA,NA,NA,NA,1000,211
2,1,1,2247211,5,0,NA,NA,NA,NA,1000,211
2,1,1,2568221,5,1,NA,NA,NA,NA,1000,221
2,1,1,2889211,5,0,NA,NA,NA,NA,1000,211
2,1,1,3210221,5,0,NA,NA,NA,NA,980,221
2,1,1,321221,6,0,NA,NA,NA,NA,970,221
2,1,1,642211,6,0,NA,NA,NA,NA,1000,211
2,1,1,963221,6,0,NA,NA,NA,NA,970,221
2,1,1,1284221,6,5,NA,NA,NA,NA,1040,221
2,1,1,1605211,6,0,NA,NA,NA,NA,1000,211
2,1,1,1926211,6,0,NA,NA,NA,NA,1000,211
2,1,1,2247211,6,0,NA,NA,NA,NA,1000,211
2,1,1,2568221,6,1,NA,NA,NA,NA,980,221
2,1,1,2889211,6,0,NA,NA,NA,NA,1000,211
2,1,1,3210221,6,0,NA,NA,NA,NA,970,221
2,1,1,321221,7,0,NA,NA,NA,NA,980,221
2,1,1,642211,7,0,NA,NA,NA,NA,1000,211
2,1,1,963221,7,0,NA,NA,NA,NA,980,221
2,1,1,1284221,7,2,NA,NA,NA,NA,1010,221
2,1,1,1605211,7,0,NA,NA,NA,NA,1000,211
2,1,1,1926211,7,0,NA,NA,NA,NA,1000,211
2,1,1,2247211,7,0,NA,NA,NA,NA,1000,211
2,1,1,2568221,7,1,NA,NA,NA,NA,1000,221
2,1,1,2889211,7,0,NA,NA,NA,NA,1000,211
2,1,1,3210221,7,0,NA,NA,NA,NA,980,221
2,1,1,321221,8,0,NA,NA,NA,NA,970,221
2,1,1,642211,8,0,NA,NA,NA,NA,1000,211
2,1,1,963221,8,0,NA,NA,NA,NA,970,221
2,1,1,1284221,8,4,NA,NA,NA,NA,1030,221
2,1,1,1605211,8,0,NA,NA,NA,NA,1000,211
2,1,1,1926211,8,0,NA,NA,NA,NA,1000,211
2,1,1,2247211,8,0,NA,NA,NA,NA,1000,211
2,1,1,2568221,8,1,NA,NA,NA,NA,990,221
2,1,1,2889211,8,0,NA,NA,NA,NA,1000,211
2,1,1,3210221,8,0,NA,NA,NA,NA,970,221
2,1,1,321221,9,0,NA,NA,NA,NA,980,221
2,1,1,642211,9,0,NA,NA,NA,NA,1000,211
2,1,1,963221,9,0,NA,NA,NA,NA,980,221
2,1,1,1284221,9,3,NA,NA,NA,NA,1020,221
2,1,1,1605211,9,0,NA,NA,NA,NA,1000,211
2,1,1,1926211,9,0,NA,NA,NA,NA,1000,211
2,1,1,2247211,9,0,NA,NA,NA,NA,1000,211
2,1,1,2568221,9,1,NA,NA,NA,NA,990,221
2,1,1,2889211,9,0,NA,NA,NA,NA,1000,211
2,1,1,3210221,9,0,NA,NA,NA,NA,980,221
2,1,1,321221,10,0,NA,NA,NA,NA,970,221
2,1,1,642211,10,0,NA,NA,NA,NA,1000,211
2,1,1,963221,10,0,NA,NA,NA,NA,970,221
2,1,1,1284221,10,4,NA,NA,NA,NA,1030,221
2,1,1,1605211,10,0,NA,NA,NA,NA,1000,211
2,1,1,1926211,10,0,NA,NA,NA,NA,1000,211
2,1,1,2247211,10,0,NA,NA,NA,NA,1000,211
2,1,1,2568221,10,1,NA,NA,NA,NA,990,221
2,1,1,2889211,10,0,NA,NA,NA,NA,1000,211
2,1,1,3210221,10,0,NA,NA,NA,NA,970,221
2,1,1,321221,11,0,1,0,0,NA,1000,221
2,1,1,642211,11,0,0,NA,NA,0,1000,211
2,1,1,963221,11,0,0,NA,NA,0,1000,221
2,1,1,1284221,11,0,0,NA,NA,0,1000,221
2,1,1,1605211,11,0,-1,NA,NA,NA,1000,211
2,1,1,1926211,11,0,1,0,0,NA,1000,211
2,1,1,2247211,11,0,1,0,0,NA,1000,211
2,1,1,2568221,11,0,-1,NA,NA,NA,1000,221
2,1,1,2889211,11,0,0,NA,NA,0,1000,211
2,1,1,3210221,11,0,1,0,0,NA,1000,221
2,1,1,321221,12,0,1,40,1,NA,790,221
2,1,1,642211,12,0,1,0,0,NA,1000,211
2,1,1,963221,12,0,1,1,1,NA,790,221
2,1,1,1284221,12,40,0,NA,NA,1,0,221
2,1,1,1605211,12,0,-1,NA,NA,NA,1000,211
2,1,1,1926211,12,0,0,NA,NA,0,1000,211
2,1,1,2247211,12,0,0,NA,NA,0,1000,211
2,1,1,2568221,12,1,0,NA,NA,1,0,221
2,1,1,2889211,12,0,1,0,0,NA,1000,211
2,1,1,3210221,12,0,-1,NA,NA,NA,790,221
2,1,1,321221,13,0,-1,NA,NA,NA,740,221
2,1,1,642211,13,0,-1,NA,NA,NA,1000,211
2,1,1,963221,13,0,0,NA,NA,0,740,221
2,1,1,1284221,13,50,1,0,0,NA,1490,221
2,1,1,1605211,13,0,1,0,0,NA,1000,211
2,1,1,1926211,13,0,0,NA,NA,0,1000,211
2,1,1,2247211,13,0,0,NA,NA,0,1000,211
2,1,1,2568221,13,1,0,NA,NA,1,0,221
2,1,1,2889211,13,0,1,0,0,NA,1000,211
2,1,1,3210221,13,0,1,1,1,NA,740,221
2,1,1,321221,14,0,-1,NA,NA,NA,990,221
2,1,1,642211,14,0,0,NA,NA,0,1000,211
2,1,1,963221,14,0,1,1,1,NA,990,221
2,1,1,1284221,14,0,1,0,0,NA,990,221
2,1,1,1605211,14,0,1,0,0,NA,1000,211
2,1,1,1926211,14,0,-1,NA,NA,NA,1000,211
2,1,1,2247211,14,0,1,0,0,NA,1000,211
2,1,1,2568221,14,1,0,NA,NA,1,0,221
2,1,1,2889211,14,0,0,NA,NA,0,1000,211
2,1,1,3210221,14,0,0,NA,NA,0,990,221
2,1,1,321221,15,0,1,1,1,NA,740,221
2,1,1,642211,15,0,0,NA,NA,0,1000,211
2,1,1,963221,15,0,1,50,1,NA,740,221
2,1,1,1284221,15,50,0,NA,NA,1,0,221
2,1,1,1605211,15,0,-1,NA,NA,NA,1000,211
2,1,1,1926211,15,0,0,NA,NA,0,1000,211
2,1,1,2247211,15,0,1,0,0,NA,1000,211
2,1,1,2568221,15,1,0,NA,NA,1,0,221
2,1,1,2889211,15,0,1,0,0,NA,1000,211
2,1,1,3210221,15,0,-1,NA,NA,NA,740,221
2,1,1,321221,16,0,1,0,0,NA,990,221
2,1,1,642211,16,0,1,0,0,NA,1000,211
2,1,1,963221,16,0,0,NA,NA,0,990,221
2,1,1,1284221,16,0,1,0,0,NA,990,221
2,1,1,1605211,16,0,-1,NA,NA,NA,1000,211
2,1,1,1926211,16,0,0,NA,NA,0,1000,211
2,1,1,2247211,16,0,0,NA,NA,0,1000,211
2,1,1,2568221,16,1,-1,NA,NA,NA,1010,221
2,1,1,2889211,16,0,1,0,0,NA,1000,211
2,1,1,3210221,16,0,0,NA,NA,0,990,221
2,1,1,321221,17,0,-1,NA,NA,NA,990,221
2,1,1,642211,17,0,0,NA,NA,0,1000,211
2,1,1,963221,17,0,0,NA,NA,0,990,221
2,1,1,1284221,17,0,1,0,0,NA,990,221
2,1,1,1605211,17,0,0,NA,NA,0,1000,211
2,1,1,1926211,17,0,1,0,0,NA,1000,211
2,1,1,2247211,17,0,1,0,0,NA,1000,211
2,1,1,2568221,17,1,1,0,0,NA,1010,221
2,1,1,2889211,17,0,-1,NA,NA,NA,1000,211
2,1,1,3210221,17,0,0,NA,NA,0,990,221
2,1,1,321221,18,0,1,0,0,NA,940,221
2,1,1,642211,18,0,1,0,0,NA,1000,211
2,1,1,963221,18,0,1,12,1,NA,940,221
2,1,1,1284221,18,0,0,NA,NA,0,940,221
2,1,1,1605211,18,0,-1,NA,NA,NA,1000,211
2,1,1,1926211,18,0,0,NA,NA,0,1000,211
2,1,1,2247211,18,0,1,0,0,NA,1000,211
2,1,1,2568221,18,12,0,NA,NA,1,0,221
2,1,1,2889211,18,0,0,NA,NA,0,1000,211
2,1,1,3210221,18,0,-1,NA,NA,NA,940,221
2,1,1,321221,19,0,0,NA,NA,0,750,221
2,1,1,642211,19,0,1,0,0,NA,1000,211
2,1,1,963221,19,0,-1,NA,NA,NA,750,221
2,1,1,1284221,19,50,0,NA,NA,0,1500,221
2,1,1,1605211,19,0,1,0,0,NA,1000,211
2,1,1,1926211,19,0,0,NA,NA,0,1000,211
2,1,1,2247211,19,0,0,NA,NA,0,1000,211
2,1,1,2568221,19,0,1,0,0,NA,750,221
2,1,1,2889211,19,0,-1,NA,NA,NA,1000,211
2,1,1,3210221,19,0,1,50,0,NA,1000,221
2,1,1,321221,20,0,-1,NA,NA,NA,990,221
2,1,1,642211,20,0,-1,NA,NA,NA,1000,211
2,1,1,963221,20,0,1,0,0,NA,990,221
2,1,1,1284221,20,0,1,1,0,NA,1240,221
2,1,1,1605211,20,0,0,NA,NA,0,1000,211
2,1,1,1926211,20,0,0,NA,NA,0,1000,211
2,1,1,2247211,20,0,1,0,0,NA,1000,211
2,1,1,2568221,20,1,0,NA,NA,0,1010,221
2,1,1,2889211,20,0,1,0,0,NA,1000,211
2,1,1,3210221,20,0,0,NA,NA,0,990,221
2,1,2,321212,1,20,NA,NA,NA,NA,620,212
2,1,2,642212,1,20,NA,NA,NA,NA,620,212
2,1,2,963222,1,50,NA,NA,NA,NA,1220,222
2,1,2,1284212,1,50,NA,NA,NA,NA,1070,212
2,1,2,1605222,1,0,NA,NA,NA,NA,470,222
2,1,2,1926222,1,5,NA,NA,NA,NA,550,222
2,1,2,2247212,1,45,NA,NA,NA,NA,1000,212
2,1,2,2568222,1,50,NA,NA,NA,NA,1220,222
2,1,2,2889222,1,0,NA,NA,NA,NA,470,222
2,1,2,3210212,1,0,NA,NA,NA,NA,320,212
2,1,2,321212,2,0,NA,NA,NA,NA,260,212
2,1,2,642212,2,15,NA,NA,NA,NA,490,212
2,1,2,963222,2,50,NA,NA,NA,NA,1250,222
2,1,2,1284212,2,50,NA,NA,NA,NA,1010,212
2,1,2,1605222,2,0,NA,NA,NA,NA,500,222
2,1,2,1926222,2,10,NA,NA,NA,NA,650,222
2,1,2,2247212,2,42,NA,NA,NA,NA,890,212
2,1,2,2568222,2,40,NA,NA,NA,NA,1100,222
2,1,2,2889222,2,0,NA,NA,NA,NA,500,222
2,1,2,3210212,2,40,NA,NA,NA,NA,860,212
2,1,2,321212,3,20,NA,NA,NA,NA,610,212
2,1,2,642212,3,20,NA,NA,NA,NA,610,212
2,1,2,963222,3,50,NA,NA,NA,NA,1350,222
2,1,2,1284212,3,50,NA,NA,NA,NA,1060,212
2,1,2,1605222,3,0,NA,NA,NA,NA,600,222
2,1,2,1926222,3,0,NA,NA,NA,NA,600,222
2,1,2,2247212,3,48,NA,NA,NA,NA,1030,212
2,1,2,2568222,3,30,NA,NA,NA,NA,1050,222
2,1,2,2889222,3,0,NA,NA,NA,NA,600,222
2,1,2,3210212,3,0,NA,NA,NA,NA,310,212
2,1,2,321212,4,5,NA,NA,NA,NA,400,212
2,1,2,642212,4,25,NA,NA,NA,NA,700,212
2,1,2,963222,4,50,NA,NA,NA,NA,1400,222
2,1,2,1284212,4,50,NA,NA,NA,NA,1070,212
2,1,2,1605222,4,0,NA,NA,NA,NA,650,222
2,1,2,1926222,4,0,NA,NA,NA,NA,650,222
2,1,2,2247212,4,45,NA,NA,NA,NA,1000,212
2,1,2,2568222,4,20,NA,NA,NA,NA,950,222
2,1,2,2889222,4,0,NA,NA,NA,NA,650,222
2,1,2,3210212,4,10,NA,NA,NA,NA,470,212
2,1,2,321212,5,50,NA,NA,NA,NA,880,212
2,1,2,642212,5,40,NA,NA,NA,NA,730,212
2,1,2,963222,5,50,NA,NA,NA,NA,1170,222
2,1,2,1284212,5,50,NA,NA,NA,NA,880,212
2,1,2,1605222,5,0,NA,NA,NA,NA,420,222
2,1,2,1926222,5,15,NA,NA,NA,NA,650,222
2,1,2,2247212,5,23,NA,NA,NA,NA,480,212
2,1,2,2568222,5,50,NA,NA,NA,NA,1170,222
2,1,2,2889222,5,0,NA,NA,NA,NA,420,222
2,1,2,3210212,5,10,NA,NA,NA,NA,280,212
2,1,2,321212,6,0,NA,NA,NA,NA,620,212
2,1,2,642212,6,10,NA,NA,NA,NA,770,212
2,1,2,963222,6,40,NA,NA,NA,NA,920,222
2,1,2,1284212,6,30,NA,NA,NA,NA,1070,212
2,1,2,1605222,6,0,NA,NA,NA,NA,320,222
2,1,2,1926222,6,50,NA,NA,NA,NA,1070,222
2,1,2,2247212,6,15,NA,NA,NA,NA,850,212
2,1,2,2568222,6,45,NA,NA,NA,NA,1000,222
2,1,2,2889222,6,0,NA,NA,NA,NA,320,222
2,1,2,3210212,6,20,NA,NA,NA,NA,920,212
2,1,2,321212,7,15,NA,NA,NA,NA,930,212
2,1,2,642212,7,15,NA,NA,NA,NA,930,212
2,1,2,963222,7,40,NA,NA,NA,NA,1150,222
2,1,2,1284212,7,20,NA,NA,NA,NA,1000,212
2,1,2,1605222,7,0,NA,NA,NA,NA,550,222
2,1,2,1926222,7,0,NA,NA,NA,NA,550,222
2,1,2,2247212,7,9,NA,NA,NA,NA,840,212
2,1,2,2568222,7,50,NA,NA,NA,NA,1300,222
2,1,2,2889222,7,0,NA,NA,NA,NA,550,222
2,1,2,3210212,7,0,NA,NA,NA,NA,700,212
2,1,2,321212,8,50,NA,NA,NA,NA,1370,212
2,1,2,642212,8,10,NA,NA,NA,NA,770,212
2,1,2,963222,8,40,NA,NA,NA,NA,1120,222
2,1,2,1284212,8,10,NA,NA,NA,NA,770,212
2,1,2,1605222,8,0,NA,NA,NA,NA,520,222
2,1,2,1926222,8,15,NA,NA,NA,NA,750,222
2,1,2,2247212,8,6,NA,NA,NA,NA,710,212
2,1,2,2568222,8,40,NA,NA,NA,NA,1120,222
2,1,2,2889222,8,0,NA,NA,NA,NA,520,222
2,1,2,3210212,8,0,NA,NA,NA,NA,620,212
2,1,2,321212,9,0,NA,NA,NA,NA,850,212
2,1,2,642212,9,15,NA,NA,NA,NA,1080,212
2,1,2,963222,9,40,NA,NA,NA,NA,1200,222
2,1,2,1284212,9,10,NA,NA,NA,NA,1000,212
2,1,2,1605222,9,0,NA,NA,NA,NA,600,222
2,1,2,1926222,9,0,NA,NA,NA,NA,600,222
2,1,2,2247212,9,4,NA,NA,NA,NA,910,212
2,1,2,2568222,9,40,NA,NA,NA,NA,1200,222
2,1,2,2889222,9,0,NA,NA,NA,NA,600,222
2,1,2,3210212,9,0,NA,NA,NA,NA,850,212
2,1,2,321212,10,0,NA,NA,NA,NA,790,212
2,1,2,642212,10,10,NA,NA,NA,NA,940,212
2,1,2,963222,10,50,NA,NA,NA,NA,1220,222
2,1,2,1284212,10,30,NA,NA,NA,NA,1240,212
2,1,2,1605222,10,0,NA,NA,NA,NA,470,222
2,1,2,1926222,10,10,NA,NA,NA,NA,620,222
2,1,2,2247212,10,2,NA,NA,NA,NA,820,212
2,1,2,2568222,10,45,NA,NA,NA,NA,1150,222
2,1,2,2889222,10,0,NA,NA,NA,NA,470,222
2,1,2,3210212,10,0,NA,NA,NA,NA,790,212
2,1,2,321212,11,15,0,NA,NA,0,1040,212
2,1,2,642212,11,10,1,1,0,NA,1220,212
2,1,2,963222,11,30,0,NA,NA,1,0,222
2,1,2,1284212,11,10,-1,NA,NA,NA,970,212
2,1,2,1605222,11,0,1,0,0,NA,750,222
2,1,2,1926222,11,0,0,NA,NA,0,750,222
2,1,2,2247212,11,1,0,NA,NA,0,830,212
2,1,2,2568222,11,20,1,30,1,NA,1050,222
2,1,2,2889222,11,0,-1,NA,NA,NA,750,222
2,1,2,3210212,11,0,1,15,0,NA,1070,212
2,1,2,321212,12,10,-1,NA,NA,NA,950,212
2,1,2,642212,12,10,0,NA,NA,0,950,212
2,1,2,963222,12,30,1,0,0,NA,1100,222
2,1,2,1284212,12,15,0,NA,NA,0,1020,212
2,1,2,1605222,12,0,-1,NA,NA,NA,650,222
2,1,2,1926222,12,0,0,NA,NA,0,650,222
2,1,2,2247212,12,5,1,10,0,NA,1120,212
2,1,2,2568222,12,40,1,0,0,NA,1250,222
2,1,2,2889222,12,0,0,NA,NA,0,650,222
2,1,2,3210212,12,0,1,15,0,NA,1050,212
2,1,2,321212,13,10,-1,NA,NA,NA,970,212
2,1,2,642212,13,15,0,NA,NA,1,0,212
2,1,2,963222,13,25,0,NA,NA,0,1100,222
2,1,2,1284212,13,10,0,NA,NA,0,970,212
2,1,2,1605222,13,0,1,25,0,NA,970,222
2,1,2,1926222,13,0,-1,NA,NA,NA,720,222
2,1,2,2247212,13,1,1,15,1,NA,830,212
2,1,2,2568222,13,30,0,NA,NA,0,1170,222
2,1,2,2889222,13,0,1,30,0,NA,970,222
2,1,2,3210212,13,0,1,10,0,NA,1070,212
2,1,2,321212,14,0,1,20,1,NA,870,212
2,1,2,642212,14,5,0,NA,NA,0,940,212
2,1,2,963222,14,30,-1,NA,NA,NA,1050,222
2,1,2,1284212,14,20,0,NA,NA,1,0,212
2,1,2,1605222,14,0,0,NA,NA,0,600,222
2,1,2,1926222,14,0,1,50,1,NA,600,222
2,1,2,2247212,14,1,-1,NA,NA,NA,880,212
2,1,2,2568222,14,50,0,NA,NA,1,0,222
2,1,2,2889222,14,0,1,0,0,NA,600,222
2,1,2,3210212,14,0,1,5,0,NA,1120,212
2,1,2,321212,15,15,0,NA,NA,1,0,212
2,1,2,642212,15,5,1,0,0,NA,720,212
2,1,2,963222,15,25,1,0,0,NA,1050,222
2,1,2,1284212,15,50,-1,NA,NA,NA,1390,212
2,1,2,1605222,15,0,0,NA,NA,0,670,222
2,1,2,1926222,15,0,-1,NA,NA,NA,670,222
2,1,2,2247212,15,1,1,15,1,NA,660,212
2,1,2,2568222,15,40,0,NA,NA,0,1270,222
2,1,2,2889222,15,0,1,40,0,NA,920,222
2,1,2,3210212,15,0,0,NA,NA,0,640,212
2,1,2,321212,16,5,0,NA,NA,0,1000,212
2,1,2,642212,16,8,1,5,0,NA,1300,212
2,1,2,963222,16,30,0,NA,NA,0,1100,222
2,1,2,1284212,16,0,1,1,0,NA,1180,212
2,1,2,1605222,16,0,1,30,0,NA,900,222
2,1,2,1926222,16,0,-1,NA,NA,NA,650,222
2,1,2,2247212,16,1,0,NA,NA,0,940,212
2,1,2,2568222,16,40,1,0,0,NA,1250,222
2,1,2,2889222,16,0,0,NA,NA,0,650,222
2,1,2,3210212,16,0,-1,NA,NA,NA,930,212
2,1,2,321212,17,5,1,5,0,NA,1220,212
2,1,2,642212,17,5,0,NA,NA,0,970,212
2,1,2,963222,17,25,1,40,1,NA,800,222
2,1,2,1284212,17,10,0,NA,NA,1,0,212
2,1,2,1605222,17,0,-1,NA,NA,NA,420,222
2,1,2,1926222,17,50,0,NA,NA,1,0,222
2,1,2,2247212,17,1,1,10,1,NA,910,212
2,1,2,2568222,17,40,0,NA,NA,1,0,222
2,1,2,2889222,17,0,1,50,1,NA,420,222
2,1,2,3210212,17,0,-1,NA,NA,NA,890,212
2,1,2,321212,18,5,0,NA,NA,1,0,212
2,1,2,642212,18,4,0,NA,NA,0,760,212
2,1,2,963222,18,25,0,NA,NA,0,1000,222
2,1,2,1284212,18,50,1,5,1,NA,1450,212
2,1,2,1605222,18,0,-1,NA,NA,NA,620,222
2,1,2,1926222,18,0,0,NA,NA,0,620,222
2,1,2,2247212,18,1,1,4,0,NA,960,212
2,1,2,2568222,18,50,1,0,0,NA,1370,222
2,1,2,2889222,18,0,1,25,0,NA,870,222
2,1,2,3210212,18,0,-1,NA,NA,NA,700,212
2,1,2,321212,19,5,-1,NA,NA,NA,970,212
2,1,2,642212,19,5,1,0,0,NA,970,212
2,1,2,963222,19,25,-1,NA,NA,NA,1050,222
2,1,2,1284212,19,10,0,NA,NA,1,0,212
2,1,2,1605222,19,0,0,NA,NA,0,670,222
2,1,2,1926222,19,0,1,0,0,NA,670,222
2,1,2,2247212,19,1,1,10,1,NA,910,212
2,1,2,2568222,19,40,1,0,0,NA,1270,222
2,1,2,2889222,19,0,0,NA,NA,0,670,222
2,1,2,3210212,19,0,0,NA,NA,0,890,212
2,1,2,321212,20,10,1,50,1,NA,820,212
2,1,2,642212,20,4,0,NA,NA,0,730,212
2,1,2,963222,20,30,0,NA,NA,0,1100,222
2,1,2,1284212,20,50,0,NA,NA,1,0,212
2,1,2,1605222,20,0,1,40,0,NA,900,222
2,1,2,1926222,20,0,-1,NA,NA,NA,650,222
2,1,2,2247212,20,1,-1,NA,NA,NA,690,212
2,1,2,2568222,20,40,0,NA,NA,0,1250,222
2,1,2,2889222,20,0,1,30,0,NA,900,222
2,1,2,3210212,20,0,1,4,0,NA,920,212
3,2,1,321311,1,30,NA,NA,NA,NA,540,311
3,2,1,642311,1,50,NA,NA,NA,NA,800,311
3,2,1,963321,1,40,NA,NA,NA,NA,650,321
3,2,1,1284311,1,15,NA,NA,NA,NA,320,311
3,2,1,1605321,1,50,NA,NA,NA,NA,800,321
3,2,1,1926311,1,0,NA,NA,NA,NA,50,311
3,2,1,2247311,1,50,NA,NA,NA,NA,840,311
3,2,1,2568321,1,36,NA,NA,NA,NA,630,321
3,2,1,2889321,1,50,NA,NA,NA,NA,800,321
3,2,1,3210321,1,50,NA,NA,NA,NA,840,321
3,2,1,321311,2,25,NA,NA,NA,NA,250,311
3,2,1,642311,2,50,NA,NA,NA,NA,620,311
3,2,1,963321,2,30,NA,NA,NA,NA,560,321
3,2,1,1284311,2,50,NA,NA,NA,NA,620,311
3,2,1,1605321,2,50,NA,NA,NA,NA,620,321
3,2,1,1926311,2,2,NA,NA,NA,NA,140,311
3,2,1,2247311,2,50,NA,NA,NA,NA,860,311
3,2,1,2568321,2,50,NA,NA,NA,NA,620,321
3,2,1,2889321,2,50,NA,NA,NA,NA,860,321
3,2,1,3210321,2,45,NA,NA,NA,NA,790,321
3,2,1,321311,3,45,NA,NA,NA,NA,540,311
3,2,1,642311,3,40,NA,NA,NA,NA,460,311
3,2,1,963321,3,30,NA,NA,NA,NA,550,321
3,2,1,1284311,3,50,NA,NA,NA,NA,610,311
3,2,1,1605321,3,50,NA,NA,NA,NA,610,321
3,2,1,1926311,3,0,NA,NA,NA,NA,100,311
3,2,1,2247311,3,50,NA,NA,NA,NA,850,311
3,2,1,2568321,3,42,NA,NA,NA,NA,490,321
3,2,1,2889321,3,50,NA,NA,NA,NA,850,321
3,2,1,3210321,3,50,NA,NA,NA,NA,850,321
3,2,1,321311,4,20,NA,NA,NA,NA,530,311
3,2,1,642311,4,40,NA,NA,NA,NA,500,311
3,2,1,963321,4,30,NA,NA,NA,NA,350,321
3,2,1,1284311,4,50,NA,NA,NA,NA,650,311
3,2,1,1605321,4,50,NA,NA,NA,NA,980,321
3,2,1,1926311,4,0,NA,NA,NA,NA,230,311
3,2,1,2247311,4,50,NA,NA,NA,NA,650,311
3,2,1,2568321,4,33,NA,NA,NA,NA,730,321
3,2,1,2889321,4,50,NA,NA,NA,NA,650,321
3,2,1,3210321,4,50,NA,NA,NA,NA,980,321
3,2,1,321311,5,50,NA,NA,NA,NA,870,311
3,2,1,642311,5,50,NA,NA,NA,NA,870,311
3,2,1,963321,5,20,NA,NA,NA,NA,420,321
3,2,1,1284311,5,45,NA,NA,NA,NA,470,311
3,2,1,1605321,5,50,NA,NA,NA,NA,550,321
3,2,1,1926311,5,10,NA,NA,NA,NA,270,311
3,2,1,2247311,5,45,NA,NA,NA,NA,800,311
3,2,1,2568321,5,45,NA,NA,NA,NA,470,321
3,2,1,2889321,5,50,NA,NA,NA,NA,550,321
3,2,1,3210321,5,50,NA,NA,NA,NA,550,321
3,2,1,321311,6,50,NA,NA,NA,NA,750,311
3,2,1,642311,6,50,NA,NA,NA,NA,750,311
3,2,1,963321,6,50,NA,NA,NA,NA,550,321
3,2,1,1284311,6,50,NA,NA,NA,NA,550,311
3,2,1,1605321,6,50,NA,NA,NA,NA,750,321
3,2,1,1926311,6,0,NA,NA,NA,NA,0,311
3,2,1,2247311,6,48,NA,NA,NA,NA,520,311
3,2,1,2568321,6,41,NA,NA,NA,NA,420,321
3,2,1,2889321,6,50,NA,NA,NA,NA,550,321
3,2,1,3210321,6,50,NA,NA,NA,NA,750,321
3,2,1,321311,7,45,NA,NA,NA,NA,450,311
3,2,1,642311,7,50,NA,NA,NA,NA,900,311
3,2,1,963321,7,20,NA,NA,NA,NA,450,321
3,2,1,1284311,7,50,NA,NA,NA,NA,520,311
3,2,1,1605321,7,50,NA,NA,NA,NA,520,321
3,2,1,1926311,7,0,NA,NA,NA,NA,150,311
3,2,1,2247311,7,50,NA,NA,NA,NA,520,311
3,2,1,2568321,7,50,NA,NA,NA,NA,900,321
3,2,1,2889321,7,50,NA,NA,NA,NA,520,321
3,2,1,3210321,7,50,NA,NA,NA,NA,900,321
3,2,1,321311,8,50,NA,NA,NA,NA,650,311
3,2,1,642311,8,50,NA,NA,NA,NA,750,311
3,2,1,963321,8,50,NA,NA,NA,NA,750,321
3,2,1,1284311,8,20,NA,NA,NA,NA,200,311
3,2,1,1605321,8,50,NA,NA,NA,NA,750,321
3,2,1,1926311,8,0,NA,NA,NA,NA,0,311
3,2,1,2247311,8,50,NA,NA,NA,NA,650,311
3,2,1,2568321,8,50,NA,NA,NA,NA,750,321
3,2,1,2889321,8,50,NA,NA,NA,NA,650,321
3,2,1,3210321,8,50,NA,NA,NA,NA,650,321
3,2,1,321311,9,45,NA,NA,NA,NA,550,311
3,2,1,642311,9,50,NA,NA,NA,NA,620,311
3,2,1,963321,9,30,NA,NA,NA,NA,320,321
3,2,1,1284311,9,50,NA,NA,NA,NA,620,311
3,2,1,1605321,9,50,NA,NA,NA,NA,700,321
3,2,1,1926311,9,10,NA,NA,NA,NA,100,311
3,2,1,2247311,9,50,NA,NA,NA,NA,700,311
3,2,1,2568321,9,50,NA,NA,NA,NA,700,321
3,2,1,2889321,9,50,NA,NA,NA,NA,620,321
3,2,1,3210321,9,50,NA,NA,NA,NA,700,321
3,2,1,321311,10,50,NA,NA,NA,NA,700,311
3,2,1,642311,10,50,NA,NA,NA,NA,660,311
3,2,1,963321,10,20,NA,NA,NA,NA,210,321
3,2,1,1284311,10,50,NA,NA,NA,NA,660,311
3,2,1,1605321,10,50,NA,NA,NA,NA,660,321
3,2,1,1926311,10,10,NA,NA,NA,NA,100,311
3,2,1,2247311,10,50,NA,NA,NA,NA,700,311
3,2,1,2568321,10,50,NA,NA,NA,NA,700,321
3,2,1,2889321,10,50,NA,NA,NA,NA,700,321
3,2,1,3210321,10,48,NA,NA,NA,NA,630,321
3,2,1,321311,11,25,1,50,1,NA,950,311
3,2,1,642311,11,50,1,50,0,NA,1120,311
3,2,1,963321,11,10,0,NA,NA,0,720,321
3,2,1,1284311,11,50,0,NA,NA,1,0,311
3,2,1,1605321,11,50,0,NA,NA,0,870,321
3,2,1,1926311,11,0,1,10,0,NA,820,311
3,2,1,2247311,11,50,0,NA,NA,0,870,311
3,2,1,2568321,11,25,1,50,0,NA,750,321
3,2,1,2889321,11,0,-1,NA,NA,NA,570,321
3,2,1,3210321,11,0,-1,NA,NA,NA,120,321
3,2,1,321311,12,20,1,0,0,NA,700,311
3,2,1,642311,12,50,1,0,0,NA,820,311
3,2,1,963321,12,0,0,NA,NA,0,70,321
3,2,1,1284311,12,50,-1,NA,NA,NA,1150,311
3,2,1,1605321,12,50,1,35,1,NA,820,321
3,2,1,1926311,12,0,1,50,0,NA,650,311
3,2,1,2247311,12,50,0,NA,NA,0,1150,311
3,2,1,2568321,12,35,0,NA,NA,1,0,321
3,2,1,2889321,12,0,0,NA,NA,0,400,321
3,2,1,3210321,12,50,-1,NA,NA,NA,820,321
3,2,1,321311,13,0,1,45,0,NA,760,311
3,2,1,642311,13,50,0,NA,NA,0,1260,311
3,2,1,963321,13,10,1,50,1,NA,350,321
3,2,1,1284311,13,50,0,NA,NA,1,0,311
3,2,1,1605321,13,0,0,NA,NA,0,200,321
3,2,1,1926311,13,2,1,50,0,NA,790,311
3,2,1,2247311,13,50,-1,NA,NA,NA,950,311
3,2,1,2568321,13,45,0,NA,NA,0,1190,321
3,2,1,2889321,13,0,-1,NA,NA,NA,510,321
3,2,1,3210321,13,50,1,0,0,NA,950,321
3,2,1,321311,14,25,0,NA,NA,0,750,311
3,2,1,642311,14,50,0,NA,NA,1,0,311
3,2,1,963321,14,12,1,50,1,NA,120,321
3,2,1,1284311,14,0,1,50,0,NA,620,311
3,2,1,1605321,14,50,0,NA,NA,0,690,321
3,2,1,1926311,14,8,-1,NA,NA,NA,490,311
3,2,1,2247311,14,50,-1,NA,NA,NA,690,311
3,2,1,2568321,14,42,1,25,0,NA,1250,321
3,2,1,2889321,14,50,0,NA,NA,0,1120,321
3,2,1,3210321,14,50,1,50,0,NA,940,321
3,2,1,321311,15,25,1,50,1,NA,500,311
3,2,1,642311,15,50,-1,NA,NA,NA,870,311
3,2,1,963321,15,11,1,50,1,NA,130,321
3,2,1,1284311,15,50,1,45,0,NA,970,311
3,2,1,1605321,15,50,-1,NA,NA,NA,720,321
3,2,1,1926311,15,0,1,50,0,NA,370,311
3,2,1,2247311,15,50,0,NA,NA,1,0,311
3,2,1,2568321,15,45,0,NA,NA,0,640,321
3,2,1,2889321,15,50,0,NA,NA,0,870,321
3,2,1,3210321,15,50,0,NA,NA,1,0,321
3,2,1,321311,16,25,0,NA,NA,1,0,311
3,2,1,642311,16,50,1,2,0,NA,1390,311
3,2,1,963321,16,20,1,50,1,NA,690,321
3,2,1,1284311,16,50,1,50,0,NA,870,311
3,2,1,1605321,16,50,1,25,1,NA,620,321
3,2,1,1926311,16,2,0,NA,NA,0,420,311
3,2,1,2247311,16,50,-1,NA,NA,NA,620,311
3,2,1,2568321,16,50,0,NA,NA,0,620,321
3,2,1,2889321,16,50,0,NA,NA,1,0,321
3,2,1,3210321,16,0,-1,NA,NA,NA,390,321
3,2,1,321311,17,40,1,50,1,NA,890,311
3,2,1,642311,17,50,1,50,0,NA,950,311
3,2,1,963321,17,10,-1,NA,NA,NA,100,321
3,2,1,1284311,17,50,0,NA,NA,1,0,311
3,2,1,1605321,17,50,1,50,1,NA,700,321
3,2,1,1926311,17,2,1,50,1,NA,320,311
3,2,1,2247311,17,50,0,NA,NA,1,0,311
3,2,1,2568321,17,50,0,NA,NA,1,0,321
3,2,1,2889321,17,50,0,NA,NA,0,700,321
3,2,1,3210321,17,0,-1,NA,NA,NA,290,321
3,2,1,321311,18,20,0,NA,NA,0,700,311
3,2,1,642311,18,50,0,NA,NA,0,950,311
3,2,1,963321,18,10,0,NA,NA,0,350,321
3,2,1,1284311,18,0,1,50,0,NA,650,311
3,2,1,1605321,18,50,0,NA,NA,0,1150,321
3,2,1,1926311,18,0,1,10,0,NA,450,311
3,2,1,2247311,18,50,1,50,0,NA,1200,311
3,2,1,2568321,18,50,-1,NA,NA,NA,950,321
3,2,1,2889321,18,50,1,20,0,NA,1400,321
3,2,1,3210321,18,0,-1,NA,NA,NA,400,321
3,2,1,321311,19,15,0,NA,NA,0,600,311
3,2,1,642311,19,50,0,NA,NA,0,1120,311
3,2,1,963321,19,10,-1,NA,NA,NA,520,321
3,2,1,1284311,19,0,1,50,0,NA,620,311
3,2,1,1605321,19,50,0,NA,NA,0,740,321
3,2,1,1926311,19,2,0,NA,NA,0,20,311
3,2,1,2247311,19,50,1,2,0,NA,990,311
3,2,1,2568321,19,50,1,50,0,NA,990,321
3,2,1,2889321,19,50,1,15,0,NA,1370,321
3,2,1,3210321,19,50,-1,NA,NA,NA,740,321
3,2,1,321311,20,25,1,10,1,NA,700,311
3,2,1,642311,20,50,1,50,0,NA,750,311
3,2,1,963321,20,10,0,NA,NA,1,0,321
3,2,1,1284311,20,50,0,NA,NA,0,1070,311
3,2,1,1605321,20,50,1,50,0,NA,1320,321
3,2,1,1926311,20,0,-1,NA,NA,NA,320,311
3,2,1,2247311,20,50,0,NA,NA,0,500,311
3,2,1,2568321,20,50,1,50,0,NA,750,321
3,2,1,2889321,20,50,-1,NA,NA,NA,500,321
3,2,1,3210321,20,50,0,NA,NA,0,500,321
3,2,2,321312,1,30,NA,NA,NA,NA,730,312
3,2,2,642312,1,20,NA,NA,NA,NA,370,312
3,2,2,963322,1,2,NA,NA,NA,NA,310,322
3,2,2,1284312,1,50,NA,NA,NA,NA,820,312
3,2,2,1605322,1,25,NA,NA,NA,NA,450,322
3,2,2,1926312,1,40,NA,NA,NA,NA,670,312
3,2,2,2247312,1,50,NA,NA,NA,NA,1030,312
3,2,2,2568322,1,50,NA,NA,NA,NA,820,322
3,2,2,2889322,1,48,NA,NA,NA,NA,1000,322
3,2,2,3210322,1,14,NA,NA,NA,NA,490,322
3,2,2,321312,2,15,NA,NA,NA,NA,170,312
3,2,2,642312,2,50,NA,NA,NA,NA,850,312
3,2,2,963322,2,6,NA,NA,NA,NA,190,322
3,2,2,1284312,2,50,NA,NA,NA,NA,700,312
3,2,2,1605322,2,25,NA,NA,NA,NA,480,322
3,2,2,1926312,2,50,NA,NA,NA,NA,700,312
3,2,2,2247312,2,45,NA,NA,NA,NA,620,312
3,2,2,2568322,2,50,NA,NA,NA,NA,700,322
3,2,2,2889322,2,48,NA,NA,NA,NA,820,322
3,2,2,3210322,2,50,NA,NA,NA,NA,850,322
3,2,2,321312,3,20,NA,NA,NA,NA,320,312
3,2,2,642312,3,50,NA,NA,NA,NA,810,312
3,2,2,963322,3,8,NA,NA,NA,NA,180,322
3,2,2,1284312,3,50,NA,NA,NA,NA,810,312
3,2,2,1605322,3,25,NA,NA,NA,NA,400,322
3,2,2,1926312,3,30,NA,NA,NA,NA,510,312
3,2,2,2247312,3,50,NA,NA,NA,NA,770,312
3,2,2,2568322,3,50,NA,NA,NA,NA,810,322
3,2,2,2889322,3,50,NA,NA,NA,NA,770,322
3,2,2,3210322,3,50,NA,NA,NA,NA,770,322
3,2,2,321312,4,0,NA,NA,NA,NA,90,312
3,2,2,642312,4,50,NA,NA,NA,NA,840,312
3,2,2,963322,4,0,NA,NA,NA,NA,50,322
3,2,2,1284312,4,40,NA,NA,NA,NA,690,312
3,2,2,1605322,4,50,NA,NA,NA,NA,800,322
3,2,2,1926312,4,50,NA,NA,NA,NA,840,312
3,2,2,2247312,4,45,NA,NA,NA,NA,720,312
3,2,2,2568322,4,50,NA,NA,NA,NA,800,322
3,2,2,2889322,4,41,NA,NA,NA,NA,710,322
3,2,2,3210322,4,45,NA,NA,NA,NA,720,322
3,2,2,321312,5,20,NA,NA,NA,NA,510,312
3,2,2,642312,5,50,NA,NA,NA,NA,960,312
3,2,2,963322,5,8,NA,NA,NA,NA,330,322
3,2,2,1284312,5,30,NA,NA,NA,NA,660,312
3,2,2,1605322,5,25,NA,NA,NA,NA,290,322
3,2,2,1926312,5,50,NA,NA,NA,NA,670,312
3,2,2,2247312,5,50,NA,NA,NA,NA,670,312
3,2,2,2568322,5,50,NA,NA,NA,NA,960,322
3,2,2,2889322,5,46,NA,NA,NA,NA,610,322
3,2,2,3210322,5,45,NA,NA,NA,NA,590,322
3,2,2,321312,6,20,NA,NA,NA,NA,570,312
3,2,2,642312,6,40,NA,NA,NA,NA,470,312
3,2,2,963322,6,0,NA,NA,NA,NA,270,322
3,2,2,1284312,6,40,NA,NA,NA,NA,470,312
3,2,2,1605322,6,25,NA,NA,NA,NA,650,322
3,2,2,1926312,6,50,NA,NA,NA,NA,1020,312
3,2,2,2247312,6,50,NA,NA,NA,NA,620,312
3,2,2,2568322,6,50,NA,NA,NA,NA,620,322
3,2,2,2889322,6,50,NA,NA,NA,NA,1020,322
3,2,2,3210322,6,45,NA,NA,NA,NA,550,322
3,2,2,321312,7,30,NA,NA,NA,NA,730,312
3,2,2,642312,7,50,NA,NA,NA,NA,570,312
3,2,2,963322,7,9,NA,NA,NA,NA,410,322
3,2,2,1284312,7,10,NA,NA,NA,NA,430,312
3,2,2,1605322,7,35,NA,NA,NA,NA,350,322
3,2,2,1926312,7,50,NA,NA,NA,NA,570,312
3,2,2,2247312,7,50,NA,NA,NA,NA,570,312
3,2,2,2568322,7,50,NA,NA,NA,NA,1030,322
3,2,2,2889322,7,50,NA,NA,NA,NA,570,322
3,2,2,3210322,7,45,NA,NA,NA,NA,950,322
3,2,2,321312,8,40,NA,NA,NA,NA,620,312
3,2,2,642312,8,50,NA,NA,NA,NA,770,312
3,2,2,963322,8,0,NA,NA,NA,NA,20,322
3,2,2,1284312,8,30,NA,NA,NA,NA,470,312
3,2,2,1605322,8,35,NA,NA,NA,NA,550,322
3,2,2,1926312,8,40,NA,NA,NA,NA,620,312
3,2,2,2247312,8,50,NA,NA,NA,NA,770,312
3,2,2,2568322,8,50,NA,NA,NA,NA,770,322
3,2,2,2889322,8,50,NA,NA,NA,NA,770,322
3,2,2,3210322,8,45,NA,NA,NA,NA,700,322
3,2,2,321312,9,30,NA,NA,NA,NA,420,312
3,2,2,642312,9,50,NA,NA,NA,NA,720,312
3,2,2,963322,9,0,NA,NA,NA,NA,180,322
3,2,2,1284312,9,20,NA,NA,NA,NA,480,312
3,2,2,1605322,9,25,NA,NA,NA,NA,350,322
3,2,2,1926312,9,50,NA,NA,NA,NA,720,312
3,2,2,2247312,9,50,NA,NA,NA,NA,930,312
3,2,2,2568322,9,50,NA,NA,NA,NA,720,322
3,2,2,2889322,9,48,NA,NA,NA,NA,900,322
3,2,2,3210322,9,45,NA,NA,NA,NA,860,322
3,2,2,321312,10,35,NA,NA,NA,NA,400,312
3,2,2,642312,10,50,NA,NA,NA,NA,620,312
3,2,2,963322,10,5,NA,NA,NA,NA,150,322
3,2,2,1284312,10,40,NA,NA,NA,NA,470,312
3,2,2,1605322,10,35,NA,NA,NA,NA,600,322
3,2,2,1926312,10,50,NA,NA,NA,NA,820,312
3,2,2,2247312,10,50,NA,NA,NA,NA,620,312
3,2,2,2568322,10,50,NA,NA,NA,NA,620,322
3,2,2,2889322,10,50,NA,NA,NA,NA,820,322
3,2,2,3210322,10,45,NA,NA,NA,NA,750,322
3,2,2,321312,11,30,-1,NA,NA,NA,370,312
3,2,2,642312,11,30,1,16,1,NA,840,312
3,2,2,963322,11,0,-1,NA,NA,NA,390,322
3,2,2,1284312,11,40,0,NA,NA,0,520,312
3,2,2,1605322,11,25,1,50,1,NA,770,322
3,2,2,1926312,11,50,0,NA,NA,1,0,312
3,2,2,2247312,11,50,1,40,0,NA,920,312
3,2,2,2568322,11,50,0,NA,NA,0,670,322
3,2,2,2889322,11,16,0,NA,NA,1,0,322
3,2,2,3210322,11,45,1,50,0,NA,850,322
3,2,2,321312,12,15,-1,NA,NA,NA,460,312
3,2,2,642312,12,50,1,50,1,NA,860,312
3,2,2,963322,12,2,0,NA,NA,0,140,322
3,2,2,1284312,12,40,1,50,1,NA,830,312
3,2,2,1605322,12,25,1,2,0,NA,740,322
3,2,2,1926312,12,50,0,NA,NA,1,0,312
3,2,2,2247312,12,50,-1,NA,NA,NA,860,312
3,2,2,2568322,12,50,0,NA,NA,1,0,322
3,2,2,2889322,12,3,1,45,1,NA,280,322
3,2,2,3210322,12,45,0,NA,NA,1,0,322
3,2,2,321312,13,10,1,50,0,NA,530,312
3,2,2,642312,13,50,0,NA,NA,1,0,312
3,2,2,963322,13,0,-1,NA,NA,NA,120,322
3,2,2,1284312,13,50,-1,NA,NA,NA,880,312
3,2,2,1605322,13,35,1,50,1,NA,650,322
3,2,2,1926312,13,50,1,14,0,NA,1130,312
3,2,2,2247312,13,50,0,NA,NA,0,880,312
3,2,2,2568322,13,50,0,NA,NA,1,0,322
3,2,2,2889322,13,40,1,50,1,NA,720,322
3,2,2,3210322,13,14,0,NA,NA,0,340,322
3,2,2,321312,14,15,1,50,0,NA,930,312
3,2,2,642312,14,0,-1,NA,NA,NA,450,312
3,2,2,963322,14,0,-1,NA,NA,NA,300,322
3,2,2,1284312,14,30,1,14,1,NA,900,312
3,2,2,1605322,14,25,0,NA,NA,1,0,322
3,2,2,1926312,14,50,1,25,1,NA,1050,312
3,2,2,2247312,14,50,1,14,0,NA,1300,312
3,2,2,2568322,14,50,0,NA,NA,0,1200,322
3,2,2,2889322,14,14,0,NA,NA,1,0,322
3,2,2,3210322,14,14,0,NA,NA,0,510,322
3,2,2,321312,15,15,1,50,0,NA,810,312
3,2,2,642312,15,50,0,NA,NA,0,1080,312
3,2,2,963322,15,3,1,50,0,NA,320,322
3,2,2,1284312,15,40,1,14,1,NA,930,312
3,2,2,1605322,15,42,0,NA,NA,1,0,322
3,2,2,1926312,15,50,1,42,1,NA,770,312
3,2,2,2247312,15,50,0,NA,NA,0,770,312
3,2,2,2568322,15,50,-1,NA,NA,NA,770,322
3,2,2,2889322,15,14,0,NA,NA,1,0,322
3,2,2,3210322,15,14,-1,NA,NA,NA,540,322
3,2,2,321312,16,15,1,50,0,NA,650,312
3,2,2,642312,16,50,0,NA,NA,0,920,312
3,2,2,963322,16,0,1,50,0,NA,420,322
3,2,2,1284312,16,20,0,NA,NA,1,0,312
3,2,2,1605322,16,25,1,50,1,NA,800,322
3,2,2,1926312,16,50,0,NA,NA,0,920,312
3,2,2,2247312,16,50,-1,NA,NA,NA,920,312
3,2,2,2568322,16,50,0,NA,NA,1,0,322
3,2,2,2889322,16,6,1,20,1,NA,510,322
3,2,2,3210322,16,14,-1,NA,NA,NA,630,322
3,2,2,321312,17,35,1,50,0,NA,890,312
3,2,2,642312,17,50,0,NA,NA,0,870,312
3,2,2,963322,17,8,0,NA,NA,0,310,322
3,2,2,1284312,17,40,1,8,0,NA,1040,312
3,2,2,1605322,17,35,0,NA,NA,0,640,322
3,2,2,1926312,17,50,0,NA,NA,0,940,312
3,2,2,2247312,17,50,1,50,0,NA,1190,312
3,2,2,2568322,17,50,1,35,0,NA,1120,322
3,2,2,2889322,17,6,-1,NA,NA,NA,210,322
3,2,2,3210322,17,14,-1,NA,NA,NA,400,322
3,2,2,321312,18,35,0,NA,NA,0,450,312
3,2,2,642312,18,50,1,9,1,NA,950,312
3,2,2,963322,18,0,-1,NA,NA,NA,200,322
3,2,2,1284312,18,50,-1,NA,NA,NA,670,312
3,2,2,1605322,18,35,1,35,0,NA,700,322
3,2,2,1926312,18,50,1,50,1,NA,950,312
3,2,2,2247312,18,50,0,NA,NA,0,670,312
3,2,2,2568322,18,50,0,NA,NA,1,0,322
3,2,2,2889322,18,9,0,NA,NA,1,0,322
3,2,2,3210322,18,45,1,50,0,NA,850,322
3,2,2,321312,19,35,1,50,0,NA,770,312
3,2,2,642312,19,50,0,NA,NA,0,750,312
3,2,2,963322,19,0,1,45,0,NA,500,322
3,2,2,1284312,19,30,-1,NA,NA,NA,450,312
3,2,2,1605322,19,35,1,50,0,NA,770,322
3,2,2,1926312,19,50,0,NA,NA,0,1000,312
3,2,2,2247312,19,50,0,NA,NA,0,750,312
3,2,2,2568322,19,50,1,50,0,NA,1250,322
3,2,2,2889322,19,5,-1,NA,NA,NA,320,322
3,2,2,3210322,19,45,0,NA,NA,0,920,322
3,2,2,321312,20,35,1,50,0,NA,770,312
3,2,2,642312,20,50,-1,NA,NA,NA,980,312
3,2,2,963322,20,2,1,6,0,NA,510,322
3,2,2,1284312,20,30,0,NA,NA,0,450,312
3,2,2,1605322,20,35,1,30,0,NA,770,322
3,2,2,1926312,20,50,-1,NA,NA,NA,750,312
3,2,2,2247312,20,50,0,NA,NA,0,750,312
3,2,2,2568322,20,50,1,45,0,NA,1230,322
3,2,2,2889322,20,6,0,NA,NA,0,320,322
3,2,2,3210322,20,45,0,NA,NA,0,910,322
4,2,1,321421,1,0,NA,NA,NA,NA,650,421
4,2,1,642411,1,0,NA,NA,NA,NA,690,411
4,2,1,963411,1,2,NA,NA,NA,NA,720,411
4,2,1,1284411,1,0,NA,NA,NA,NA,690,411
4,2,1,1605411,1,30,NA,NA,NA,NA,1140,411
4,2,1,1926411,1,30,NA,NA,NA,NA,1140,411
4,2,1,2247421,1,25,NA,NA,NA,NA,1020,421
4,2,1,2568421,1,10,NA,NA,NA,NA,800,421
4,2,1,2889421,1,35,NA,NA,NA,NA,1170,421
4,2,1,3210421,1,0,NA,NA,NA,NA,650,421
4,2,1,321421,2,0,NA,NA,NA,NA,880,421
4,2,1,642411,2,15,NA,NA,NA,NA,850,411
4,2,1,963411,2,0,NA,NA,NA,NA,620,411
4,2,1,1284411,2,0,NA,NA,NA,NA,620,411
4,2,1,1605411,2,50,NA,NA,NA,NA,1370,411
4,2,1,1926411,2,10,NA,NA,NA,NA,770,411
4,2,1,2247421,2,15,NA,NA,NA,NA,1100,421
4,2,1,2568421,2,9,NA,NA,NA,NA,1010,421
4,2,1,2889421,2,0,NA,NA,NA,NA,880,421
4,2,1,3210421,2,0,NA,NA,NA,NA,880,421
4,2,1,321421,3,0,NA,NA,NA,NA,690,421
4,2,1,642411,3,5,NA,NA,NA,NA,500,411
4,2,1,963411,3,40,NA,NA,NA,NA,1020,411
4,2,1,1284411,3,0,NA,NA,NA,NA,420,411
4,2,1,1605411,3,30,NA,NA,NA,NA,870,411
4,2,1,1926411,3,40,NA,NA,NA,NA,1020,411
4,2,1,2247421,3,9,NA,NA,NA,NA,820,421
4,2,1,2568421,3,8,NA,NA,NA,NA,810,421
4,2,1,2889421,3,25,NA,NA,NA,NA,1060,421
4,2,1,3210421,3,20,NA,NA,NA,NA,990,421
4,2,1,321421,4,0,NA,NA,NA,NA,600,421
4,2,1,642411,4,15,NA,NA,NA,NA,660,411
4,2,1,963411,4,8,NA,NA,NA,NA,550,411
4,2,1,1284411,4,20,NA,NA,NA,NA,730,411
4,2,1,1605411,4,40,NA,NA,NA,NA,1030,411
4,2,1,1926411,4,30,NA,NA,NA,NA,880,411
4,2,1,2247421,4,5,NA,NA,NA,NA,680,421
4,2,1,2568421,4,9,NA,NA,NA,NA,740,421
4,2,1,2889421,4,45,NA,NA,NA,NA,1280,421
4,2,1,3210421,4,20,NA,NA,NA,NA,900,421
4,2,1,321421,5,0,NA,NA,NA,NA,730,421
4,2,1,642411,5,0,NA,NA,NA,NA,350,411
4,2,1,963411,5,30,NA,NA,NA,NA,800,411
4,2,1,1284411,5,10,NA,NA,NA,NA,500,411
4,2,1,1605411,5,50,NA,NA,NA,NA,1100,411
4,2,1,1926411,5,40,NA,NA,NA,NA,950,411
4,2,1,2247421,5,10,NA,NA,NA,NA,880,421
4,2,1,2568421,5,9,NA,NA,NA,NA,860,421
4,2,1,2889421,5,20,NA,NA,NA,NA,1030,421
4,2,1,3210421,5,15,NA,NA,NA,NA,950,421
4,2,1,321421,6,0,NA,NA,NA,NA,800,421
4,2,1,642411,6,0,NA,NA,NA,NA,450,411
4,2,1,963411,6,30,NA,NA,NA,NA,900,411
4,2,1,1284411,6,0,NA,NA,NA,NA,450,411
4,2,1,1605411,6,30,NA,NA,NA,NA,900,411
4,2,1,1926411,6,50,NA,NA,NA,NA,1200,411
4,2,1,2247421,6,6,NA,NA,NA,NA,890,421
4,2,1,2568421,6,9,NA,NA,NA,NA,930,421
4,2,1,2889421,6,15,NA,NA,NA,NA,1020,421
4,2,1,3210421,6,10,NA,NA,NA,NA,950,421
4,2,1,321421,7,0,NA,NA,NA,NA,700,421
4,2,1,642411,7,0,NA,NA,NA,NA,450,411
4,2,1,963411,7,30,NA,NA,NA,NA,900,411
4,2,1,1284411,7,0,NA,NA,NA,NA,450,411
4,2,1,1605411,7,40,NA,NA,NA,NA,1050,411
4,2,1,1926411,7,40,NA,NA,NA,NA,1050,411
4,2,1,2247421,7,9,NA,NA,NA,NA,830,421
4,2,1,2568421,7,10,NA,NA,NA,NA,850,421
4,2,1,2889421,7,31,NA,NA,NA,NA,1160,421
4,2,1,3210421,7,10,NA,NA,NA,NA,850,421
4,2,1,321421,8,0,NA,NA,NA,NA,630,421
4,2,1,642411,8,0,NA,NA,NA,NA,500,411
4,2,1,963411,8,0,NA,NA,NA,NA,500,411
4,2,1,1284411,8,50,NA,NA,NA,NA,1250,411
4,2,1,1605411,8,50,NA,NA,NA,NA,1250,411
4,2,1,1926411,8,0,NA,NA,NA,NA,500,411
4,2,1,2247421,8,19,NA,NA,NA,NA,910,421
4,2,1,2568421,8,9,NA,NA,NA,NA,760,421
4,2,1,2889421,8,46,NA,NA,NA,NA,1320,421
4,2,1,3210421,8,0,NA,NA,NA,NA,630,421
4,2,1,321421,9,0,NA,NA,NA,NA,610,421
4,2,1,642411,9,0,NA,NA,NA,NA,120,411
4,2,1,963411,9,50,NA,NA,NA,NA,870,411
4,2,1,1284411,9,50,NA,NA,NA,NA,870,411
4,2,1,1605411,9,35,NA,NA,NA,NA,650,411
4,2,1,1926411,9,40,NA,NA,NA,NA,720,411
4,2,1,2247421,9,23,NA,NA,NA,NA,950,421
4,2,1,2568421,9,7,NA,NA,NA,NA,710,421
4,2,1,2889421,9,38,NA,NA,NA,NA,1180,421
4,2,1,3210421,9,10,NA,NA,NA,NA,760,421
4,2,1,321421,10,0,NA,NA,NA,NA,450,421
4,2,1,642411,10,0,NA,NA,NA,NA,250,411
4,2,1,963411,10,20,NA,NA,NA,NA,550,411
4,2,1,1284411,10,50,NA,NA,NA,NA,1000,411
4,2,1,1605411,10,50,NA,NA,NA,NA,1000,411
4,2,1,1926411,10,30,NA,NA,NA,NA,700,411
4,2,1,2247421,10,49,NA,NA,NA,NA,1190,421
4,2,1,2568421,10,9,NA,NA,NA,NA,590,421
4,2,1,2889421,10,36,NA,NA,NA,NA,990,421
4,2,1,3210421,10,15,NA,NA,NA,NA,680,421
4,2,1,321421,11,0,-1,NA,NA,NA,720,421
4,2,1,642411,11,0,0,NA,NA,0,370,411
4,2,1,963411,11,50,1,0,0,NA,1120,411
4,2,1,1284411,11,5,0,NA,NA,0,450,411
4,2,1,1605411,11,50,-1,NA,NA,NA,1120,411
4,2,1,1926411,11,20,1,5,0,NA,920,411
4,2,1,2247421,11,15,1,5,0,NA,1200,421
4,2,1,2568421,11,5,0,NA,NA,0,800,421
4,2,1,2889421,11,35,1,0,0,NA,1250,421
4,2,1,3210421,11,0,0,NA,NA,0,720,421
4,2,1,321421,12,0,0,NA,NA,0,750,421
4,2,1,642411,12,0,0,NA,NA,0,350,411
4,2,1,963411,12,50,1,0,0,NA,1100,411
4,2,1,1284411,12,0,0,NA,NA,0,350,411
4,2,1,1605411,12,50,-1,NA,NA,NA,1100,411
4,2,1,1926411,12,30,1,0,0,NA,800,411
4,2,1,2247421,12,29,1,0,0,NA,1190,421
4,2,1,2568421,12,0,1,0,0,NA,750,421
4,2,1,2889421,12,20,-1,NA,NA,NA,1050,421
4,2,1,3210421,12,0,0,NA,NA,0,750,421
4,2,1,321421,13,0,0,NA,NA,0,700,421
4,2,1,642411,13,0,-1,NA,NA,NA,470,411
4,2,1,963411,13,20,0,NA,NA,0,770,411
4,2,1,1284411,13,5,0,NA,NA,0,550,411
4,2,1,1605411,13,50,1,5,0,NA,1470,411
4,2,1,1926411,13,30,1,20,0,NA,1170,411
4,2,1,2247421,13,24,0,NA,NA,0,1060,421
4,2,1,2568421,13,0,1,0,0,NA,700,421
4,2,1,2889421,13,36,1,24,0,NA,1490,421
4,2,1,3210421,13,0,-1,NA,NA,NA,700,421
4,2,1,321421,14,0,-1,NA,NA,NA,780,421
4,2,1,642411,14,0,1,40,1,NA,470,411
4,2,1,963411,14,20,1,5,0,NA,1020,411
4,2,1,1284411,14,5,0,NA,NA,0,550,411
4,2,1,1605411,14,40,0,NA,NA,1,0,411
4,2,1,1926411,14,40,-1,NA,NA,NA,1070,411
4,2,1,2247421,14,19,0,NA,NA,0,1060,421
4,2,1,2568421,14,0,1,19,0,NA,1030,421
4,2,1,2889421,14,25,1,0,0,NA,1150,421
4,2,1,3210421,14,0,0,NA,NA,0,780,421
4,2,1,321421,15,0,-1,NA,NA,NA,730,421
4,2,1,642411,15,0,-1,NA,NA,NA,400,411
4,2,1,963411,15,50,0,NA,NA,1,0,411
4,2,1,1284411,15,0,1,50,1,NA,400,411
4,2,1,1605411,15,50,0,NA,NA,0,1150,411
4,2,1,1926411,15,20,1,50,0,NA,950,411
4,2,1,2247421,15,12,0,NA,NA,0,910,421
4,2,1,2568421,15,0,0,NA,NA,0,730,421
4,2,1,2889421,15,42,1,12,0,NA,1610,421
4,2,1,3210421,15,0,1,0,0,NA,730,421
4,2,1,321421,16,0,-1,NA,NA,NA,680,421
4,2,1,642411,16,0,0,NA,NA,0,600,411
4,2,1,963411,16,0,1,0,0,NA,600,411
4,2,1,1284411,16,0,0,NA,NA,0,600,411
4,2,1,1605411,16,50,1,0,0,NA,1350,411
4,2,1,1926411,16,30,-1,NA,NA,NA,1050,411
4,2,1,2247421,16,27,1,0,0,NA,1080,421
4,2,1,2568421,16,0,0,NA,NA,0,680,421
4,2,1,2889421,16,37,1,0,0,NA,1230,421
4,2,1,3210421,16,0,0,NA,NA,0,680,421
4,2,1,321421,17,0,1,39,1,NA,610,421
4,2,1,642411,17,0,-1,NA,NA,NA,650,411
4,2,1,963411,17,30,0,NA,NA,1,0,411
4,2,1,1284411,17,0,0,NA,NA,0,650,411
4,2,1,1605411,17,30,1,30,1,NA,1100,411
4,2,1,1926411,17,10,1,0,0,NA,800,411
4,2,1,2247421,17,39,0,NA,NA,1,0,421
4,2,1,2568421,17,0,1,38,0,NA,860,421
4,2,1,2889421,17,38,0,NA,NA,0,1180,421
4,2,1,3210421,17,0,-1,NA,NA,NA,610,421
4,2,1,321421,18,0,0,NA,NA,0,700,421
4,2,1,642411,18,0,0,NA,NA,0,550,411
4,2,1,963411,18,20,0,NA,NA,1,0,411
4,2,1,1284411,18,0,1,20,1,NA,550,411
4,2,1,1605411,18,50,1,0,0,NA,1300,411
4,2,1,1926411,18,20,-1,NA,NA,NA,850,411
4,2,1,2247421,18,0,0,NA,NA,0,700,421
4,2,1,2568421,18,0,1,0,0,NA,700,421
4,2,1,2889421,18,29,1,0,0,NA,1140,421
4,2,1,3210421,18,30,-1,NA,NA,NA,1150,421
4,2,1,321421,19,0,1,28,1,NA,630,421
4,2,1,642411,19,0,0,NA,NA,0,500,411
4,2,1,963411,19,30,1,0,0,NA,950,411
4,2,1,1284411,19,0,1,30,1,NA,500,411
4,2,1,1605411,19,40,-1,NA,NA,NA,1100,411
4,2,1,1926411,19,30,0,NA,NA,1,0,411
4,2,1,2247421,19,28,0,NA,NA,1,0,421
4,2,1,2568421,19,0,-1,NA,NA,NA,630,421
4,2,1,2889421,19,45,0,NA,NA,1,0,421
4,2,1,3210421,19,0,1,45,1,NA,630,421
4,2,1,321421,20,0,0,NA,NA,0,770,421
4,2,1,642411,20,0,0,NA,NA,0,450,411
4,2,1,963411,20,30,-1,NA,NA,NA,900,411
4,2,1,1284411,20,0,1,0,0,NA,450,411
4,2,1,1605411,20,50,1,30,0,NA,1450,411
4,2,1,1926411,20,30,0,NA,NA,0,900,411
4,2,1,2247421,20,0,1,0,0,NA,770,421
4,2,1,2568421,20,0,-1,NA,NA,NA,770,421
4,2,1,2889421,20,46,1,0,0,NA,1460,421
4,2,1,3210421,20,0,0,NA,NA,0,770,421
4,2,2,321422,1,0,NA,NA,NA,NA,450,422
4,2,2,642412,1,25,NA,NA,NA,NA,1130,412
4,2,2,963412,1,0,NA,NA,NA,NA,760,412
4,2,2,1284422,1,45,NA,NA,NA,NA,1120,422
4,2,2,1605422,1,40,NA,NA,NA,NA,1050,422
4,2,2,1926412,1,23,NA,NA,NA,NA,1100,412
4,2,2,2247422,1,0,NA,NA,NA,NA,450,422
4,2,2,2568412,1,0,NA,NA,NA,NA,760,412
4,2,2,2889422,1,25,NA,NA,NA,NA,820,422
4,2,2,3210412,1,0,NA,NA,NA,NA,760,412
4,2,2,321422,2,0,NA,NA,NA,NA,950,422
4,2,2,642412,2,0,NA,NA,NA,NA,610,412
4,2,2,963412,2,0,NA,NA,NA,NA,610,412
4,2,2,1284422,2,0,NA,NA,NA,NA,950,422
4,2,2,1605422,2,0,NA,NA,NA,NA,950,422
4,2,2,1926412,2,28,NA,NA,NA,NA,1030,412
4,2,2,2247422,2,10,NA,NA,NA,NA,1100,422
4,2,2,2568412,2,50,NA,NA,NA,NA,1360,412
4,2,2,2889422,2,0,NA,NA,NA,NA,950,422
4,2,2,3210412,2,0,NA,NA,NA,NA,610,412
4,2,2,321422,3,1,NA,NA,NA,NA,710,422
4,2,2,642412,3,10,NA,NA,NA,NA,720,412
4,2,2,963412,3,0,NA,NA,NA,NA,570,412
4,2,2,1284422,3,50,NA,NA,NA,NA,1440,422
4,2,2,1605422,3,10,NA,NA,NA,NA,840,422
4,2,2,1926412,3,25,NA,NA,NA,NA,950,412
4,2,2,2247422,3,0,NA,NA,NA,NA,690,422
4,2,2,2568412,3,50,NA,NA,NA,NA,1320,412
4,2,2,2889422,3,0,NA,NA,NA,NA,690,422
4,2,2,3210412,3,0,NA,NA,NA,NA,570,412
4,2,2,321422,4,0,NA,NA,NA,NA,890,422
4,2,2,642412,4,0,NA,NA,NA,NA,650,412
4,2,2,963412,4,5,NA,NA,NA,NA,720,412
4,2,2,1284422,4,10,NA,NA,NA,NA,1040,422
4,2,2,1605422,4,10,NA,NA,NA,NA,1040,422
4,2,2,1926412,4,15,NA,NA,NA,NA,870,412
4,2,2,2247422,4,2,NA,NA,NA,NA,920,422
4,2,2,2568412,4,50,NA,NA,NA,NA,1400,412
4,2,2,2889422,4,0,NA,NA,NA,NA,890,422
4,2,2,3210412,4,0,NA,NA,NA,NA,650,412
4,2,2,321422,5,0,NA,NA,NA,NA,740,422
4,2,2,642412,5,0,NA,NA,NA,NA,720,412
4,2,2,963412,5,0,NA,NA,NA,NA,720,412
4,2,2,1284422,5,50,NA,NA,NA,NA,1490,422
4,2,2,1605422,5,0,NA,NA,NA,NA,740,422
4,2,2,1926412,5,5,NA,NA,NA,NA,800,412
4,2,2,2247422,5,2,NA,NA,NA,NA,770,422
4,2,2,2568412,5,50,NA,NA,NA,NA,1470,412
4,2,2,2889422,5,0,NA,NA,NA,NA,740,422
4,2,2,3210412,5,0,NA,NA,NA,NA,720,412
4,2,2,321422,6,1,NA,NA,NA,NA,780,422
4,2,2,642412,6,0,NA,NA,NA,NA,460,412
4,2,2,963412,6,5,NA,NA,NA,NA,530,412
4,2,2,1284422,6,45,NA,NA,NA,NA,1440,422
4,2,2,1605422,6,0,NA,NA,NA,NA,770,422
4,2,2,1926412,6,48,NA,NA,NA,NA,1180,412
4,2,2,2247422,6,0,NA,NA,NA,NA,770,422
4,2,2,2568412,6,50,NA,NA,NA,NA,1210,412
4,2,2,2889422,6,0,NA,NA,NA,NA,770,422
4,2,2,3210412,6,5,NA,NA,NA,NA,530,412
4,2,2,321422,7,0,NA,NA,NA,NA,600,422
4,2,2,642412,7,40,NA,NA,NA,NA,650,412
4,2,2,963412,7,0,NA,NA,NA,NA,50,412
4,2,2,1284422,7,10,NA,NA,NA,NA,750,422
4,2,2,1605422,7,30,NA,NA,NA,NA,1050,422
4,2,2,1926412,7,49,NA,NA,NA,NA,790,412
4,2,2,2247422,7,0,NA,NA,NA,NA,600,422
4,2,2,2568412,7,50,NA,NA,NA,NA,800,412
4,2,2,2889422,7,40,NA,NA,NA,NA,1200,422
4,2,2,3210412,7,50,NA,NA,NA,NA,800,412
4,2,2,321422,8,1,NA,NA,NA,NA,760,422
4,2,2,642412,8,50,NA,NA,NA,NA,1250,412
4,2,2,963412,8,0,NA,NA,NA,NA,500,412
4,2,2,1284422,8,50,NA,NA,NA,NA,1490,422
4,2,2,1605422,8,0,NA,NA,NA,NA,740,422
4,2,2,1926412,8,0,NA,NA,NA,NA,500,412
4,2,2,2247422,8,0,NA,NA,NA,NA,740,422
4,2,2,2568412,8,0,NA,NA,NA,NA,500,412
4,2,2,2889422,8,0,NA,NA,NA,NA,740,422
4,2,2,3210412,8,50,NA,NA,NA,NA,1250,412
4,2,2,321422,9,0,NA,NA,NA,NA,770,422
4,2,2,642412,9,0,NA,NA,NA,NA,500,412
4,2,2,963412,9,0,NA,NA,NA,NA,500,412
4,2,2,1284422,9,0,NA,NA,NA,NA,770,422
4,2,2,1605422,9,45,NA,NA,NA,NA,1450,422
4,2,2,1926412,9,0,NA,NA,NA,NA,500,412
4,2,2,2247422,9,0,NA,NA,NA,NA,770,422
4,2,2,2568412,9,50,NA,NA,NA,NA,1250,412
4,2,2,2889422,9,0,NA,NA,NA,NA,770,422
4,2,2,3210412,9,50,NA,NA,NA,NA,1250,412
4,2,2,321422,10,0,NA,NA,NA,NA,470,422
4,2,2,642412,10,25,NA,NA,NA,NA,630,412
4,2,2,963412,10,0,NA,NA,NA,NA,250,412
4,2,2,1284422,10,45,NA,NA,NA,NA,1150,422
4,2,2,1605422,10,10,NA,NA,NA,NA,620,422
4,2,2,1926412,10,24,NA,NA,NA,NA,610,412
4,2,2,2247422,10,50,NA,NA,NA,NA,1220,422
4,2,2,2568412,10,50,NA,NA,NA,NA,1000,412
4,2,2,2889422,10,0,NA,NA,NA,NA,470,422
4,2,2,3210412,10,50,NA,NA,NA,NA,1000,412
4,2,2,321422,11,0,0,NA,NA,0,450,422
4,2,2,642412,11,0,-1,NA,NA,NA,500,412
4,2,2,963412,11,0,1,0,0,NA,500,412
4,2,2,1284422,11,50,-1,NA,NA,NA,1200,422
4,2,2,1605422,11,50,0,NA,NA,0,1200,422
4,2,2,1926412,11,0,0,NA,NA,0,500,412
4,2,2,2247422,11,10,1,50,0,NA,850,422
4,2,2,2568412,11,50,0,NA,NA,0,1250,412
4,2,2,2889422,11,0,1,0,0,NA,450,422
4,2,2,3210412,11,50,1,50,0,NA,1500,412
4,2,2,321422,12,0,1,0,0,NA,900,422
4,2,2,642412,12,0,1,50,0,NA,670,412
4,2,2,963412,12,0,-1,NA,NA,NA,420,412
4,2,2,1284422,12,0,0,NA,NA,0,900,422
4,2,2,1605422,12,10,-1,NA,NA,NA,1050,422
4,2,2,1926412,12,15,0,NA,NA,0,650,412
4,2,2,2247422,12,10,1,0,0,NA,1050,422
4,2,2,2568412,12,50,1,15,0,NA,1420,412
4,2,2,2889422,12,0,0,NA,NA,0,900,422
4,2,2,3210412,12,50,0,NA,NA,0,1170,412
4,2,2,321422,13,0,0,NA,NA,0,500,422
4,2,2,642412,13,0,1,50,1,NA,500,412
4,2,2,963412,13,0,0,NA,NA,0,500,412
4,2,2,1284422,13,50,-1,NA,NA,NA,1250,422
4,2,2,1605422,13,50,1,0,0,NA,1250,422
4,2,2,1926412,13,0,-1,NA,NA,NA,500,412
4,2,2,2247422,13,0,1,0,0,NA,500,422
4,2,2,2568412,13,50,1,0,0,NA,1250,412
4,2,2,2889422,13,0,0,NA,NA,0,500,422
4,2,2,3210412,13,50,0,NA,NA,1,0,412
4,2,2,321422,14,0,-1,NA,NA,NA,670,422
4,2,2,642412,14,0,1,50,0,NA,670,412
4,2,2,963412,14,0,1,25,0,NA,670,412
4,2,2,1284422,14,45,0,NA,NA,0,1350,422
4,2,2,1605422,14,20,1,45,0,NA,1220,422
4,2,2,1926412,14,25,0,NA,NA,0,800,412
4,2,2,2247422,14,0,1,0,0,NA,670,422
4,2,2,2568412,14,50,0,NA,NA,0,1170,412
4,2,2,2889422,14,0,0,NA,NA,0,670,422
4,2,2,3210412,14,40,-1,NA,NA,NA,1020,412
4,2,2,321422,15,0,0,NA,NA,0,720,422
4,2,2,642412,15,0,0,NA,NA,0,380,412
4,2,2,963412,15,0,1,0,0,NA,380,412
4,2,2,1284422,15,0,0,NA,NA,0,720,422
4,2,2,1605422,15,45,1,0,0,NA,1400,422
4,2,2,1926412,15,23,-1,NA,NA,NA,730,412
4,2,2,2247422,15,10,1,0,0,NA,870,422
4,2,2,2568412,15,50,0,NA,NA,0,1130,412
4,2,2,2889422,15,0,-1,NA,NA,NA,720,422
4,2,2,3210412,15,50,1,50,0,NA,1380,412
4,2,2,321422,16,0,0,NA,NA,0,600,422
4,2,2,642412,16,0,1,0,0,NA,360,412
4,2,2,963412,16,0,0,NA,NA,0,360,412
4,2,2,1284422,16,50,-1,NA,NA,NA,1350,422
4,2,2,1605422,16,30,1,0,0,NA,1050,422
4,2,2,1926412,16,37,-1,NA,NA,NA,920,412
4,2,2,2247422,16,0,1,0,0,NA,600,422
4,2,2,2568412,16,50,0,NA,NA,0,1110,412
4,2,2,2889422,16,0,0,NA,NA,0,600,422
4,2,2,3210412,16,40,1,50,0,NA,1210,412
4,2,2,321422,17,0,1,50,0,NA,1000,422
4,2,2,642412,17,0,-1,NA,NA,NA,360,412
4,2,2,963412,17,0,0,NA,NA,0,360,412
4,2,2,1284422,17,0,1,0,0,NA,750,422
4,2,2,1605422,17,50,0,NA,NA,0,1500,422
4,2,2,1926412,17,27,1,50,0,NA,1020,412
4,2,2,2247422,17,0,0,NA,NA,0,750,422
4,2,2,2568412,17,50,1,0,0,NA,1110,412
4,2,2,2889422,17,0,-1,NA,NA,NA,750,422
4,2,2,3210412,17,50,0,NA,NA,0,1110,412
4,2,2,321422,18,0,1,45,0,NA,770,422
4,2,2,642412,18,50,1,0,0,NA,800,412
4,2,2,963412,18,0,0,NA,NA,0,50,412
4,2,2,1284422,18,50,-1,NA,NA,NA,1270,422
4,2,2,1605422,18,45,0,NA,NA,0,1200,422
4,2,2,1926412,18,39,0,NA,NA,0,640,412
4,2,2,2247422,18,0,0,NA,NA,0,520,422
4,2,2,2568412,18,50,1,39,0,NA,1050,412
4,2,2,2889422,18,0,1,0,0,NA,520,422
4,2,2,3210412,18,50,-1,NA,NA,NA,800,412
4,2,2,321422,19,0,0,NA,NA,0,770,422
4,2,2,642412,19,50,0,NA,NA,0,830,412
4,2,2,963412,19,0,0,NA,NA,0,80,412
4,2,2,1284422,19,0,-1,NA,NA,NA,770,422
4,2,2,1605422,19,45,1,0,0,NA,1450,422
4,2,2,1926412,19,33,-1,NA,NA,NA,580,412
4,2,2,2247422,19,0,0,NA,NA,0,770,422
4,2,2,2568412,19,50,1,0,0,NA,830,412
4,2,2,2889422,19,0,1,0,0,NA,770,422
4,2,2,3210412,19,50,1,50,0,NA,1080,412
4,2,2,321422,20,0,0,NA,NA,0,500,422
4,2,2,642412,20,50,0,NA,NA,0,750,412
4,2,2,963412,20,0,1,50,0,NA,250,412
4,2,2,1284422,20,50,0,NA,NA,0,1250,422
4,2,2,1605422,20,50,1,0,0,NA,1250,422
4,2,2,1926412,20,49,0,NA,NA,0,740,412
4,2,2,2247422,20,0,-1,NA,NA,NA,500,422
4,2,2,2568412,20,50,-1,NA,NA,NA,750,412
4,2,2,2889422,20,0,1,50,0,NA,750,422
4,2,2,3210412,20,50,1,49,0,NA,1000,412
6,1,1,321611,1,0,NA,NA,NA,NA,670,611
6,1,1,642621,1,35,NA,NA,NA,NA,970,621
6,1,1,963621,1,50,NA,NA,NA,NA,1200,621
6,1,1,1284611,1,15,NA,NA,NA,NA,900,611
6,1,1,1605621,1,0,NA,NA,NA,NA,450,621
6,1,1,1926621,1,5,NA,NA,NA,NA,520,621
6,1,1,2247611,1,45,NA,NA,NA,NA,1350,611
6,1,1,2568611,1,0,NA,NA,NA,NA,670,611
6,1,1,2889611,1,5,NA,NA,NA,NA,750,611
6,1,1,3210621,1,20,NA,NA,NA,NA,750,621
6,1,1,321611,2,47,NA,NA,NA,NA,990,611
6,1,1,642621,2,15,NA,NA,NA,NA,770,621
6,1,1,963621,2,50,NA,NA,NA,NA,1300,621
6,1,1,1284611,2,20,NA,NA,NA,NA,590,611
6,1,1,1605621,2,0,NA,NA,NA,NA,550,621
6,1,1,1926621,2,20,NA,NA,NA,NA,850,621
6,1,1,2247611,2,25,NA,NA,NA,NA,660,611
6,1,1,2568611,2,50,NA,NA,NA,NA,1040,611
6,1,1,2889611,2,0,NA,NA,NA,NA,290,611
6,1,1,3210621,2,5,NA,NA,NA,NA,620,621
6,1,1,321611,3,22,NA,NA,NA,NA,660,611
6,1,1,642621,3,0,NA,NA,NA,NA,450,621
6,1,1,963621,3,50,NA,NA,NA,NA,1200,621
6,1,1,1284611,3,16,NA,NA,NA,NA,570,611
6,1,1,1605621,3,0,NA,NA,NA,NA,450,621
6,1,1,1926621,3,20,NA,NA,NA,NA,750,621
6,1,1,2247611,3,45,NA,NA,NA,NA,1010,611
6,1,1,2568611,3,0,NA,NA,NA,NA,330,611
6,1,1,2889611,3,50,NA,NA,NA,NA,1080,611
6,1,1,3210621,3,40,NA,NA,NA,NA,1050,621
6,1,1,321611,4,45,NA,NA,NA,NA,1190,611
6,1,1,642621,4,10,NA,NA,NA,NA,750,621
6,1,1,963621,4,0,NA,NA,NA,NA,600,621
6,1,1,1284611,4,17,NA,NA,NA,NA,770,611
6,1,1,1605621,4,0,NA,NA,NA,NA,600,621
6,1,1,1926621,4,30,NA,NA,NA,NA,1050,621
6,1,1,2247611,4,35,NA,NA,NA,NA,1040,611
6,1,1,2568611,4,0,NA,NA,NA,NA,510,611
6,1,1,2889611,4,0,NA,NA,NA,NA,510,611
6,1,1,3210621,4,40,NA,NA,NA,NA,1200,621
6,1,1,321611,5,50,NA,NA,NA,NA,1270,611
6,1,1,642621,5,23,NA,NA,NA,NA,580,621
6,1,1,963621,5,50,NA,NA,NA,NA,980,621
6,1,1,1284611,5,16,NA,NA,NA,NA,760,611
6,1,1,1605621,5,20,NA,NA,NA,NA,530,621
6,1,1,1926621,5,20,NA,NA,NA,NA,530,621
6,1,1,2247611,5,30,NA,NA,NA,NA,970,611
6,1,1,2568611,5,0,NA,NA,NA,NA,520,611
6,1,1,2889611,5,0,NA,NA,NA,NA,520,611
6,1,1,3210621,5,40,NA,NA,NA,NA,830,621
6,1,1,321611,6,22,NA,NA,NA,NA,880,611
6,1,1,642621,6,50,NA,NA,NA,NA,1050,621
6,1,1,963621,6,50,NA,NA,NA,NA,1050,621
6,1,1,1284611,6,16,NA,NA,NA,NA,790,611
6,1,1,1605621,6,20,NA,NA,NA,NA,600,621
6,1,1,1926621,6,20,NA,NA,NA,NA,600,621
6,1,1,2247611,6,40,NA,NA,NA,NA,1150,611
6,1,1,2568611,6,0,NA,NA,NA,NA,550,611
6,1,1,2889611,6,12,NA,NA,NA,NA,730,611
6,1,1,3210621,6,0,NA,NA,NA,NA,300,621
6,1,1,321611,7,41,NA,NA,NA,NA,1090,611
6,1,1,642621,7,50,NA,NA,NA,NA,950,621
6,1,1,963621,7,50,NA,NA,NA,NA,950,621
6,1,1,1284611,7,18,NA,NA,NA,NA,750,611
6,1,1,1605621,7,0,NA,NA,NA,NA,200,621
6,1,1,1926621,7,20,NA,NA,NA,NA,500,621
6,1,1,2247611,7,35,NA,NA,NA,NA,1000,611
6,1,1,2568611,7,0,NA,NA,NA,NA,480,611
6,1,1,2889611,7,10,NA,NA,NA,NA,630,611
6,1,1,3210621,7,40,NA,NA,NA,NA,800,621
6,1,1,321611,8,7,NA,NA,NA,NA,640,611
6,1,1,642621,8,50,NA,NA,NA,NA,900,621
6,1,1,963621,8,50,NA,NA,NA,NA,900,621
6,1,1,1284611,8,20,NA,NA,NA,NA,840,611
6,1,1,1605621,8,50,NA,NA,NA,NA,900,621
6,1,1,1926621,8,20,NA,NA,NA,NA,450,621
6,1,1,2247611,8,35,NA,NA,NA,NA,1060,611
6,1,1,2568611,8,0,NA,NA,NA,NA,540,611
6,1,1,2889611,8,30,NA,NA,NA,NA,990,611
6,1,1,3210621,8,0,NA,NA,NA,NA,150,621
6,1,1,321611,9,36,NA,NA,NA,NA,680,611
6,1,1,642621,9,50,NA,NA,NA,NA,570,621
6,1,1,963621,9,50,NA,NA,NA,NA,570,621
6,1,1,1284611,9,50,NA,NA,NA,NA,890,611
6,1,1,1605621,9,50,NA,NA,NA,NA,570,621
6,1,1,1926621,9,45,NA,NA,NA,NA,500,621
6,1,1,2247611,9,35,NA,NA,NA,NA,670,611
6,1,1,2568611,9,0,NA,NA,NA,NA,140,611
6,1,1,2889611,9,50,NA,NA,NA,NA,890,611
6,1,1,3210621,9,40,NA,NA,NA,NA,420,621
6,1,1,321611,10,17,NA,NA,NA,NA,420,611
6,1,1,642621,10,50,NA,NA,NA,NA,850,621
6,1,1,963621,10,40,NA,NA,NA,NA,700,621
6,1,1,1284611,10,50,NA,NA,NA,NA,910,611
6,1,1,1605621,10,0,NA,NA,NA,NA,100,621
6,1,1,1926621,10,50,NA,NA,NA,NA,850,621
6,1,1,2247611,10,50,NA,NA,NA,NA,910,611
6,1,1,2568611,10,0,NA,NA,NA,NA,160,611
6,1,1,2889611,10,50,NA,NA,NA,NA,910,611
6,1,1,3210621,10,40,NA,NA,NA,NA,700,621
6,1,1,321611,11,35,0,NA,NA,1,0,611
6,1,1,642621,11,35,-1,NA,NA,NA,1000,621
6,1,1,963621,11,50,1,0,0,NA,1220,621
6,1,1,1284611,11,20,1,35,1,NA,750,611
6,1,1,1605621,11,0,1,20,0,NA,720,621
6,1,1,1926621,11,20,0,NA,NA,0,770,621
6,1,1,2247611,11,25,1,30,0,NA,1070,611
6,1,1,2568611,11,0,-1,NA,NA,NA,450,611
6,1,1,2889611,11,30,0,NA,NA,0,900,611
6,1,1,3210621,11,0,0,NA,NA,0,470,621
6,1,1,321611,12,11,1,35,1,NA,710,611
6,1,1,642621,12,23,1,0,0,NA,880,621
6,1,1,963621,12,50,0,NA,NA,1,0,621
6,1,1,1284611,12,25,-1,NA,NA,NA,920,611
6,1,1,1605621,12,0,0,NA,NA,0,530,621
6,1,1,1926621,12,20,-1,NA,NA,NA,830,621
6,1,1,2247611,12,35,0,NA,NA,1,0,611
6,1,1,2568611,12,0,0,NA,NA,0,540,611
6,1,1,2889611,12,20,1,0,0,NA,840,611
6,1,1,3210621,12,0,1,50,1,NA,530,621
6,1,1,321611,13,0,1,0,0,NA,620,611
6,1,1,642621,13,45,1,20,1,NA,1150,621
6,1,1,963621,13,40,-1,NA,NA,NA,1070,621
6,1,1,1284611,13,26,0,NA,NA,0,1010,611
6,1,1,1605621,13,0,0,NA,NA,0,470,621
6,1,1,1926621,13,20,0,NA,NA,1,0,621
6,1,1,2247611,13,25,-1,NA,NA,NA,990,611
6,1,1,2568611,13,0,0,NA,NA,0,620,611
6,1,1,2889611,13,25,1,26,0,NA,1240,611
6,1,1,3210621,13,0,1,0,0,NA,470,621
6,1,1,321611,14,12,0,NA,NA,1,0,611
6,1,1,642621,14,40,1,0,0,NA,1100,621
6,1,1,963621,14,40,0,NA,NA,1,0,621
6,1,1,1284611,14,42,0,NA,NA,1,0,611
6,1,1,1605621,14,0,1,40,1,NA,500,621
6,1,1,1926621,14,20,-1,NA,NA,NA,800,621
6,1,1,2247611,14,25,1,42,1,NA,980,611
6,1,1,2568611,14,0,1,12,1,NA,600,611
6,1,1,2889611,14,0,-1,NA,NA,NA,600,611
6,1,1,3210621,14,0,0,NA,NA,0,500,621
6,1,1,321611,15,48,0,NA,NA,1,0,611
6,1,1,642621,15,35,-1,NA,NA,NA,1000,621
6,1,1,963621,15,50,0,NA,NA,1,0,621
6,1,1,1284611,15,20,1,25,1,NA,710,611
6,1,1,1605621,15,0,0,NA,NA,0,470,621
6,1,1,1926621,15,20,1,50,1,NA,770,621
6,1,1,2247611,15,25,1,48,1,NA,780,611
6,1,1,2568611,15,0,-1,NA,NA,NA,410,611
6,1,1,2889611,15,25,0,NA,NA,1,0,611
6,1,1,3210621,15,0,1,0,0,NA,470,621
6,1,1,321611,16,0,1,25,0,NA,1000,611
6,1,1,642621,16,33,-1,NA,NA,NA,980,621
6,1,1,963621,16,50,0,NA,NA,1,0,621
6,1,1,1284611,16,25,0,NA,NA,0,1120,611
6,1,1,1605621,16,0,1,20,1,NA,480,621
6,1,1,1926621,16,20,0,NA,NA,1,0,621
6,1,1,2247611,16,25,-1,NA,NA,NA,1120,611
6,1,1,2568611,16,0,0,NA,NA,0,750,611
6,1,1,2889611,16,0,1,0,0,NA,750,611
6,1,1,3210621,16,0,1,50,1,NA,480,621
6,1,1,321611,17,5,-1,NA,NA,NA,820,611
6,1,1,642621,17,35,0,NA,NA,1,0,621
6,1,1,963621,17,20,-1,NA,NA,NA,920,621
6,1,1,1284611,17,20,1,25,1,NA,1050,611
6,1,1,1605621,17,0,0,NA,NA,0,620,621
6,1,1,1926621,17,20,1,35,1,NA,920,621
6,1,1,2247611,17,25,0,NA,NA,1,0,611
6,1,1,2568611,17,0,0,NA,NA,0,750,611
6,1,1,2889611,17,0,1,0,0,NA,750,611
6,1,1,3210621,17,0,1,0,0,NA,620,621
6,1,1,321611,18,1,0,NA,NA,0,760,611
6,1,1,642621,18,25,-1,NA,NA,NA,1100,621
6,1,1,963621,18,10,0,NA,NA,1,0,621
6,1,1,1284611,18,25,-1,NA,NA,NA,1120,611
6,1,1,1605621,18,0,0,NA,NA,0,720,621
6,1,1,1926621,18,20,1,0,0,NA,1020,621
6,1,1,2247611,18,25,1,0,0,NA,1120,611
6,1,1,2568611,18,0,0,NA,NA,0,740,611
6,1,1,2889611,18,0,1,1,0,NA,990,611
6,1,1,3210621,18,0,1,10,1,NA,720,621
6,1,1,321611,19,0,1,0,0,NA,770,611
6,1,1,642621,19,30,0,NA,NA,1,0,621
6,1,1,963621,19,50,1,20,0,NA,1500,621
6,1,1,1284611,19,20,-1,NA,NA,NA,1070,611
6,1,1,1605621,19,0,-1,NA,NA,NA,500,621
6,1,1,1926621,19,20,0,NA,NA,0,800,621
6,1,1,2247611,19,25,0,NA,NA,0,1150,611
6,1,1,2568611,19,0,0,NA,NA,0,770,611
6,1,1,2889611,19,0,1,25,0,NA,1020,611
6,1,1,3210621,19,0,1,30,1,NA,500,621
6,1,1,321611,20,0,1,25,1,NA,770,611
6,1,1,642621,20,35,1,20,1,NA,1000,621
6,1,1,963621,20,50,1,0,0,NA,1220,621
6,1,1,1284611,20,20,0,NA,NA,1,0,611
6,1,1,1605621,20,0,-1,NA,NA,NA,470,621
6,1,1,1926621,20,20,0,NA,NA,1,0,621
6,1,1,2247611,20,25,0,NA,NA,1,0,611
6,1,1,2568611,20,0,1,20,1,NA,770,611
6,1,1,2889611,20,0,-1,NA,NA,NA,770,611
6,1,1,3210621,20,0,0,NA,NA,0,470,621
6,1,2,321622,1,50,NA,NA,NA,NA,870,622
6,1,2,642622,1,45,NA,NA,NA,NA,800,622
6,1,2,963612,1,15,NA,NA,NA,NA,220,612
6,1,2,1284612,1,50,NA,NA,NA,NA,750,612
6,1,2,1605622,1,50,NA,NA,NA,NA,870,622
6,1,2,1926622,1,30,NA,NA,NA,NA,570,622
6,1,2,2247612,1,45,NA,NA,NA,NA,670,612
6,1,2,2568622,1,0,NA,NA,NA,NA,120,622
6,1,2,2889612,1,50,NA,NA,NA,NA,750,612
6,1,2,3210612,1,40,NA,NA,NA,NA,600,612
6,1,2,321622,2,50,NA,NA,NA,NA,700,622
6,1,2,642622,2,50,NA,NA,NA,NA,700,622
6,1,2,963612,2,25,NA,NA,NA,NA,440,612
6,1,2,1284612,2,50,NA,NA,NA,NA,810,612
6,1,2,1605622,2,45,NA,NA,NA,NA,620,622
6,1,2,1926622,2,40,NA,NA,NA,NA,550,622
6,1,2,2247612,2,39,NA,NA,NA,NA,650,612
6,1,2,2568622,2,25,NA,NA,NA,NA,320,622
6,1,2,2889612,2,50,NA,NA,NA,NA,810,612
6,1,2,3210612,2,23,NA,NA,NA,NA,410,612
6,1,2,321622,3,30,NA,NA,NA,NA,600,622
6,1,2,642622,3,50,NA,NA,NA,NA,900,622
6,1,2,963612,3,35,NA,NA,NA,NA,550,612
6,1,2,1284612,3,50,NA,NA,NA,NA,780,612
6,1,2,1605622,3,50,NA,NA,NA,NA,900,622
6,1,2,1926622,3,40,NA,NA,NA,NA,750,622
6,1,2,2247612,3,50,NA,NA,NA,NA,780,612
6,1,2,2568622,3,0,NA,NA,NA,NA,150,622
6,1,2,2889612,3,40,NA,NA,NA,NA,630,612
6,1,2,3210612,3,19,NA,NA,NA,NA,310,612
6,1,2,321622,4,50,NA,NA,NA,NA,650,622
6,1,2,642622,4,50,NA,NA,NA,NA,650,622
6,1,2,963612,4,50,NA,NA,NA,NA,700,612
6,1,2,1284612,4,25,NA,NA,NA,NA,320,612
6,1,2,1605622,4,50,NA,NA,NA,NA,650,622
6,1,2,1926622,4,40,NA,NA,NA,NA,500,622
6,1,2,2247612,4,45,NA,NA,NA,NA,620,612
6,1,2,2568622,4,30,NA,NA,NA,NA,350,622
6,1,2,2889612,4,50,NA,NA,NA,NA,700,612
6,1,2,3210612,4,40,NA,NA,NA,NA,550,612
6,1,2,321622,5,50,NA,NA,NA,NA,670,622
6,1,2,642622,5,50,NA,NA,NA,NA,670,622
6,1,2,963612,5,36,NA,NA,NA,NA,490,612
6,1,2,1284612,5,45,NA,NA,NA,NA,620,612
6,1,2,1605622,5,50,NA,NA,NA,NA,670,622
6,1,2,1926622,5,45,NA,NA,NA,NA,600,622
6,1,2,2247612,5,49,NA,NA,NA,NA,680,612
6,1,2,2568622,5,20,NA,NA,NA,NA,220,622
6,1,2,2889612,5,40,NA,NA,NA,NA,550,612
6,1,2,3210612,5,40,NA,NA,NA,NA,550,612
6,1,2,321622,6,30,NA,NA,NA,NA,570,622
6,1,2,642622,6,50,NA,NA,NA,NA,870,622
6,1,2,963612,6,45,NA,NA,NA,NA,740,612
6,1,2,1284612,6,0,NA,NA,NA,NA,70,612
6,1,2,1605622,6,50,NA,NA,NA,NA,870,622
6,1,2,1926622,6,45,NA,NA,NA,NA,800,622
6,1,2,2247612,6,49,NA,NA,NA,NA,800,612
6,1,2,2568622,6,0,NA,NA,NA,NA,120,622
6,1,2,2889612,6,50,NA,NA,NA,NA,820,612
6,1,2,3210612,6,42,NA,NA,NA,NA,700,612
6,1,2,321622,7,50,NA,NA,NA,NA,550,622
6,1,2,642622,7,50,NA,NA,NA,NA,550,622
6,1,2,963612,7,43,NA,NA,NA,NA,500,612
6,1,2,1284612,7,50,NA,NA,NA,NA,610,612
6,1,2,1605622,7,50,NA,NA,NA,NA,550,622
6,1,2,1926622,7,50,NA,NA,NA,NA,550,622
6,1,2,2247612,7,39,NA,NA,NA,NA,440,612
6,1,2,2568622,7,40,NA,NA,NA,NA,400,622
6,1,2,2889612,7,50,NA,NA,NA,NA,610,612
6,1,2,3210612,7,46,NA,NA,NA,NA,550,612
6,1,2,321622,8,50,NA,NA,NA,NA,650,622
6,1,2,642622,8,50,NA,NA,NA,NA,650,622
6,1,2,963612,8,45,NA,NA,NA,NA,620,612
6,1,2,1284612,8,50,NA,NA,NA,NA,700,612
6,1,2,1605622,8,50,NA,NA,NA,NA,650,622
6,1,2,1926622,8,50,NA,NA,NA,NA,650,622
6,1,2,2247612,8,50,NA,NA,NA,NA,700,612
6,1,2,2568622,8,20,NA,NA,NA,NA,200,622
6,1,2,2889612,8,30,NA,NA,NA,NA,400,612
6,1,2,3210612,8,35,NA,NA,NA,NA,470,612
6,1,2,321622,9,50,NA,NA,NA,NA,750,622
6,1,2,642622,9,50,NA,NA,NA,NA,750,622
6,1,2,963612,9,50,NA,NA,NA,NA,530,612
6,1,2,1284612,9,50,NA,NA,NA,NA,530,612
6,1,2,1605622,9,50,NA,NA,NA,NA,750,622
6,1,2,1926622,9,50,NA,NA,NA,NA,750,622
6,1,2,2247612,9,48,NA,NA,NA,NA,500,612
6,1,2,2568622,9,0,NA,NA,NA,NA,0,622
6,1,2,2889612,9,50,NA,NA,NA,NA,530,612
6,1,2,3210612,9,45,NA,NA,NA,NA,460,612
6,1,2,321622,10,50,NA,NA,NA,NA,550,622
6,1,2,642622,10,50,NA,NA,NA,NA,550,622
6,1,2,963612,10,45,NA,NA,NA,NA,840,612
6,1,2,1284612,10,50,NA,NA,NA,NA,920,612
6,1,2,1605622,10,50,NA,NA,NA,NA,550,622
6,1,2,1926622,10,50,NA,NA,NA,NA,550,622
6,1,2,2247612,10,0,NA,NA,NA,NA,170,612
6,1,2,2568622,10,40,NA,NA,NA,NA,400,622
6,1,2,2889612,10,50,NA,NA,NA,NA,920,612
6,1,2,3210612,10,21,NA,NA,NA,NA,480,612
6,1,2,321622,11,50,0,NA,NA,0,810,622
6,1,2,642622,11,50,0,NA,NA,1,0,622
6,1,2,963612,11,45,1,33,0,NA,810,612
6,1,2,1284612,11,50,-1,NA,NA,NA,630,612
6,1,2,1605622,11,50,1,50,1,NA,810,622
6,1,2,1926622,11,12,1,50,0,NA,490,622
6,1,2,2247612,11,45,1,50,0,NA,810,612
6,1,2,2568622,11,25,-1,NA,NA,NA,440,622
6,1,2,2889612,11,50,0,NA,NA,0,630,612
6,1,2,3210612,11,33,0,NA,NA,0,380,612
6,1,2,321622,12,40,-1,NA,NA,NA,570,622
6,1,2,642622,12,50,1,40,0,NA,970,622
6,1,2,963612,12,45,1,45,0,NA,930,612
6,1,2,1284612,12,50,1,10,0,NA,1010,612
6,1,2,1605622,12,50,1,25,1,NA,720,622
6,1,2,1926622,12,40,0,NA,NA,0,570,622
6,1,2,2247612,12,48,-1,NA,NA,NA,730,612
6,1,2,2568622,12,25,0,NA,NA,1,0,622
6,1,2,2889612,12,45,0,NA,NA,0,680,612
6,1,2,3210612,12,10,0,NA,NA,0,160,612
6,1,2,321622,13,30,1,50,0,NA,850,622
6,1,2,642622,13,50,0,NA,NA,0,900,622
6,1,2,963612,13,48,0,NA,NA,1,0,612
6,1,2,1284612,13,50,1,48,1,NA,510,612
6,1,2,1605622,13,50,1,0,0,NA,900,622
6,1,2,1926622,13,40,-1,NA,NA,NA,750,622
6,1,2,2247612,13,49,1,50,0,NA,750,612
6,1,2,2568622,13,0,0,NA,NA,0,150,622
6,1,2,2889612,13,50,0,NA,NA,0,510,612
6,1,2,3210612,13,50,-1,NA,NA,NA,510,612
6,1,2,321622,14,40,0,NA,NA,0,650,622
6,1,2,642622,14,50,0,NA,NA,1,0,622
6,1,2,963612,14,45,0,NA,NA,0,670,612
6,1,2,1284612,14,50,-1,NA,NA,NA,750,612
6,1,2,1605622,14,50,-1,NA,NA,NA,800,622
6,1,2,1926622,14,50,1,40,0,NA,1050,622
6,1,2,2247612,14,50,0,NA,NA,1,0,612
6,1,2,2568622,14,0,1,50,1,NA,50,622
6,1,2,2889612,14,45,1,50,1,NA,670,612
6,1,2,3210612,14,10,1,45,0,NA,400,612
6,1,2,321622,15,40,1,30,0,NA,750,622
6,1,2,642622,15,50,1,50,0,NA,900,622
6,1,2,963612,15,47,1,50,1,NA,620,612
6,1,2,1284612,15,50,0,NA,NA,1,0,612
6,1,2,1605622,15,50,0,NA,NA,0,650,622
6,1,2,1926622,15,50,-1,NA,NA,NA,650,622
6,1,2,2247612,15,50,0,NA,NA,1,0,612
6,1,2,2568622,15,30,0,NA,NA,0,350,622
6,1,2,2889612,15,50,1,50,1,NA,660,612
6,1,2,3210612,15,20,-1,NA,NA,NA,210,612
6,1,2,321622,16,50,-1,NA,NA,NA,750,622
6,1,2,642622,16,50,0,NA,NA,0,750,622
6,1,2,963612,16,47,1,45,0,NA,840,612
6,1,2,1284612,16,50,-1,NA,NA,NA,640,612
6,1,2,1605622,16,50,1,0,0,NA,750,622
6,1,2,1926622,16,50,1,50,0,NA,1000,622
6,1,2,2247612,16,45,0,NA,NA,0,560,612
6,1,2,2568622,16,0,0,NA,NA,0,0,622
6,1,2,2889612,16,50,0,NA,NA,0,640,612
6,1,2,3210612,16,30,1,50,0,NA,590,612
6,1,2,321622,17,40,0,NA,NA,1,0,622
6,1,2,642622,17,5,1,50,0,NA,350,622
6,1,2,963612,17,48,-1,NA,NA,NA,630,612
6,1,2,1284612,17,50,0,NA,NA,0,660,612
6,1,2,1605622,17,50,1,40,1,NA,770,622
6,1,2,1926622,17,50,-1,NA,NA,NA,770,622
6,1,2,2247612,17,48,1,50,0,NA,880,612
6,1,2,2568622,17,50,0,NA,NA,0,770,622
6,1,2,2889612,17,50,0,NA,NA,0,660,612
6,1,2,3210612,17,21,1,50,0,NA,480,612
6,1,2,321622,18,40,1,50,0,NA,900,622
6,1,2,642622,18,50,0,NA,NA,0,800,622
6,1,2,963612,18,49,1,20,0,NA,890,612
6,1,2,1284612,18,50,1,49,0,NA,910,612
6,1,2,1605622,18,50,0,NA,NA,0,800,622
6,1,2,1926622,18,50,1,50,0,NA,1050,622
6,1,2,2247612,18,49,0,NA,NA,0,640,612
6,1,2,2568622,18,0,-1,NA,NA,NA,50,622
6,1,2,2889612,18,50,-1,NA,NA,NA,660,612
6,1,2,3210612,18,20,0,NA,NA,0,210,612
6,1,2,321622,19,40,0,NA,NA,1,0,622
6,1,2,642622,19,50,-1,NA,NA,NA,650,622
6,1,2,963612,19,50,-1,NA,NA,NA,590,612
6,1,2,1284612,19,50,0,NA,NA,1,0,612
6,1,2,1605622,19,50,1,40,1,NA,650,622
6,1,2,1926622,19,50,1,30,0,NA,900,622
6,1,2,2247612,19,50,1,31,0,NA,840,612
6,1,2,2568622,19,30,0,NA,NA,0,350,622
6,1,2,2889612,19,50,1,50,1,NA,590,612
6,1,2,3210612,19,31,0,NA,NA,0,310,612
6,1,2,321622,20,40,0,NA,NA,1,0,622
6,1,2,642622,20,50,-1,NA,NA,NA,670,622
6,1,2,963612,20,50,1,43,0,NA,780,612
6,1,2,1284612,20,50,-1,NA,NA,NA,530,612
6,1,2,1605622,20,50,1,40,1,NA,670,622
6,1,2,1926622,20,50,0,NA,NA,1,0,622
6,1,2,2247612,20,50,1,50,0,NA,780,612
6,1,2,2568622,20,25,1,50,1,NA,300,622
6,1,2,2889612,20,50,0,NA,NA,0,530,612
6,1,2,3210612,20,43,0,NA,NA,0,430,612
7,2,1,321711,1,35,NA,NA,NA,NA,980,711
7,2,1,642711,1,25,NA,NA,NA,NA,830,711
7,2,1,963711,1,24,NA,NA,NA,NA,810,711
7,2,1,1284711,1,25,NA,NA,NA,NA,830,711
7,2,1,1605711,1,0,NA,NA,NA,NA,450,711
7,2,1,1926721,1,0,NA,NA,NA,NA,870,721
7,2,1,2247721,1,10,NA,NA,NA,NA,1020,721
7,2,1,2568721,1,5,NA,NA,NA,NA,950,721
7,2,1,2889721,1,5,NA,NA,NA,NA,950,721
7,2,1,3210721,1,5,NA,NA,NA,NA,950,721
7,2,1,321711,2,40,NA,NA,NA,NA,1010,711
7,2,1,642711,2,25,NA,NA,NA,NA,790,711
7,2,1,963711,2,24,NA,NA,NA,NA,770,711
7,2,1,1284711,2,25,NA,NA,NA,NA,790,711
7,2,1,1605711,2,3,NA,NA,NA,NA,460,711
7,2,1,1926721,2,0,NA,NA,NA,NA,890,721
7,2,1,2247721,2,10,NA,NA,NA,NA,1040,721
7,2,1,2568721,2,8,NA,NA,NA,NA,1010,721
7,2,1,2889721,2,0,NA,NA,NA,NA,890,721
7,2,1,3210721,2,3,NA,NA,NA,NA,940,721
7,2,1,321711,3,25,NA,NA,NA,NA,1010,711
7,2,1,642711,3,20,NA,NA,NA,NA,940,711
7,2,1,963711,3,0,NA,NA,NA,NA,640,711
7,2,1,1284711,3,25,NA,NA,NA,NA,1010,711
7,2,1,1605711,3,2,NA,NA,NA,NA,670,711
7,2,1,1926721,3,0,NA,NA,NA,NA,890,721
7,2,1,2247721,3,10,NA,NA,NA,NA,1040,721
7,2,1,2568721,3,8,NA,NA,NA,NA,1010,721
7,2,1,2889721,3,0,NA,NA,NA,NA,890,721
7,2,1,3210721,3,3,NA,NA,NA,NA,940,721
7,2,1,321711,4,25,NA,NA,NA,NA,930,711
7,2,1,642711,4,18,NA,NA,NA,NA,830,711
7,2,1,963711,4,24,NA,NA,NA,NA,920,711
7,2,1,1284711,4,20,NA,NA,NA,NA,860,711
7,2,1,1605711,4,1,NA,NA,NA,NA,570,711
7,2,1,1926721,4,0,NA,NA,NA,NA,890,721
7,2,1,2247721,4,10,NA,NA,NA,NA,1040,721
7,2,1,2568721,4,8,NA,NA,NA,NA,1010,721
7,2,1,2889721,4,1,NA,NA,NA,NA,910,721
7,2,1,3210721,4,2,NA,NA,NA,NA,920,721
7,2,1,321711,5,35,NA,NA,NA,NA,1040,711
7,2,1,642711,5,15,NA,NA,NA,NA,740,711
7,2,1,963711,5,20,NA,NA,NA,NA,820,711
7,2,1,1284711,5,20,NA,NA,NA,NA,820,711
7,2,1,1605711,5,6,NA,NA,NA,NA,610,711
7,2,1,1926721,5,0,NA,NA,NA,NA,890,721
7,2,1,2247721,5,10,NA,NA,NA,NA,1040,721
7,2,1,2568721,5,8,NA,NA,NA,NA,1010,721
7,2,1,2889721,5,2,NA,NA,NA,NA,920,721
7,2,1,3210721,5,2,NA,NA,NA,NA,920,721
7,2,1,321711,6,25,NA,NA,NA,NA,900,711
7,2,1,642711,6,25,NA,NA,NA,NA,900,711
7,2,1,963711,6,20,NA,NA,NA,NA,820,711
7,2,1,1284711,6,25,NA,NA,NA,NA,900,711
7,2,1,1605711,6,0,NA,NA,NA,NA,520,711
7,2,1,1926721,6,0,NA,NA,NA,NA,890,721
7,2,1,2247721,6,10,NA,NA,NA,NA,1040,721
7,2,1,2568721,6,8,NA,NA,NA,NA,1010,721
7,2,1,2889721,6,0,NA,NA,NA,NA,890,721
7,2,1,3210721,6,3,NA,NA,NA,NA,940,721
7,2,1,321711,7,50,NA,NA,NA,NA,1220,711
7,2,1,642711,7,10,NA,NA,NA,NA,620,711
7,2,1,963711,7,20,NA,NA,NA,NA,770,711
7,2,1,1284711,7,25,NA,NA,NA,NA,840,711
7,2,1,1605711,7,1,NA,NA,NA,NA,480,711
7,2,1,1926721,7,0,NA,NA,NA,NA,900,721
7,2,1,2247721,7,10,NA,NA,NA,NA,1050,721
7,2,1,2568721,7,8,NA,NA,NA,NA,1020,721
7,2,1,2889721,7,0,NA,NA,NA,NA,900,721
7,2,1,3210721,7,2,NA,NA,NA,NA,930,721
7,2,1,321711,8,45,NA,NA,NA,NA,1070,711
7,2,1,642711,8,25,NA,NA,NA,NA,770,711
7,2,1,963711,8,24,NA,NA,NA,NA,750,711
7,2,1,1284711,8,25,NA,NA,NA,NA,770,711
7,2,1,1605711,8,2,NA,NA,NA,NA,420,711
7,2,1,1926721,8,0,NA,NA,NA,NA,900,721
7,2,1,2247721,8,10,NA,NA,NA,NA,1050,721
7,2,1,2568721,8,8,NA,NA,NA,NA,1020,721
7,2,1,2889721,8,0,NA,NA,NA,NA,900,721
7,2,1,3210721,8,1,NA,NA,NA,NA,920,721
7,2,1,321711,9,25,NA,NA,NA,NA,880,711
7,2,1,642711,9,25,NA,NA,NA,NA,880,711
7,2,1,963711,9,20,NA,NA,NA,NA,810,711
7,2,1,1284711,9,25,NA,NA,NA,NA,880,711
7,2,1,1605711,9,3,NA,NA,NA,NA,550,711
7,2,1,1926721,9,0,NA,NA,NA,NA,890,721
7,2,1,2247721,9,10,NA,NA,NA,NA,1040,721
7,2,1,2568721,9,8,NA,NA,NA,NA,1010,721
7,2,1,2889721,9,0,NA,NA,NA,NA,890,721
7,2,1,3210721,9,3,NA,NA,NA,NA,940,721
7,2,1,321711,10,25,NA,NA,NA,NA,890,711
7,2,1,642711,10,25,NA,NA,NA,NA,890,711
7,2,1,963711,10,20,NA,NA,NA,NA,810,711
7,2,1,1284711,10,25,NA,NA,NA,NA,890,711
7,2,1,1605711,10,2,NA,NA,NA,NA,540,711
7,2,1,1926721,10,0,NA,NA,NA,NA,890,721
7,2,1,2247721,10,10,NA,NA,NA,NA,1040,721
7,2,1,2568721,10,8,NA,NA,NA,NA,1010,721
7,2,1,2889721,10,0,NA,NA,NA,NA,890,721
7,2,1,3210721,10,4,NA,NA,NA,NA,950,721
7,2,1,321711,11,25,-1,NA,NA,NA,940,711
7,2,1,642711,11,25,1,25,0,NA,1190,711
7,2,1,963711,11,12,0,NA,NA,0,740,711
7,2,1,1284711,11,25,0,NA,NA,0,940,711
7,2,1,1605711,11,0,1,12,0,NA,810,711
7,2,1,1926721,11,0,0,NA,NA,0,960,721
7,2,1,2247721,11,0,1,0,0,NA,960,721
7,2,1,2568721,11,8,1,0,0,NA,1080,721
7,2,1,2889721,11,0,-1,NA,NA,NA,960,721
7,2,1,3210721,11,0,0,NA,NA,0,960,721
7,2,1,321711,12,20,1,25,0,NA,1130,711
7,2,1,642711,12,25,1,3,0,NA,1210,711
7,2,1,963711,12,10,-1,NA,NA,NA,730,711
7,2,1,1284711,12,25,0,NA,NA,0,960,711
7,2,1,1605711,12,3,0,NA,NA,0,630,711
7,2,1,1926721,12,0,-1,NA,NA,NA,890,721
7,2,1,2247721,12,10,0,NA,NA,0,1040,721
7,2,1,2568721,12,8,1,10,0,NA,1260,721
7,2,1,2889721,12,2,1,1,1,NA,920,721
7,2,1,3210721,12,1,0,NA,NA,1,0,721
7,2,1,321711,13,25,-1,NA,NA,NA,970,711
7,2,1,642711,13,25,0,NA,NA,0,970,711
7,2,1,963711,13,6,1,25,0,NA,930,711
7,2,1,1284711,13,25,1,0,0,NA,970,711
7,2,1,1605711,13,0,0,NA,NA,0,590,711
7,2,1,1926721,13,0,1,10,1,NA,900,721
7,2,1,2247721,13,10,0,NA,NA,1,0,721
7,2,1,2568721,13,8,0,NA,NA,0,1020,721
7,2,1,2889721,13,2,-1,NA,NA,NA,930,721
7,2,1,3210721,13,0,1,8,0,NA,1150,721
7,2,1,321711,14,30,0,NA,NA,0,990,711
7,2,1,642711,14,25,-1,NA,NA,NA,910,711
7,2,1,963711,14,12,1,0,0,NA,720,711
7,2,1,1284711,14,25,1,30,0,NA,1160,711
7,2,1,1605711,14,0,0,NA,NA,0,540,711
7,2,1,1926721,14,0,-1,NA,NA,NA,950,721
7,2,1,2247721,14,0,0,NA,NA,0,950,721
7,2,1,2568721,14,8,1,0,0,NA,1070,721
7,2,1,2889721,14,0,0,NA,NA,0,950,721
7,2,1,3210721,14,1,1,0,0,NA,970,721
7,2,1,321711,15,25,1,2,0,NA,1120,711
7,2,1,642711,15,25,0,NA,NA,0,870,711
7,2,1,963711,15,24,-1,NA,NA,NA,850,711
7,2,1,1284711,15,25,1,25,0,NA,1120,711
7,2,1,1605711,15,2,0,NA,NA,0,520,711
7,2,1,1926721,15,0,1,8,1,NA,950,721
7,2,1,2247721,15,0,1,1,0,NA,1200,721
7,2,1,2568721,15,8,0,NA,NA,1,0,721
7,2,1,2889721,15,1,-1,NA,NA,NA,960,721
7,2,1,3210721,15,1,0,NA,NA,0,960,721
7,2,1,321711,16,25,-1,NA,NA,NA,990,711
7,2,1,642711,16,25,1,1,0,NA,1240,711
7,2,1,963711,16,0,0,NA,NA,0,620,711
7,2,1,1284711,16,25,1,0,0,NA,990,711
7,2,1,1605711,16,1,0,NA,NA,0,630,711
7,2,1,1926721,16,0,0,NA,NA,0,900,721
7,2,1,2247721,16,10,-1,NA,NA,NA,1050,721
7,2,1,2568721,16,8,1,0,0,NA,1020,721
7,2,1,2889721,16,0,1,1,0,NA,1150,721
7,2,1,3210721,16,1,0,NA,NA,0,920,721
7,2,1,321711,17,20,1,25,0,NA,1200,711
7,2,1,642711,17,25,0,NA,NA,0,1020,711
7,2,1,963711,17,0,1,0,0,NA,650,711
7,2,1,1284711,17,25,-1,NA,NA,NA,1020,711
7,2,1,1605711,17,0,0,NA,NA,0,650,711
7,2,1,1926721,17,0,1,0,0,NA,950,721
7,2,1,2247721,17,0,0,NA,NA,0,950,721
7,2,1,2568721,17,8,1,1,0,NA,1320,721
7,2,1,2889721,17,1,0,NA,NA,0,960,721
7,2,1,3210721,17,1,-1,NA,NA,NA,960,721
7,2,1,321711,18,25,1,0,0,NA,890,711
7,2,1,642711,18,25,0,NA,NA,0,890,711
7,2,1,963711,18,0,0,NA,NA,0,510,711
7,2,1,1284711,18,25,1,25,0,NA,1140,711
7,2,1,1605711,18,22,-1,NA,NA,NA,840,711
7,2,1,1926721,18,0,0,NA,NA,0,900,721
7,2,1,2247721,18,10,1,1,1,NA,1050,721
7,2,1,2568721,18,8,1,0,0,NA,1020,721
7,2,1,2889721,18,1,-1,NA,NA,NA,910,721
7,2,1,3210721,18,1,0,NA,NA,1,0,721
7,2,1,321711,19,25,0,NA,NA,0,1000,711
7,2,1,642711,19,25,0,NA,NA,0,1000,711
7,2,1,963711,19,0,-1,NA,NA,NA,620,711
7,2,1,1284711,19,25,1,25,0,NA,1250,711
7,2,1,1605711,19,0,1,25,0,NA,870,711
7,2,1,1926721,19,0,0,NA,NA,0,910,721
7,2,1,2247721,19,10,1,8,1,NA,1060,721
7,2,1,2568721,19,8,0,NA,NA,1,0,721
7,2,1,2889721,19,0,-1,NA,NA,NA,910,721
7,2,1,3210721,19,0,1,0,0,NA,910,721
7,2,1,321711,20,15,0,NA,NA,0,900,711
7,2,1,642711,20,25,1,15,0,NA,1300,711
7,2,1,963711,20,0,0,NA,NA,0,670,711
7,2,1,1284711,20,25,-1,NA,NA,NA,1050,711
7,2,1,1605711,20,0,1,0,0,NA,670,711
7,2,1,1926721,20,0,1,1,1,NA,950,721
7,2,1,2247721,20,0,1,8,1,NA,950,721
7,2,1,2568721,20,8,0,NA,NA,1,0,721
7,2,1,2889721,20,1,0,NA,NA,1,0,721
7,2,1,3210721,20,0,-1,NA,NA,NA,950,721
7,2,2,321722,1,15,NA,NA,NA,NA,320,722
7,2,2,642722,1,25,NA,NA,NA,NA,470,722
7,2,2,963722,1,50,NA,NA,NA,NA,850,722
7,2,2,1284722,1,50,NA,NA,NA,NA,850,722
7,2,2,1605712,1,5,NA,NA,NA,NA,720,712
7,2,2,1926722,1,40,NA,NA,NA,NA,700,722
7,2,2,2247712,1,0,NA,NA,NA,NA,650,712
7,2,2,2568712,1,15,NA,NA,NA,NA,870,712
7,2,2,2889712,1,0,NA,NA,NA,NA,650,712
7,2,2,3210712,1,50,NA,NA,NA,NA,1400,712
7,2,2,321722,2,25,NA,NA,NA,NA,400,722
7,2,2,642722,2,30,NA,NA,NA,NA,470,722
7,2,2,963722,2,50,NA,NA,NA,NA,770,722
7,2,2,1284722,2,50,NA,NA,NA,NA,770,722
7,2,2,1605712,2,5,NA,NA,NA,NA,670,712
7,2,2,1926722,2,40,NA,NA,NA,NA,620,722
7,2,2,2247712,2,0,NA,NA,NA,NA,600,712
7,2,2,2568712,2,15,NA,NA,NA,NA,820,712
7,2,2,2889712,2,10,NA,NA,NA,NA,750,712
7,2,2,3210712,2,50,NA,NA,NA,NA,1350,712
7,2,2,321722,3,33,NA,NA,NA,NA,530,722
7,2,2,642722,3,20,NA,NA,NA,NA,330,722
7,2,2,963722,3,50,NA,NA,NA,NA,780,722
7,2,2,1284722,3,50,NA,NA,NA,NA,780,722
7,2,2,1605712,3,5,NA,NA,NA,NA,700,712
7,2,2,1926722,3,40,NA,NA,NA,NA,630,722
7,2,2,2247712,3,0,NA,NA,NA,NA,620,712
7,2,2,2568712,3,10,NA,NA,NA,NA,770,712
7,2,2,2889712,3,10,NA,NA,NA,NA,770,712
7,2,2,3210712,3,50,NA,NA,NA,NA,1370,712
7,2,2,321722,4,8,NA,NA,NA,NA,250,722
7,2,2,642722,4,25,NA,NA,NA,NA,510,722
7,2,2,963722,4,50,NA,NA,NA,NA,880,722
7,2,2,1284722,4,50,NA,NA,NA,NA,880,722
7,2,2,1605712,4,5,NA,NA,NA,NA,700,712
7,2,2,1926722,4,40,NA,NA,NA,NA,730,722
7,2,2,2247712,4,0,NA,NA,NA,NA,620,712
7,2,2,2568712,4,10,NA,NA,NA,NA,770,712
7,2,2,2889712,4,10,NA,NA,NA,NA,770,712
7,2,2,3210712,4,50,NA,NA,NA,NA,1370,712
7,2,2,321722,5,40,NA,NA,NA,NA,450,722
7,2,2,642722,5,40,NA,NA,NA,NA,450,722
7,2,2,963722,5,50,NA,NA,NA,NA,600,722
7,2,2,1284722,5,50,NA,NA,NA,NA,600,722
7,2,2,1605712,5,5,NA,NA,NA,NA,750,712
7,2,2,1926722,5,50,NA,NA,NA,NA,600,722
7,2,2,2247712,5,0,NA,NA,NA,NA,670,712
7,2,2,2568712,5,10,NA,NA,NA,NA,820,712
7,2,2,2889712,5,0,NA,NA,NA,NA,670,712
7,2,2,3210712,5,50,NA,NA,NA,NA,1420,712
7,2,2,321722,6,44,NA,NA,NA,NA,590,722
7,2,2,642722,6,30,NA,NA,NA,NA,380,722
7,2,2,963722,6,50,NA,NA,NA,NA,680,722
7,2,2,1284722,6,50,NA,NA,NA,NA,680,722
7,2,2,1605712,6,5,NA,NA,NA,NA,860,712
7,2,2,1926722,6,40,NA,NA,NA,NA,530,722
7,2,2,2247712,6,0,NA,NA,NA,NA,790,712
7,2,2,2568712,6,12,NA,NA,NA,NA,970,712
7,2,2,2889712,6,20,NA,NA,NA,NA,1090,712
7,2,2,3210712,6,5,NA,NA,NA,NA,860,712
7,2,2,321722,7,27,NA,NA,NA,NA,420,722
7,2,2,642722,7,20,NA,NA,NA,NA,310,722
7,2,2,963722,7,50,NA,NA,NA,NA,760,722
7,2,2,1284722,7,50,NA,NA,NA,NA,760,722
7,2,2,1605712,7,5,NA,NA,NA,NA,820,712
7,2,2,1926722,7,50,NA,NA,NA,NA,760,722
7,2,2,2247712,7,0,NA,NA,NA,NA,750,712
7,2,2,2568712,7,10,NA,NA,NA,NA,900,712
7,2,2,2889712,7,30,NA,NA,NA,NA,1200,712
7,2,2,3210712,7,5,NA,NA,NA,NA,820,712
7,2,2,321722,8,33,NA,NA,NA,NA,580,722
7,2,2,642722,8,10,NA,NA,NA,NA,230,722
7,2,2,963722,8,50,NA,NA,NA,NA,830,722
7,2,2,1284722,8,50,NA,NA,NA,NA,830,722
7,2,2,1605712,8,5,NA,NA,NA,NA,810,712
7,2,2,1926722,8,40,NA,NA,NA,NA,680,722
7,2,2,2247712,8,0,NA,NA,NA,NA,740,712
7,2,2,2568712,8,5,NA,NA,NA,NA,810,712
7,2,2,2889712,8,40,NA,NA,NA,NA,1340,712
7,2,2,3210712,8,2,NA,NA,NA,NA,770,712
7,2,2,321722,9,45,NA,NA,NA,NA,500,722
7,2,2,642722,9,40,NA,NA,NA,NA,420,722
7,2,2,963722,9,50,NA,NA,NA,NA,570,722
7,2,2,1284722,9,50,NA,NA,NA,NA,570,722
7,2,2,1605712,9,5,NA,NA,NA,NA,700,712
7,2,2,1926722,9,50,NA,NA,NA,NA,570,722
7,2,2,2247712,9,0,NA,NA,NA,NA,620,712
7,2,2,2568712,9,15,NA,NA,NA,NA,850,712
7,2,2,2889712,9,50,NA,NA,NA,NA,1370,712
7,2,2,3210712,9,5,NA,NA,NA,NA,700,712
7,2,2,321722,10,44,NA,NA,NA,NA,610,722
7,2,2,642722,10,25,NA,NA,NA,NA,330,722
7,2,2,963722,10,50,NA,NA,NA,NA,700,722
7,2,2,1284722,10,50,NA,NA,NA,NA,700,722
7,2,2,1605712,10,5,NA,NA,NA,NA,800,712
7,2,2,1926722,10,40,NA,NA,NA,NA,550,722
7,2,2,2247712,10,0,NA,NA,NA,NA,720,712
7,2,2,2568712,10,5,NA,NA,NA,NA,800,712
7,2,2,2889712,10,40,NA,NA,NA,NA,1320,712
7,2,2,3210712,10,5,NA,NA,NA,NA,800,712
7,2,2,321722,11,7,0,NA,NA,0,170,722
7,2,2,642722,11,30,1,7,0,NA,760,722
7,2,2,963722,11,50,1,50,1,NA,810,722
7,2,2,1284722,11,50,0,NA,NA,1,0,722
7,2,2,1605712,11,10,1,0,0,NA,1070,712
7,2,2,1926722,11,50,-1,NA,NA,NA,810,722
7,2,2,2247712,11,0,0,NA,NA,0,920,712
7,2,2,2568712,11,5,1,0,0,NA,1000,712
7,2,2,2889712,11,0,0,NA,NA,0,920,712
7,2,2,3210712,11,0,-1,NA,NA,NA,920,712
7,2,2,321722,12,42,0,NA,NA,1,0,722
7,2,2,642722,12,25,0,NA,NA,0,340,722
7,2,2,963722,12,50,1,42,1,NA,710,722
7,2,2,1284722,12,50,1,25,0,NA,960,722
7,2,2,1605712,12,10,-1,NA,NA,NA,1070,712
7,2,2,1926722,12,40,-1,NA,NA,NA,560,722
7,2,2,2247712,12,0,0,NA,NA,0,920,712
7,2,2,2568712,12,5,0,NA,NA,0,1000,712
7,2,2,2889712,12,0,1,5,0,NA,1170,712
7,2,2,3210712,12,0,1,0,0,NA,920,712
7,2,2,321722,13,26,-1,NA,NA,NA,360,722
7,2,2,642722,13,30,0,NA,NA,0,420,722
7,2,2,963722,13,50,0,NA,NA,0,720,722
7,2,2,1284722,13,50,1,50,0,NA,970,722
7,2,2,1605712,13,10,1,0,0,NA,1070,712
7,2,2,1926722,13,50,1,30,0,NA,970,722
7,2,2,2247712,13,0,1,0,0,NA,920,712
7,2,2,2568712,13,5,-1,NA,NA,NA,1000,712
7,2,2,2889712,13,0,0,NA,NA,0,920,712
7,2,2,3210712,13,0,0,NA,NA,0,920,712
7,2,2,321722,14,11,1,50,0,NA,480,722
7,2,2,642722,14,25,0,NA,NA,0,440,722
7,2,2,963722,14,50,-1,NA,NA,NA,820,722
7,2,2,1284722,14,50,0,NA,NA,0,820,722
7,2,2,1605712,14,10,0,NA,NA,0,1050,712
7,2,2,1926722,14,50,1,25,0,NA,1070,722
7,2,2,2247712,14,0,-1,NA,NA,NA,900,712
7,2,2,2568712,14,5,0,NA,NA,0,970,712
7,2,2,2889712,14,0,1,10,0,NA,1150,712
7,2,2,3210712,14,5,1,5,0,NA,1220,712
7,2,2,321722,15,11,0,NA,NA,1,0,722
7,2,2,642722,15,20,-1,NA,NA,NA,390,722
7,2,2,963722,15,50,1,11,1,NA,840,722
7,2,2,1284722,15,50,1,50,0,NA,1090,722
7,2,2,1605712,15,10,-1,NA,NA,NA,1050,712
7,2,2,1926722,15,50,0,NA,NA,0,840,722
7,2,2,2247712,15,0,1,5,0,NA,1150,712
7,2,2,2568712,15,5,0,NA,NA,0,970,712
7,2,2,2889712,15,0,1,5,0,NA,1150,712
7,2,2,3210712,15,5,0,NA,NA,0,970,712
7,2,2,321722,16,11,1,50,0,NA,460,722
7,2,2,642722,16,30,-1,NA,NA,NA,490,722
7,2,2,963722,16,50,0,NA,NA,0,790,722
7,2,2,1284722,16,50,0,NA,NA,0,790,722
7,2,2,1605712,16,10,1,0,0,NA,1060,712
7,2,2,1926722,16,50,1,50,0,NA,1040,722
7,2,2,2247712,16,0,-1,NA,NA,NA,910,712
7,2,2,2568712,16,2,0,NA,NA,0,940,712
7,2,2,2889712,16,0,0,NA,NA,0,910,712
7,2,2,3210712,16,5,1,2,0,NA,1240,712
7,2,2,321722,17,8,0,NA,NA,0,200,722
7,2,2,642722,17,25,0,NA,NA,1,0,722
7,2,2,963722,17,50,1,25,1,NA,830,722
7,2,2,1284722,17,50,1,8,0,NA,1080,722
7,2,2,1605712,17,10,0,NA,NA,0,1060,712
7,2,2,1926722,17,50,-1,NA,NA,NA,830,722
7,2,2,2247712,17,0,-1,NA,NA,NA,910,712
7,2,2,2568712,17,2,1,10,0,NA,1190,712
7,2,2,2889712,17,0,1,5,0,NA,1160,712
7,2,2,3210712,17,5,0,NA,NA,0,990,712
7,2,2,321722,18,20,1,50,0,NA,570,722
7,2,2,642722,18,25,0,NA,NA,0,400,722
7,2,2,963722,18,50,-1,NA,NA,NA,770,722
7,2,2,1284722,18,50,0,NA,NA,0,770,722
7,2,2,1605712,18,10,-1,NA,NA,NA,1050,712
7,2,2,1926722,18,50,1,25,0,NA,1020,722
7,2,2,2247712,18,0,0,NA,NA,0,900,712
7,2,2,2568712,18,5,1,0,0,NA,970,712
7,2,2,2889712,18,0,1,5,0,NA,1150,712
7,2,2,3210712,18,5,0,NA,NA,0,970,712
7,2,2,321722,19,0,1,50,0,NA,320,722
7,2,2,642722,19,35,0,NA,NA,0,600,722
7,2,2,963722,19,50,-1,NA,NA,NA,820,722
7,2,2,1284722,19,50,1,35,0,NA,1070,722
7,2,2,1605712,19,10,-1,NA,NA,NA,1060,712
7,2,2,1926722,19,50,0,NA,NA,0,820,722
7,2,2,2247712,19,0,1,2,0,NA,1160,712
7,2,2,2568712,19,2,0,NA,NA,0,940,712
7,2,2,2889712,19,0,1,5,0,NA,1160,712
7,2,2,3210712,19,5,0,NA,NA,0,990,712
7,2,2,321722,20,0,0,NA,NA,0,100,722
7,2,2,642722,20,30,1,0,0,NA,550,722
7,2,2,963722,20,50,1,50,1,NA,850,722
7,2,2,1284722,20,50,-1,NA,NA,NA,850,722
7,2,2,1605712,20,10,0,NA,NA,0,1050,712
7,2,2,1926722,20,50,0,NA,NA,1,0,722
7,2,2,2247712,20,0,-1,NA,NA,NA,900,712
7,2,2,2568712,20,5,1,10,0,NA,1220,712
7,2,2,2889712,20,0,1,5,0,NA,1150,712
7,2,2,3210712,20,5,0,NA,NA,0,970,712
